seans_no,kullanici_id,timestamp,tarih_saat,frame,tahmin,guven_pct,kol_genlik_L,kol_genlik_R,kol_asimetri,adim_uzunlugu_cm,govde_egimi,kol_genlik_L_ort,kol_genlik_R_ort,kol_asimetri_ort,adim_uzunlugu_ort,adim_varyabilite,kadans_spm,kadans_varyabilite,govde_egimi_ort,yuruyus_hizi_cms,fog_skoru,tremor_hz_L,tremor_hz_R
1,hasta_001,1780003469.890,2026-05-29 00:24:29,1,Veri Toplaniyor...,0.0,114.5955,113.4586,0.9970,12.3438,1.8245,,,,,,,,,,,,
1,hasta_001,1780003470.047,2026-05-29 00:24:30,2,Veri Toplaniyor...,0.0,109.7335,102.7769,6.5471,11.9994,2.0154,,,,,,,,,,,,
1,hasta_001,1780003470.097,2026-05-29 00:24:30,3,Veri Toplaniyor...,0.0,106.3803,98.4306,7.7630,11.8402,2.0500,,,,,,,,,,,,
1,hasta_001,1780003470.143,2026-05-29 00:24:30,4,Veri Toplaniyor...,0.0,103.8551,88.4694,15.9997,11.6953,2.1603,,,,,,,,,,,,
1,hasta_001,1780003470.183,2026-05-29 00:24:30,5,Veri Toplaniyor...,0.0,100.3529,82.3316,19.7294,11.5317,2.1292,,,,,,,,,,,,
1,hasta_001,1780003470.238,2026-05-29 00:24:30,6,Veri Toplaniyor...,0.0,95.5003,77.5133,20.7926,11.3375,2.0160,,,,,,,,,,,,
1,hasta_001,1780003470.269,2026-05-29 00:24:30,7,Veri Toplaniyor...,0.0,88.0258,74.9549,16.0398,11.1824,1.8086,,,,,,,,,,,,
1,hasta_001,1780003470.293,2026-05-29 00:24:30,8,Veri Toplaniyor...,0.0,83.4846,74.7208,11.0789,11.0537,1.6385,,,,,,,,,,,,
1,hasta_001,1780003470.873,2026-05-29 00:24:30,9,Veri Toplaniyor...,0.0,10.0625,47.2316,129.7486,20.9309,4.3410,,,,,,,,,,,,
1,hasta_001,1780003470.919,2026-05-29 00:24:30,10,Veri Toplaniyor...,0.0,11.2024,46.0307,121.7066,21.5117,4.5188,,,,,,,,,,,,
1,hasta_001,1780003470.947,2026-05-29 00:24:30,11,Veri Toplaniyor...,0.0,18.3039,45.4405,85.1420,22.6767,4.6264,,,,,,,,,,,,
1,hasta_001,1780003470.983,2026-05-29 00:24:30,12,Veri Toplaniyor...,0.0,30.0574,44.7931,39.3736,24.8332,4.7402,,,,,,,,,,,,
1,hasta_001,1780003471.034,2026-05-29 00:24:31,13,Veri Toplaniyor...,0.0,34.1826,44.7634,26.8051,27.3774,4.9006,,,,,,,,,,,,
1,hasta_001,1780003471.085,2026-05-29 00:24:31,14,Veri Toplaniyor...,0.0,38.1466,46.0923,18.8647,29.4487,5.0092,,,,,,,,,,,,
1,hasta_001,1780003471.107,2026-05-29 00:24:31,15,Veri Toplaniyor...,0.0,38.3604,46.4791,19.1390,30.6627,5.0386,,,,,,,,,,,,
1,hasta_001,1780003471.137,2026-05-29 00:24:31,16,Veri Toplaniyor...,0.0,39.2484,46.8801,17.7216,31.6396,5.0556,,,,,,,,,,,,
1,hasta_001,1780003471.173,2026-05-29 00:24:31,17,Veri Toplaniyor...,0.0,37.5015,46.8682,22.2039,32.2454,5.0930,,,,,,,,,,,,
1,hasta_001,1780003471.217,2026-05-29 00:24:31,18,Veri Toplaniyor...,0.0,37.1806,47.3385,24.0370,32.7273,5.1077,,,,,,,,,,,,
1,hasta_001,1780003471.246,2026-05-29 00:24:31,19,Veri Toplaniyor...,0.0,39.5438,47.8326,18.9726,33.1059,5.0917,,,,,,,,,,,,
1,hasta_001,1780003471.271,2026-05-29 00:24:31,20,NORMAL,71.8,42.4657,48.3840,13.0289,33.5457,5.0581,58.9092,63.5395,31.7846,21.6845,8.9434,0.0000,0.0000,3.7112,0.0500,0.0000,0.0000,0.0000
1,hasta_001,1780003471.334,2026-05-29 00:24:31,21,NORMAL,72.5,44.6198,48.1802,7.6734,33.8016,5.0283,58.2287,62.8081,30.6364,22.2615,9.1014,0.0000,0.0000,3.7739,0.0480,0.0000,0.0000,0.0000
1,hasta_001,1780003471.386,2026-05-29 00:24:31,22,NORMAL,73.0,47.7573,48.7002,1.9550,34.1785,5.0026,57.7528,62.1668,29.3327,22.8032,9.2321,0.0000,0.0000,3.8297,0.0495,0.0000,0.0000,0.0000
1,hasta_001,1780003471.425,2026-05-29 00:24:31,23,NORMAL,73.5,49.9443,49.0417,1.8238,34.6434,4.9562,57.4133,61.5962,28.1367,23.3179,9.3465,0.0000,0.0000,3.8787,0.0545,0.0000,0.0000,0.0000
1,hasta_001,1780003471.465,2026-05-29 00:24:31,24,NORMAL,73.5,48.3352,49.1582,1.6882,34.9562,4.9633,57.0350,61.0779,27.0347,23.8029,9.4406,0.0000,0.0000,3.9239,0.0536,0.0000,0.0000,0.0000
1,hasta_001,1780003471.501,2026-05-29 00:24:31,25,NORMAL,73.0,46.5062,49.1130,5.4525,35.3439,4.9974,56.6139,60.5993,26.1714,24.2645,9.5223,0.0000,0.0000,3.9668,0.0532,0.0000,0.0000,0.0000
1,hasta_001,1780003471.548,2026-05-29 00:24:31,26,NORMAL,73.0,46.4942,49.1033,5.4585,35.6690,5.0264,56.2246,60.1572,25.3747,24.7031,9.5915,0.0000,0.0000,4.0076,0.0559,0.0000,0.0000,0.0000
1,hasta_001,1780003471.580,2026-05-29 00:24:31,27,NORMAL,73.5,47.6033,49.3639,3.6312,35.8944,5.0336,55.9053,59.7574,24.5694,25.1176,9.6466,0.0000,0.0000,4.0456,0.0558,0.0000,0.0000,0.0000
1,hasta_001,1780003471.637,2026-05-29 00:24:31,28,NORMAL,73.5,49.8040,49.7757,0.0567,36.3903,4.9893,55.6874,59.4009,23.6940,25.5202,9.7010,0.0000,0.0000,4.0793,0.0594,0.0000,0.0000,0.0000
1,hasta_001,1780003471.690,2026-05-29 00:24:31,29,NORMAL,73.5,51.5416,49.9385,3.1594,36.5115,4.9477,55.5445,59.0746,22.9859,25.8992,9.7410,0.0000,0.0000,4.1092,0.0582,0.0000,0.0000,0.0000
1,hasta_001,1780003472.253,2026-05-29 00:24:32,30,NORMAL,73.0,54.9412,50.7710,7.8897,37.8604,4.7736,55.5244,58.7979,22.4827,26.2979,9.8150,0.0000,0.0000,4.1314,0.0458,0.0000,0.0000,0.0000
1,hasta_001,1780003472.319,2026-05-29 00:24:32,31,NORMAL,73.0,55.0408,51.1433,7.3411,38.0030,4.7728,55.5088,58.5509,21.9942,26.6755,9.8744,0.0000,0.0000,4.1521,0.0461,0.0000,0.0000,0.0000
1,hasta_001,1780003472.351,2026-05-29 00:24:32,32,NORMAL,73.0,54.9004,51.3769,6.6308,38.1062,4.7761,55.4897,58.3268,21.5141,27.0327,9.9203,0.0000,0.0000,4.1716,0.0468,0.0000,0.0000,0.0000
1,hasta_001,1780003472.382,2026-05-29 00:24:32,33,NORMAL,73.0,54.5609,51.5928,5.5920,38.1813,4.7900,55.4616,58.1227,21.0316,27.3706,9.9540,0.0000,0.0000,4.1903,0.0472,0.0000,0.0000,0.0000
1,hasta_001,1780003472.416,2026-05-29 00:24:32,34,NORMAL,73.0,54.1834,51.8213,4.4567,38.2952,4.8215,55.4240,57.9374,20.5441,27.6919,9.9787,0.0000,0.0000,4.2089,0.0472,0.0000,0.0000,0.0000
1,hasta_001,1780003472.472,2026-05-29 00:24:32,35,NORMAL,74.0,53.6661,51.9148,3.3174,38.5715,4.8592,55.3738,57.7653,20.0519,28.0027,10.0007,0.0000,0.0000,4.2275,0.0473,0.0000,0.0000,0.0000
1,hasta_001,1780003472.508,2026-05-29 00:24:32,36,NORMAL,74.5,51.9627,52.0624,0.1917,38.8933,4.9104,55.2790,57.6069,19.5003,28.3052,10.0220,0.0000,0.0000,4.2464,0.0468,0.0000,0.0000,0.0000
1,hasta_001,1780003472.539,2026-05-29 00:24:32,37,NORMAL,74.5,51.3618,52.1858,1.5916,39.1336,4.9542,55.1732,57.4604,19.0162,28.5979,10.0403,0.0000,0.0000,4.2656,0.0469,0.0000,0.0000,0.0000
1,hasta_001,1780003472.592,2026-05-29 00:24:32,38,NORMAL,74.5,51.1659,52.4686,2.5141,39.6006,5.0264,55.0677,57.3290,18.5820,28.8874,10.0627,0.0000,0.0000,4.2856,0.0462,0.0000,0.0000,0.0000
1,hasta_001,1780003472.661,2026-05-29 00:24:32,39,NORMAL,74.0,50.0776,52.5371,4.7935,39.8177,5.0847,54.9398,57.2061,18.2284,29.1677,10.0820,0.0000,0.0000,4.3061,0.0454,0.0000,0.0000,0.0000
1,hasta_001,1780003472.710,2026-05-29 00:24:32,40,NORMAL,74.0,50.3728,52.7865,4.6794,39.8494,5.0990,54.8256,57.0956,17.8897,29.4348,10.0939,0.0000,0.0000,4.3259,0.0454,0.0000,0.0000,0.0000
1,hasta_001,1780003472.758,2026-05-29 00:24:32,41,NORMAL,74.5,50.8836,52.6566,3.4246,40.0446,5.1200,54.7294,56.9874,17.5369,29.6935,10.1034,0.0000,0.0000,4.3453,0.0454,0.0000,0.0000,0.0000
1,hasta_001,1780003472.810,2026-05-29 00:24:32,42,NORMAL,74.5,51.2391,52.5801,2.5832,40.1966,5.1651,54.6463,56.8824,17.1809,29.9436,10.1101,0.0000,0.0000,4.3648,0.0451,0.0000,0.0000,0.0000
1,hasta_001,1780003472.854,2026-05-29 00:24:32,43,NORMAL,74.5,51.4406,52.4775,1.9958,40.4736,5.2144,54.5718,56.7800,16.8277,30.1885,10.1171,0.0000,0.0000,4.3845,0.0455,0.0000,0.0000,0.0000
1,hasta_001,1780003472.920,2026-05-29 00:24:32,44,NORMAL,74.5,51.8259,52.5223,1.3347,40.8260,5.2819,54.5094,56.6832,16.4756,30.4302,10.1263,0.0000,0.0000,4.4049,0.0451,0.0000,0.0000,0.0000
1,hasta_001,1780003472.954,2026-05-29 00:24:32,45,NORMAL,74.5,51.8934,52.6264,1.4025,40.9765,5.3152,54.4512,56.5931,16.1406,30.6646,10.1331,0.0000,0.0000,4.4252,0.0450,0.0000,0.0000,0.0000
1,hasta_001,1780003473.013,2026-05-29 00:24:33,46,NORMAL,74.5,52.1875,52.7108,0.9977,41.2467,5.3446,54.4020,56.5087,15.8114,30.8947,10.1405,0.0000,0.0000,4.4452,0.0458,0.0000,0.0000,0.0000
1,hasta_001,1780003473.048,2026-05-29 00:24:33,47,NORMAL,74.5,52.4312,52.6496,0.4156,41.4075,5.3637,54.3601,56.4266,15.4839,31.1183,10.1461,0.0000,0.0000,4.4647,0.0458,0.0000,0.0000,0.0000
1,hasta_001,1780003473.089,2026-05-29 00:24:33,48,NORMAL,74.5,52.9062,52.5465,0.6821,41.3324,5.3953,54.3298,56.3457,15.1755,31.3311,10.1453,0.0000,0.0000,4.4841,0.0452,0.0000,0.0000,0.0000
1,hasta_001,1780003473.155,2026-05-29 00:24:33,49,NORMAL,74.5,53.1602,52.2782,1.6731,41.2810,5.4146,54.3059,56.2627,14.8999,31.5342,10.1393,0.0000,0.0000,4.5031,0.0450,0.0000,0.0000,0.0000
1,hasta_001,1780003473.218,2026-05-29 00:24:33,50,NORMAL,74.5,53.6513,52.2029,2.7366,41.4545,5.4196,54.2928,56.1815,14.6567,31.7326,10.1330,0.0000,0.0000,4.5214,0.0443,0.0000,0.0000,0.0000
1,hasta_001,1780003473.273,2026-05-29 00:24:33,51,NORMAL,74.5,51.0639,51.7103,1.2578,41.5273,5.4576,54.2295,56.0938,14.3940,31.9246,10.1247,0.0000,0.0000,4.5398,0.0440,0.0000,0.0000,0.0000
1,hasta_001,1780003473.343,2026-05-29 00:24:33,52,NORMAL,74.5,50.7775,51.9483,2.2796,41.4920,5.5453,54.1631,56.0141,14.1610,32.1086,10.1126,0.0000,0.0000,4.5591,0.0437,0.0000,0.0000,0.0000
1,hasta_001,1780003473.375,2026-05-29 00:24:33,53,NORMAL,74.5,50.9087,52.0880,2.2899,41.7234,5.5832,54.1017,55.9400,13.9370,32.2900,10.1018,0.0000,0.0000,4.5784,0.0440,0.0000,0.0000,0.0000
1,hasta_001,1780003473.407,2026-05-29 00:24:33,54,NORMAL,74.5,51.2424,52.1601,1.7749,41.8693,5.6168,54.0488,55.8700,13.7118,32.4674,10.0908,0.0000,0.0000,4.5976,0.0444,0.0000,0.0000,0.0000
1,hasta_001,1780003473.461,2026-05-29 00:24:33,55,NORMAL,74.5,51.9514,52.0836,0.2541,41.9738,5.6428,54.0107,55.8012,13.4671,32.6403,10.0790,0.0000,0.0000,4.6167,0.0447,0.0000,0.0000,0.0000
1,hasta_001,1780003473.507,2026-05-29 00:24:33,56,NORMAL,74.5,52.6310,52.2672,0.6936,41.9388,5.6622,53.9860,55.7381,13.2390,32.8063,10.0642,0.0000,0.0000,4.6353,0.0447,0.0000,0.0000,0.0000
1,hasta_001,1780003473.568,2026-05-29 00:24:33,57,NORMAL,74.5,51.4555,52.4801,1.9717,41.9107,5.7041,53.9416,55.6809,13.0413,32.9661,10.0469,0.0000,0.0000,4.6541,0.0436,0.0000,0.0000,0.0000
1,hasta_001,1780003473.608,2026-05-29 00:24:33,58,NORMAL,74.5,50.8670,52.2655,2.7121,42.0876,5.7354,53.8886,55.6221,12.8632,33.1233,10.0304,0.0000,0.0000,4.6727,0.0442,0.0000,0.0000,0.0000
1,hasta_001,1780003473.642,2026-05-29 00:24:33,59,NORMAL,74.5,50.5771,51.9594,2.6963,42.0712,5.7520,53.8325,55.5600,12.6909,33.2750,10.0119,0.0000,0.0000,4.6910,0.0438,0.0000,0.0000,0.0000
1,hasta_001,1780003473.696,2026-05-29 00:24:33,60,NORMAL,74.5,51.3168,51.4921,0.3409,42.0793,5.7424,53.7906,55.4922,12.4851,33.4217,9.9919,0.0000,0.0000,4.7085,0.0434,0.0000,0.0000,0.0000
1,hasta_001,1780003473.751,2026-05-29 00:24:33,61,NORMAL,74.5,52.0712,51.3995,1.2984,41.9971,5.7373,53.7624,55.4251,12.3017,33.5623,9.9693,0.0000,0.0000,4.7254,0.0429,0.0000,0.0000,0.0000
1,hasta_001,1780003473.805,2026-05-29 00:24:33,62,NORMAL,74.5,53.1216,51.6674,2.7754,42.0105,5.7382,53.7520,55.3645,12.1480,33.6986,9.9457,0.0000,0.0000,4.7417,0.0426,0.0000,0.0000,0.0000
1,hasta_001,1780003473.856,2026-05-29 00:24:33,63,NORMAL,74.5,53.4470,51.9023,2.9324,41.9918,5.7333,53.7472,55.3095,12.0018,33.8302,9.9207,0.0000,0.0000,4.7575,0.0428,0.0000,0.0000,0.0000
1,hasta_001,1780003473.907,2026-05-29 00:24:33,64,NORMAL,74.5,53.7886,52.2420,2.9172,41.9851,5.7442,53.7478,55.2616,11.8598,33.9576,9.8947,0.0000,0.0000,4.7729,0.0422,0.0000,0.0000,0.0000
1,hasta_001,1780003473.950,2026-05-29 00:24:33,65,NORMAL,74.5,54.0870,52.3844,3.1982,41.9637,5.7498,53.7531,55.2173,11.7266,34.0808,9.8676,0.0000,0.0000,4.7879,0.0425,0.0000,0.0000,0.0000
1,hasta_001,1780003474.052,2026-05-29 00:24:34,66,NORMAL,74.5,53.2464,52.7330,0.9689,41.8090,5.7453,53.7454,55.1797,11.5636,34.1979,9.8380,0.0000,0.0000,4.8024,0.0413,0.0000,0.0000,0.0000
1,hasta_001,1780003474.113,2026-05-29 00:24:34,67,NORMAL,74.5,53.3777,52.9547,0.7957,41.7301,5.7325,53.7399,55.1465,11.4029,34.3103,9.8069,0.0000,0.0000,4.8163,0.0406,0.0000,0.0000,0.0000
1,hasta_001,1780003474.151,2026-05-29 00:24:34,68,NORMAL,74.5,53.7757,52.8135,1.8054,41.8274,5.7439,53.7404,55.1122,11.2617,34.4208,9.7765,0.0000,0.0000,4.8299,0.0403,0.0000,0.0000,0.0000
1,hasta_001,1780003474.197,2026-05-29 00:24:34,69,NORMAL,74.5,53.9977,52.8354,2.1759,41.9046,5.7896,53.7441,55.0792,11.1300,34.5293,9.7465,0.0000,0.0000,4.8439,0.0400,0.0000,0.0000,0.0000
1,hasta_001,1780003474.242,2026-05-29 00:24:34,70,NORMAL,74.5,53.7169,52.9566,1.4254,41.6994,5.8834,53.7438,55.0488,10.9914,34.6317,9.7140,0.0000,0.0000,4.8587,0.0394,0.0000,0.0000,0.0000
1,hasta_001,1780003474.288,2026-05-29 00:24:34,71,NORMAL,74.5,53.8420,52.5916,2.3496,41.6658,6.0002,53.7451,55.0142,10.8697,34.7308,9.6809,0.0000,0.0000,4.8748,0.0388,0.0000,0.0000,0.0000
1,hasta_001,1780003474.344,2026-05-29 00:24:34,72,NORMAL,74.0,54.1048,52.2332,3.5201,41.5142,6.1464,53.7501,54.9756,10.7676,34.8250,9.6462,0.0000,0.0000,4.8924,0.0385,0.0000,0.0000,0.0000
1,hasta_001,1780003474.428,2026-05-29 00:24:34,73,NORMAL,73.5,52.9715,52.1644,1.5354,41.4774,6.2951,53.7395,54.9371,10.6411,34.9162,9.6110,0.0000,0.0000,4.9117,0.0377,0.0000,0.0000,0.0000
1,hasta_001,1780003474.470,2026-05-29 00:24:34,74,NORMAL,68.2,50.5208,51.8747,2.6444,41.2487,6.4173,53.6960,54.8957,10.5331,35.0017,9.5738,0.0000,0.0000,4.9320,0.0372,0.0000,0.0000,0.0000
1,hasta_001,1780003474.516,2026-05-29 00:24:34,75,NORMAL,67.2,48.3852,51.9448,7.0958,40.9883,6.4334,53.6252,54.8564,10.4872,35.0815,9.5345,0.0000,0.0000,4.9520,0.0370,0.0000,0.0000,0.0000
1,hasta_001,1780003474.563,2026-05-29 00:24:34,76,NORMAL,72.3,46.3660,52.3587,12.1403,40.5814,6.3210,53.5297,54.8235,10.5090,35.1539,9.4923,0.0000,0.0000,4.9700,0.0365,0.0000,0.0000,0.0000
1,hasta_001,1780003474.608,2026-05-29 00:24:34,77,NORMAL,61.3,42.7573,52.9081,21.2215,40.1705,6.2447,53.3897,54.7986,10.6481,35.2191,9.4476,0.0000,0.0000,4.9866,0.0361,0.0000,0.0000,0.0000
1,hasta_001,1780003474.656,2026-05-29 00:24:34,78,NORMAL,59.9,41.9145,53.1569,23.6505,39.6648,6.0907,53.2426,54.7776,10.8148,35.2761,9.4001,0.0000,0.0000,5.0007,0.0357,0.0000,0.0000,0.0000
1,hasta_001,1780003474.708,2026-05-29 00:24:34,79,NORMAL,58.9,40.0596,52.6661,27.1909,38.9290,5.9495,53.0758,54.7509,11.0221,35.3223,9.3494,0.0000,0.0000,5.0128,0.0353,0.0000,0.0000,0.0000
1,hasta_001,1780003474.777,2026-05-29 00:24:34,80,NORMAL,57.4,37.1407,51.8827,33.1194,38.0676,5.8531,52.8766,54.7150,11.2983,35.3566,9.2957,0.0000,0.0000,5.0233,0.0348,0.0000,0.0000,0.0000
1,hasta_001,1780003474.859,2026-05-29 00:24:34,81,NORMAL,57.4,35.3326,51.4321,37.1107,37.3676,5.8316,52.6600,54.6745,11.6170,35.3814,9.2409,47.8369,0.0375,5.0332,0.0343,0.0000,0.0000,0.0000
1,hasta_001,1780003474.930,2026-05-29 00:24:34,82,NORMAL,57.4,36.3117,51.3222,34.2575,37.1301,5.8688,52.4606,54.6336,11.8931,35.4028,9.1863,47.8369,0.0375,5.0434,0.0338,0.0000,0.0000,0.0000
1,hasta_001,1780003475.017,2026-05-29 00:24:35,83,NORMAL,57.9,37.9505,51.0808,29.4959,37.1580,5.8906,52.2858,54.5908,12.1052,35.4239,9.1328,47.8369,0.0375,5.0536,0.0331,0.0000,0.0000,0.0000
1,hasta_001,1780003475.096,2026-05-29 00:24:35,84,NORMAL,60.9,40.9450,51.2929,22.4374,37.3519,5.9386,52.1508,54.5515,12.2282,35.4469,9.0807,47.8369,0.0375,5.0642,0.0331,0.0000,0.0000,0.0000
1,hasta_001,1780003475.168,2026-05-29 00:24:35,85,NORMAL,64.3,43.0830,51.1858,17.1908,37.4193,6.0563,52.0441,54.5119,12.2866,35.4701,9.0297,63.8955,0.4468,5.0758,0.0326,0.0000,0.0000,0.0000
1,hasta_001,1780003475.236,2026-05-29 00:24:35,86,NORMAL,72.5,46.0819,50.8404,9.8192,37.3238,6.1476,51.9748,54.4692,12.2579,35.4916,8.9792,63.8955,0.4468,5.0883,0.0324,0.0000,0.0000,0.0000
1,hasta_001,1780003475.295,2026-05-29 00:24:35,87,NORMAL,72.5,49.2722,51.0133,3.4722,37.0935,6.2453,51.9437,54.4295,12.1569,35.5100,8.9291,63.8955,0.4468,5.1016,0.0320,0.0000,0.0000,0.0000
1,hasta_001,1780003475.344,2026-05-29 00:24:35,88,NORMAL,72.5,51.6675,51.3837,0.5509,36.7627,6.2766,51.9406,54.3949,12.0250,35.5243,8.8792,63.8955,0.4468,5.1150,0.0322,0.0000,0.0000,0.0000
1,hasta_001,1780003475.385,2026-05-29 00:24:35,89,NORMAL,72.0,51.1050,51.5120,0.7932,36.2600,6.3552,51.9312,54.3625,11.8988,35.5325,8.8295,63.8955,0.4468,5.1289,0.0299,0.0000,0.0000,0.0000
1,hasta_001,1780003475.431,2026-05-29 00:24:35,90,NORMAL,68.7,50.3704,51.2995,1.8276,35.8421,6.4004,51.9138,54.3285,11.7869,35.5360,8.7804,63.8955,0.4468,5.1430,0.0296,0.0000,0.0000,0.0000
1,hasta_001,1780003475.479,2026-05-29 00:24:35,91,NORMAL,66.2,48.7853,51.2298,4.8883,35.3896,6.4420,51.8795,54.2944,11.7111,35.5344,8.7320,76.7291,0.4730,5.1573,0.0292,0.0000,0.0000,0.0000
1,hasta_001,1780003475.524,2026-05-29 00:24:35,92,NORMAL,66.2,47.1885,51.0748,7.9101,35.0325,6.4858,51.8285,54.2594,11.6698,35.5289,8.6846,76.7291,0.4730,5.1717,0.0289,0.0000,0.0000,0.0000
1,hasta_001,1780003475.571,2026-05-29 00:24:35,93,NORMAL,66.0,46.4525,51.3645,10.0432,34.8798,6.5037,51.7707,54.2283,11.6523,35.5219,8.6380,76.7291,0.4730,5.1861,0.0287,0.0000,0.0000,0.0000
1,hasta_001,1780003475.753,2026-05-29 00:24:35,94,NORMAL,65.8,44.6223,51.2491,13.8243,34.8134,6.4036,51.6946,54.1966,11.6754,35.5144,8.5923,76.7291,0.4730,5.1990,0.0278,0.0000,0.0000,0.0000
1,hasta_001,1780003475.788,2026-05-29 00:24:35,95,NORMAL,71.3,44.8189,51.1259,13.1470,34.9368,6.2903,51.6222,54.1643,11.6909,35.5083,8.5471,76.7291,0.4730,5.2105,0.0279,0.0000,0.0000,0.0000
1,hasta_001,1780003475.834,2026-05-29 00:24:35,96,NORMAL,72.3,44.2862,50.7769,13.6556,34.8462,5.9548,51.5458,54.1290,11.7114,35.5014,8.5028,76.7291,0.4730,5.2182,0.0276,0.0000,0.0000,0.0000
1,hasta_001,1780003475.864,2026-05-29 00:24:35,97,NORMAL,71.8,43.5353,50.7719,15.3468,34.8223,5.6373,51.4632,54.0944,11.7488,35.4944,8.4591,76.7291,0.4730,5.2226,0.0272,0.0000,0.0000,0.0000
1,hasta_001,1780003475.900,2026-05-29 00:24:35,98,NORMAL,64.8,41.9386,50.7120,18.9386,34.5219,5.1496,51.3661,54.0599,11.8222,35.4845,8.4164,76.7291,0.4730,5.2218,0.0270,0.0000,0.0000,0.0000
1,hasta_001,1780003475.942,2026-05-29 00:24:35,99,NORMAL,59.6,43.2614,55.3170,24.4589,30.8118,4.6037,51.2842,54.0726,11.9498,35.4373,8.3868,83.5253,0.4418,5.2156,0.0246,0.0000,0.0000,0.0000
1,hasta_001,1780003475.991,2026-05-29 00:24:35,100,NORMAL,58.7,42.7773,57.2894,29.0048,28.0293,4.2387,51.1991,54.1047,12.1204,35.3632,8.3773,83.5253,0.4418,5.2058,0.0243,0.0000,0.0000,0.0000
1,hasta_001,1780003476.034,2026-05-29 00:24:36,101,NORMAL,57.6,41.6352,57.3690,31.7840,26.1228,4.0474,51.1044,54.1371,12.3151,35.2717,8.3857,83.5253,0.4418,5.1943,0.0241,0.0000,0.0000,0.0000
1,hasta_001,1780003476.088,2026-05-29 00:24:36,102,NORMAL,57.6,39.9695,56.2512,33.8425,24.8554,3.8759,50.9953,54.1578,12.5261,35.1696,8.4074,83.5253,0.4418,5.1814,0.0230,0.0000,0.0000,0.0000
1,hasta_001,1780003476.126,2026-05-29 00:24:36,103,NORMAL,57.6,38.2760,55.2580,36.3118,24.1919,3.7321,50.8718,54.1685,12.7571,35.0630,8.4355,83.5253,0.4418,5.1673,0.0229,0.0000,0.0000,0.0000
1,hasta_001,1780003476.160,2026-05-29 00:24:36,104,NORMAL,57.6,36.3003,54.1378,39.4469,23.8778,3.5654,50.7317,54.1682,13.0137,34.9555,8.4655,83.5253,0.4418,5.1519,0.0227,0.0000,0.0000,0.0000
1,hasta_001,1780003476.207,2026-05-29 00:24:36,105,NORMAL,57.6,30.8858,52.9199,52.5837,23.6780,3.4150,50.5427,54.1563,13.3906,34.8481,8.4960,83.5253,0.4418,5.1354,0.0224,0.0000,0.0000,0.0000
1,hasta_001,1780003476.262,2026-05-29 00:24:36,106,NORMAL,57.6,27.7817,51.5314,59.8883,23.6429,3.2137,50.3279,54.1315,13.8292,34.7424,8.5249,83.5253,0.4418,5.1173,0.0222,0.0000,0.0000,0.0000
1,hasta_001,1780003476.316,2026-05-29 00:24:36,107,NORMAL,57.6,25.8804,50.8452,65.0754,23.7972,3.0682,50.0994,54.1008,14.3081,34.6401,8.5501,83.5253,0.4418,5.0981,0.0220,0.0000,0.0000,0.0000
1,hasta_001,1780003476.389,2026-05-29 00:24:36,108,NORMAL,57.6,20.9827,49.9491,81.6737,24.2600,3.0623,49.8298,54.0624,14.9319,34.5440,8.5683,83.5253,0.4418,5.0793,0.0214,0.0000,0.0000,0.0000
1,hasta_001,1780003476.438,2026-05-29 00:24:36,109,NORMAL,57.6,15.1072,49.4025,106.3261,24.5116,3.0731,49.5113,54.0196,15.7704,34.4519,8.5823,83.5253,0.4418,5.0609,0.0212,0.0000,0.0000,0.0000
1,hasta_001,1780003476.488,2026-05-29 00:24:36,110,NORMAL,57.6,12.1384,49.1220,120.7422,24.7144,3.0380,49.1715,53.9751,16.7247,34.3634,8.5931,83.5253,0.4418,5.0425,0.0211,0.0000,0.0000,0.0000
1,hasta_001,1780003476.550,2026-05-29 00:24:36,111,NORMAL,57.6,7.6646,48.7755,145.6800,25.1721,3.1590,48.7976,53.9283,17.8864,34.2806,8.5983,83.5253,0.4418,5.0255,0.0209,0.0000,0.0000,0.0000
1,hasta_001,1780003476.620,2026-05-29 00:24:36,112,NORMAL,57.6,5.4788,48.7792,159.6093,25.6771,3.4393,48.4108,53.8823,19.1518,34.2038,8.5980,83.5253,0.4418,5.0113,0.0206,0.0000,0.0000,0.0000
1,hasta_001,1780003476.678,2026-05-29 00:24:36,113,NORMAL,57.6,4.6156,49.0375,165.5891,26.0722,3.5510,48.0233,53.8394,20.4477,34.1318,8.5936,83.5253,0.4418,4.9984,0.0204,0.0000,0.0000,0.0000
1,hasta_001,1780003476.748,2026-05-29 00:24:36,114,NORMAL,57.6,4.1635,49.0331,168.6932,26.3151,3.5375,47.6385,53.7972,21.7481,34.0632,8.5869,83.5253,0.4418,4.9856,0.0200,0.0000,0.0000,0.0000
1,hasta_001,1780003476.842,2026-05-29 00:24:36,115,NORMAL,57.6,4.0890,49.1731,169.2917,26.6321,3.4847,47.2598,53.7570,23.0311,33.9986,8.5772,83.5253,0.4418,4.9726,0.0198,0.0000,0.0000,0.0000
1,hasta_001,1780003476.907,2026-05-29 00:24:36,116,NORMAL,57.6,4.0229,49.3704,169.8620,27.0884,3.5968,46.8871,53.7192,24.2969,33.9391,8.5640,83.5253,0.4418,4.9607,0.0195,0.0000,0.0000,0.0000
1,hasta_001,1780003476.942,2026-05-29 00:24:36,117,NORMAL,57.6,4.8343,49.4759,164.3952,27.3709,3.6722,46.5277,53.6829,25.4943,33.8829,8.5488,83.5253,0.4418,4.9497,0.0194,0.0000,0.0000,0.0000
1,hasta_001,1780003476.990,2026-05-29 00:24:36,118,NORMAL,57.6,6.0877,49.4461,156.1515,27.7341,3.6748,46.1850,53.6470,26.6016,33.8308,8.5311,83.5253,0.4418,4.9389,0.0193,0.0000,0.0000,0.0000
1,hasta_001,1780003477.041,2026-05-29 00:24:37,119,NORMAL,57.6,6.7809,49.6016,151.8939,27.8832,3.6073,45.8538,53.6130,27.6545,33.7808,8.5125,76.7592,0.4275,4.9277,0.0184,0.0000,0.0000,0.0000
1,hasta_001,1780003477.084,2026-05-29 00:24:37,120,NORMAL,57.6,7.7107,49.7080,146.2846,27.9816,3.5477,45.5360,53.5805,28.6430,33.7325,8.4934,76.7592,0.4275,4.9162,0.0182,0.0000,0.0000,0.0000
1,hasta_001,1780003477.130,2026-05-29 00:24:37,121,NORMAL,57.6,9.0600,49.7607,138.3890,28.1388,3.4793,44.6565,53.0497,29.7880,33.8641,8.2806,76.7592,0.4275,4.9300,0.0185,0.0000,0.0000,0.0000
1,hasta_001,1780003477.182,2026-05-29 00:24:37,122,NORMAL,57.6,10.6017,49.7752,129.7632,28.3584,3.4191,43.8304,52.6080,30.8148,34.0005,8.0510,76.7592,0.4275,4.9417,0.0184,0.0000,0.0000,0.0000
1,hasta_001,1780003477.254,2026-05-29 00:24:37,123,NORMAL,57.6,10.4292,49.7703,130.7022,28.6030,3.3753,43.0308,52.2025,31.8393,34.1401,7.8070,76.7592,0.4275,4.9527,0.0182,0.0000,0.0000,0.0000
1,hasta_001,1780003477.305,2026-05-29 00:24:37,124,NORMAL,57.6,10.2776,49.8465,131.6242,28.7822,3.2734,42.2510,51.8806,32.8028,34.2825,7.5479,76.7592,0.4275,4.9620,0.0181,0.0000,0.0000,0.0000
2,hasta_001,1780003551.967,2026-05-29 00:25:51,1,Veri Toplaniyor...,0.0,70.5474,69.5332,1.4479,17.5233,3.1803,,,,,,,,,,,,
2,hasta_001,1780003552.025,2026-05-29 00:25:52,2,Veri Toplaniyor...,0.0,70.0182,69.2732,1.0697,17.3133,3.1754,,,,,,,,,,,,
2,hasta_001,1780003552.053,2026-05-29 00:25:52,3,Veri Toplaniyor...,0.0,69.6369,68.9998,0.9190,17.4115,3.1728,,,,,,,,,,,,
2,hasta_001,1780003552.113,2026-05-29 00:25:52,4,Veri Toplaniyor...,0.0,59.4386,75.7719,24.1598,15.6863,2.6726,,,,,,,,,,,,
2,hasta_001,1780003552.146,2026-05-29 00:25:52,5,Veri Toplaniyor...,0.0,55.8904,70.9278,23.7149,14.7762,2.5164,,,,,,,,,,,,
2,hasta_001,1780003552.165,2026-05-29 00:25:52,6,Veri Toplaniyor...,0.0,57.3300,67.7274,16.6281,14.1589,2.4319,,,,,,,,,,,,
2,hasta_001,1780003552.205,2026-05-29 00:25:52,7,Veri Toplaniyor...,0.0,62.7051,67.2663,7.0188,12.9615,2.3214,,,,,,,,,,,,
2,hasta_001,1780003552.246,2026-05-29 00:25:52,8,Veri Toplaniyor...,0.0,69.7648,68.2141,2.2477,12.3231,2.2512,,,,,,,,,,,,
2,hasta_001,1780003552.277,2026-05-29 00:25:52,9,Veri Toplaniyor...,0.0,69.6302,66.0128,5.3337,12.1126,2.2040,,,,,,,,,,,,
2,hasta_001,1780003552.329,2026-05-29 00:25:52,10,Veri Toplaniyor...,0.0,70.4704,65.4935,7.3211,11.7057,2.1349,,,,,,,,,,,,
2,hasta_001,1780003552.371,2026-05-29 00:25:52,11,Veri Toplaniyor...,0.0,69.7453,66.0831,5.3925,11.2351,2.0832,,,,,,,,,,,,
2,hasta_001,1780003552.420,2026-05-29 00:25:52,12,Veri Toplaniyor...,0.0,68.8605,66.8949,2.8958,10.5103,2.0325,,,,,,,,,,,,
2,hasta_001,1780003552.470,2026-05-29 00:25:52,13,Veri Toplaniyor...,0.0,67.2367,67.0012,0.3509,10.0018,1.9929,,,,,,,,,,,,
2,hasta_001,1780003552.517,2026-05-29 00:25:52,14,Veri Toplaniyor...,0.0,65.8647,67.7897,2.8806,9.5359,1.9552,,,,,,,,,,,,
2,hasta_001,1780003552.565,2026-05-29 00:25:52,15,Veri Toplaniyor...,0.0,63.4389,68.2417,7.2947,9.2710,1.8993,,,,,,,,,,,,
2,hasta_001,1780003552.606,2026-05-29 00:25:52,16,Veri Toplaniyor...,0.0,62.9585,70.0819,10.7085,9.2990,1.8313,,,,,,,,,,,,
2,hasta_001,1780003552.631,2026-05-29 00:25:52,17,Veri Toplaniyor...,0.0,63.0249,72.0317,13.3379,9.2281,1.8173,,,,,,,,,,,,
2,hasta_001,1780003552.665,2026-05-29 00:25:52,18,Veri Toplaniyor...,0.0,61.8534,48.0428,25.1339,9.1605,1.7840,,,,,,,,,,,,
2,hasta_001,1780003552.690,2026-05-29 00:25:52,19,Veri Toplaniyor...,0.0,57.4325,38.8418,38.6202,9.0015,1.7742,,,,,,,,,,,,
2,hasta_001,1780003552.733,2026-05-29 00:25:52,20,NORMAL,58.3,49.1103,16.2523,100.5406,8.6045,1.7366,64.2479,63.5241,14.8508,12.0910,2.9902,0.0000,0.0000,2.2484,0.0023,0.0000,0.0000,0.0000
2,hasta_001,1780003552.808,2026-05-29 00:25:52,21,NORMAL,58.3,45.8208,15.8136,97.3717,8.1926,1.6632,63.3704,61.2521,18.7804,11.9054,3.0339,0.0000,0.0000,2.2205,0.0026,0.0000,0.0000,0.0000
2,hasta_001,1780003552.861,2026-05-29 00:25:52,22,NORMAL,58.3,37.8117,9.7941,117.7068,7.9136,1.4829,62.2086,58.9131,23.2770,11.7239,3.0785,0.0000,0.0000,2.1870,0.0027,0.0000,0.0000,0.0000
2,hasta_001,1780003554.222,2026-05-29 00:25:54,23,NORMAL,72.6,48.3607,51.7765,6.8222,17.3372,2.3857,61.6066,58.6028,22.5616,11.9680,3.2211,0.0000,0.0000,2.1956,0.0019,0.0000,0.0000,0.0000
2,hasta_001,1780003554.278,2026-05-29 00:25:54,24,NORMAL,72.6,50.5085,55.8566,10.0561,15.9847,2.3048,61.1441,58.4884,22.0405,12.1353,3.2539,0.0000,0.0000,2.2002,0.0019,0.0000,0.0000,0.0000
2,hasta_001,1780003554.440,2026-05-29 00:25:54,25,NORMAL,72.6,59.5048,56.1709,5.7643,12.5862,2.4422,61.0786,58.3957,21.3895,12.1534,3.1894,0.0000,0.0000,2.2098,0.0020,0.0000,0.0000,0.0000
2,hasta_001,1780003554.502,2026-05-29 00:25:54,26,NORMAL,72.6,61.9806,56.9495,8.4606,11.4442,2.3678,61.1133,58.3401,20.8922,12.1261,3.1304,0.0000,0.0000,2.2159,0.0015,0.0000,0.0000,0.0000
2,hasta_001,1780003554.547,2026-05-29 00:25:54,27,NORMAL,72.1,63.2528,58.1230,8.4527,10.8706,2.2371,61.1925,58.3321,20.4315,12.0796,3.0810,0.0000,0.0000,2.2167,0.0011,0.0000,0.0000,0.0000
2,hasta_001,1780003554.588,2026-05-29 00:25:54,28,NORMAL,72.1,63.9192,58.7773,8.3814,10.5554,2.1361,61.2899,58.3480,20.0011,12.0252,3.0387,0.0000,0.0000,2.2138,0.0011,0.0000,0.0000,0.0000
2,hasta_001,1780003554.640,2026-05-29 00:25:54,29,NORMAL,72.1,63.5536,59.1716,7.1411,10.2627,1.9850,61.3679,58.3764,19.5577,11.9644,3.0031,0.0000,0.0000,2.2059,0.0008,0.0000,0.0000,0.0000
2,hasta_001,1780003554.961,2026-05-29 00:25:54,30,NORMAL,72.6,58.9796,57.1964,3.0699,9.7559,1.5358,61.2883,58.3370,19.0081,11.8908,2.9791,0.0000,0.0000,2.1836,0.0007,0.0000,0.0000,0.0000
2,hasta_001,1780003555.017,2026-05-29 00:25:55,31,NORMAL,72.6,58.4070,56.7572,2.8651,9.6896,1.4015,61.1954,58.2861,18.4874,11.8198,2.9564,0.0000,0.0000,2.1584,0.0007,0.0000,0.0000,0.0000
2,hasta_001,1780003555.065,2026-05-29 00:25:55,32,NORMAL,73.1,57.9151,56.0556,3.2631,9.6475,1.2699,61.0929,58.2164,18.0116,11.7519,2.9343,0.0000,0.0000,2.1306,0.0007,0.0000,0.0000,0.0000
2,hasta_001,1780003555.108,2026-05-29 00:25:55,33,NORMAL,73.6,57.4973,55.6186,3.3216,9.6405,1.1225,60.9839,58.1376,17.5664,11.6879,2.9120,0.0000,0.0000,2.1001,0.0005,0.0000,0.0000,0.0000
2,hasta_001,1780003555.158,2026-05-29 00:25:55,34,NORMAL,73.6,57.1737,55.1302,3.6393,9.5995,0.9764,60.8719,58.0492,17.1568,11.6265,2.8905,0.0000,0.0000,2.0670,0.0004,0.0000,0.0000,0.0000
2,hasta_001,1780003555.213,2026-05-29 00:25:55,35,NORMAL,73.1,57.0805,53.9438,5.6505,9.5497,0.8406,60.7635,57.9319,16.8281,11.5671,2.8699,0.0000,0.0000,2.0320,0.0004,0.0000,0.0000,0.0000
2,hasta_001,1780003555.264,2026-05-29 00:25:55,36,NORMAL,73.1,57.1429,53.4128,6.7479,9.5918,0.7093,60.6630,57.8064,16.5481,11.5123,2.8483,0.0000,0.0000,1.9952,0.0004,0.0000,0.0000,0.0000
2,hasta_001,1780003555.311,2026-05-29 00:25:55,37,NORMAL,73.6,54.3618,52.9459,2.6390,9.6132,0.5605,60.4927,57.6750,16.1721,11.4609,2.8263,0.0000,0.0000,1.9564,0.0003,0.0000,0.0000,0.0000
2,hasta_001,1780003555.349,2026-05-29 00:25:55,38,NORMAL,73.6,53.1995,53.5884,0.7285,9.6742,0.4506,60.3007,57.5675,15.7657,11.4139,2.8035,0.0000,0.0000,1.9168,0.0003,0.0000,0.0000,0.0000
2,hasta_001,1780003555.415,2026-05-29 00:25:55,39,NORMAL,73.6,52.3309,54.3194,3.7291,9.8264,0.3218,60.0964,57.4842,15.4571,11.3732,2.7787,0.0000,0.0000,1.8759,0.0003,0.0000,0.0000,0.0000
2,hasta_001,1780003555.471,2026-05-29 00:25:55,40,NORMAL,73.1,51.9058,54.8407,5.4988,9.8833,0.2454,59.8916,57.4181,15.2081,11.3360,2.7536,0.0000,0.0000,1.8352,0.0003,0.0000,0.0000,0.0000
2,hasta_001,1780003555.526,2026-05-29 00:25:55,41,NORMAL,73.1,51.7007,55.1896,6.5280,10.0060,0.1986,59.6918,57.3637,14.9964,11.3035,2.7275,0.0000,0.0000,1.7952,0.0003,0.0000,0.0000,0.0000
2,hasta_001,1780003555.581,2026-05-29 00:25:55,42,NORMAL,73.1,51.4592,54.3036,5.3789,9.8576,0.1862,59.4958,57.2909,14.7674,11.2691,2.7039,0.0000,0.0000,1.7569,0.0003,0.0000,0.0000,0.0000
2,hasta_001,1780003555.641,2026-05-29 00:25:55,43,NORMAL,73.6,50.8703,52.7717,3.6692,9.7953,0.1953,59.2952,57.1858,14.5093,11.2348,2.6815,0.0000,0.0000,1.7206,0.0003,0.0000,0.0000,0.0000
2,hasta_001,1780003555.682,2026-05-29 00:25:55,44,NORMAL,73.6,50.7500,51.9714,2.3782,9.7359,0.1634,59.1010,57.0673,14.2336,11.2008,2.6602,0.0000,0.0000,1.6852,0.0002,0.0000,0.0000,0.0000
2,hasta_001,1780003555.726,2026-05-29 00:25:55,45,NORMAL,73.6,50.9604,51.5379,1.1268,9.5825,0.1415,58.9201,56.9444,13.9424,11.1648,2.6413,0.0000,0.0000,1.6509,0.0002,0.0000,0.0000,0.0000
2,hasta_001,1780003555.774,2026-05-29 00:25:55,46,NORMAL,73.6,51.2920,51.3826,0.1764,9.4747,0.1232,58.7543,56.8235,13.6431,11.1281,2.6240,0.0000,0.0000,1.6177,0.0001,0.0000,0.0000,0.0000
2,hasta_001,1780003555.819,2026-05-29 00:25:55,47,NORMAL,73.6,50.2973,49.9287,0.7356,9.2294,0.1007,58.5743,56.6768,13.3685,11.0877,2.6104,0.0000,0.0000,1.5854,0.0000,0.0000,0.0000,0.0000
2,hasta_001,1780003555.865,2026-05-29 00:25:55,48,NORMAL,73.6,49.7993,48.3145,3.0269,8.7703,0.0963,58.3915,56.5026,13.1530,11.0394,2.6042,0.0000,0.0000,1.5544,0.0000,0.0000,0.0000,0.0000
2,hasta_001,1780003555.916,2026-05-29 00:25:55,49,NORMAL,73.1,49.8502,47.2224,5.4142,8.3700,0.1325,58.2172,56.3132,12.9951,10.9849,2.6049,0.0000,0.0000,1.5254,0.0001,0.0000,0.0000,0.0000
2,hasta_001,1780003555.958,2026-05-29 00:25:55,50,NORMAL,73.6,46.6528,46.4339,0.4704,8.1346,0.2278,57.9859,56.1156,12.7446,10.9279,2.6094,0.0000,0.0000,1.4994,0.0001,0.0000,0.0000,0.0000
2,hasta_001,1780003556.011,2026-05-29 00:25:56,51,NORMAL,73.6,43.0622,44.4396,3.1483,8.2404,0.4326,57.6933,55.8867,12.5564,10.8752,2.6105,0.0000,0.0000,1.4785,0.0001,0.0000,0.0000,0.0000
2,hasta_001,1780003556.065,2026-05-29 00:25:56,52,NORMAL,73.6,40.0446,40.6448,1.4878,8.7250,0.5743,57.3539,55.5935,12.3436,10.8339,2.6021,0.0000,0.0000,1.4611,0.0001,0.0000,0.0000,0.0000
2,hasta_001,1780003556.143,2026-05-29 00:25:56,53,NORMAL,58.3,42.4290,27.7293,41.9045,9.6935,1.4228,57.0723,55.0678,12.9013,10.8123,2.5821,0.0000,0.0000,1.4604,0.0005,0.0000,0.0000,0.0000
2,hasta_001,1780003556.295,2026-05-29 00:25:56,54,NORMAL,57.6,20.2030,40.1541,66.1104,10.7378,3.4231,56.3895,54.7916,13.8867,10.8110,2.5581,32.5267,0.1721,1.4968,0.0004,0.0000,0.0000,0.0000
2,hasta_001,1780003556.347,2026-05-29 00:25:56,55,NORMAL,57.6,15.2263,42.0405,93.6466,11.0823,3.7722,55.6411,54.5598,15.3369,10.8159,2.5350,32.5267,0.1721,1.5381,0.0003,0.0000,0.0000,0.0000
2,hasta_001,1780003556.400,2026-05-29 00:25:56,56,NORMAL,57.6,13.3375,41.1109,102.0174,11.4547,3.7299,54.8857,54.3196,16.8847,10.8273,2.5136,32.5267,0.1721,1.5773,0.0002,0.0000,0.0000,0.0000
2,hasta_001,1780003556.434,2026-05-29 00:25:56,57,NORMAL,57.6,15.6317,40.6382,88.8807,11.5666,3.5285,54.1970,54.0796,18.1478,10.8403,2.4934,32.5267,0.1721,1.6115,0.0002,0.0000,0.0000,0.0000
2,hasta_001,1780003556.492,2026-05-29 00:25:56,58,NORMAL,57.6,18.3198,39.1579,72.5084,11.7972,3.0250,53.5785,53.8223,19.0851,10.8568,2.4749,32.5267,0.1721,1.6359,0.0001,0.0000,0.0000,0.0000
2,hasta_001,1780003556.746,2026-05-29 00:25:56,59,NORMAL,57.6,45.2473,20.5516,75.0641,14.4577,2.9815,53.4373,53.2584,20.0339,10.9178,2.4975,32.5267,0.1721,1.6587,0.0010,0.0000,0.0000,0.0000
2,hasta_001,1780003556.789,2026-05-29 00:25:56,60,NORMAL,57.6,48.8615,28.3190,53.2323,15.1239,2.9387,53.3610,52.8428,20.5872,10.9879,2.5345,32.5267,0.1721,1.6800,0.0011,0.0000,0.0000,0.0000
2,hasta_001,1780003556.820,2026-05-29 00:25:56,61,NORMAL,58.1,49.5231,36.6405,29.9027,15.6845,2.9073,53.2981,52.5771,20.7399,11.0649,2.5834,32.5267,0.1721,1.7001,0.0010,0.0000,0.0000,0.0000
2,hasta_001,1780003556.886,2026-05-29 00:25:56,62,NORMAL,73.1,45.2570,44.4392,1.8236,16.3526,2.8888,53.1684,52.4459,20.4348,11.1502,2.6476,42.0537,0.6075,1.7193,0.0010,0.0000,0.0000,0.0000
2,hasta_001,1780003556.929,2026-05-29 00:25:56,63,NORMAL,65.4,39.4108,47.6381,18.9026,16.2792,2.8835,52.9500,52.3696,20.4105,11.2316,2.7036,42.0537,0.6075,1.7378,0.0010,0.0000,0.0000,0.0000
2,hasta_001,1780003556.990,2026-05-29 00:25:56,64,NORMAL,57.6,27.4170,40.9380,39.5610,15.6560,2.8389,52.5511,52.1910,20.7097,11.3007,2.7380,42.0537,0.6075,1.7550,0.0010,0.0000,0.0000,0.0000
2,hasta_001,1780003557.049,2026-05-29 00:25:57,65,NORMAL,57.6,20.8259,37.4040,56.9402,14.9056,2.8057,52.0630,51.9635,21.2671,11.3562,2.7528,42.0537,0.6075,1.7711,0.0010,0.0000,0.0000,0.0000
2,hasta_001,1780003557.111,2026-05-29 00:25:57,66,NORMAL,57.6,16.9574,33.0943,64.4807,13.8902,2.8207,51.5311,51.6776,21.9218,11.3946,2.7494,42.0537,0.6075,1.7870,0.0009,0.0000,0.0000,0.0000
2,hasta_001,1780003557.178,2026-05-29 00:25:57,67,NORMAL,57.6,10.7837,26.7431,85.0563,12.2618,2.8743,50.9229,51.3054,22.8642,11.4075,2.7308,42.0537,0.6075,1.8033,0.0005,0.0000,0.0000,0.0000
2,hasta_001,1780003557.229,2026-05-29 00:25:57,68,NORMAL,57.6,7.8365,22.8821,97.9574,10.4452,2.8966,50.2893,50.8874,23.9685,11.3934,2.7131,51.9118,0.7050,1.8194,0.0003,0.0000,0.0000,0.0000
2,hasta_001,1780003557.512,2026-05-29 00:25:57,69,NORMAL,57.6,14.3887,27.2137,61.6551,6.0609,3.7260,49.7690,50.5443,24.5146,11.3161,2.7677,51.9118,0.7050,1.8470,0.0003,0.0000,0.0000,0.0000
2,hasta_001,1780003557.571,2026-05-29 00:25:57,70,NORMAL,57.6,12.7917,24.2425,61.8389,4.8621,3.8394,49.2407,50.1686,25.0479,11.2239,2.8526,51.9118,0.7050,1.8755,0.0002,0.0000,0.0000,0.0000
2,hasta_001,1780003557.615,2026-05-29 00:25:57,71,NORMAL,57.6,11.9953,21.7009,57.6066,4.2182,3.8534,48.7162,49.7676,25.5064,11.1252,2.9503,51.9118,0.7050,1.9033,0.0002,0.0000,0.0000,0.0000
2,hasta_001,1780003557.651,2026-05-29 00:25:57,72,NORMAL,57.6,11.4391,20.1874,55.3224,4.0136,3.8218,48.1984,49.3568,25.9205,11.0264,3.0457,51.9118,0.7050,1.9300,0.0002,0.0000,0.0000,0.0000
2,hasta_001,1780003557.919,2026-05-29 00:25:57,73,NORMAL,72.5,39.9966,39.2554,1.8703,4.8180,6.0489,48.0861,49.2184,25.5911,10.9414,3.1097,56.4561,0.6574,1.9864,0.0002,0.0000,0.0000,0.0000
2,hasta_001,1780003557.976,2026-05-29 00:25:57,74,NORMAL,71.0,43.3490,41.9577,3.2618,4.9198,6.3663,48.0220,49.1203,25.2893,10.8600,3.1659,56.4561,0.6574,2.0456,0.0002,0.0000,0.0000,0.0000
2,hasta_001,1780003558.032,2026-05-29 00:25:58,75,NORMAL,65.2,44.8648,42.6644,5.0278,5.0129,6.5338,47.9799,49.0342,25.0192,10.7821,3.2154,56.4561,0.6574,2.1054,0.0002,0.0000,0.0000,0.0000
2,hasta_001,1780003558.078,2026-05-29 00:25:58,76,NORMAL,65.2,44.0133,41.7531,5.2706,5.1253,6.4642,47.9278,48.9384,24.7593,10.7076,3.2586,56.4561,0.6574,2.1628,0.0001,0.0000,0.0000,0.0000
2,hasta_001,1780003558.137,2026-05-29 00:25:58,77,NORMAL,70.5,42.8856,41.2284,3.9405,5.3040,6.3309,47.8623,48.8383,24.4890,10.6375,3.2946,56.4561,0.6574,2.2169,0.0001,0.0000,0.0000,0.0000
2,hasta_001,1780003558.213,2026-05-29 00:25:58,78,NORMAL,72.0,41.7831,40.4270,3.2989,5.4781,6.0724,47.7843,48.7305,24.2173,10.5713,3.3245,56.4561,0.6574,2.2663,0.0001,0.0000,0.0000,0.0000
2,hasta_001,1780003558.291,2026-05-29 00:25:58,79,NORMAL,72.0,43.8741,40.6325,7.6720,5.6718,5.8089,47.7348,48.6279,24.0079,10.5093,3.3485,56.4561,0.6574,2.3112,0.0001,0.0000,0.0000,0.0000
2,hasta_001,1780003558.365,2026-05-29 00:25:58,80,NORMAL,72.0,40.6543,38.7993,4.6693,5.7872,5.2290,47.6463,48.5051,23.7661,10.4503,3.3686,56.4561,0.6574,2.3476,0.0000,0.0000,0.0000,0.0000
2,hasta_001,1780003558.429,2026-05-29 00:25:58,81,NORMAL,72.5,38.2431,37.6740,1.4992,6.0479,4.7018,47.5302,48.3714,23.4912,10.3959,3.3829,56.4561,0.6574,2.3767,0.0000,0.0000,0.0000,0.0000
2,hasta_001,1780003558.489,2026-05-29 00:25:58,82,NORMAL,73.1,36.2755,36.7267,1.2360,6.3490,4.1604,47.3930,48.2294,23.2198,10.3466,3.3914,56.4561,0.6574,2.3985,0.0000,0.0000,0.0000,0.0000
2,hasta_001,1780003558.556,2026-05-29 00:25:58,83,NORMAL,72.6,35.5747,37.8385,6.1671,6.6503,3.4186,47.2506,48.1042,23.0144,10.3020,3.3949,56.4561,0.6574,2.4107,0.0000,0.0000,0.0000,0.0000
2,hasta_001,1780003558.618,2026-05-29 00:25:58,84,NORMAL,71.9,35.3086,40.4514,13.5767,6.8523,2.6192,47.1084,48.0131,22.9020,10.2610,3.3953,56.4561,0.6574,2.4132,0.0000,0.0000,0.0000,0.0000
2,hasta_001,1780003558.673,2026-05-29 00:25:58,85,NORMAL,72.1,37.2545,41.6799,11.2128,7.1149,1.9013,46.9925,47.9386,22.7645,10.2240,3.3923,56.4561,0.6574,2.4072,0.0000,0.0000,0.0000,0.0000
2,hasta_001,1780003558.709,2026-05-29 00:25:58,86,NORMAL,72.1,40.7736,44.5335,8.8149,7.3000,1.6044,46.9202,47.8990,22.6023,10.1900,3.3871,56.4561,0.6574,2.3979,0.0001,0.0000,0.0000,0.0000
2,hasta_001,1780003558.761,2026-05-29 00:25:58,87,NORMAL,72.6,47.1639,48.3168,2.4151,7.4110,1.4117,46.9230,47.9038,22.3702,10.1580,3.3806,56.4561,0.6574,2.3865,0.0001,0.0000,0.0000,0.0000
2,hasta_001,1780003558.810,2026-05-29 00:25:58,88,NORMAL,73.1,50.4396,49.9748,0.9257,7.4577,1.2900,46.9630,47.9273,22.1266,10.1273,3.3735,56.4561,0.6574,2.3741,0.0001,0.0000,0.0000,0.0000
2,hasta_001,1780003558.847,2026-05-29 00:25:58,89,NORMAL,72.6,53.2371,51.1769,3.9461,7.5059,1.2360,47.0335,47.9638,21.9223,10.0979,3.3658,56.4561,0.6574,2.3613,0.0001,0.0000,0.0000,0.0000
2,hasta_001,1780003558.886,2026-05-29 00:25:58,90,NORMAL,72.6,56.3377,51.3739,9.2169,7.5244,1.3060,47.1368,48.0017,21.7811,10.0693,3.3579,56.4561,0.6574,2.3496,0.0001,0.0000,0.0000,0.0000
2,hasta_001,1780003558.931,2026-05-29 00:25:58,91,NORMAL,72.1,58.4196,51.7497,12.1085,7.4686,1.4230,47.2608,48.0429,21.6748,10.0407,3.3504,56.4561,0.6574,2.3394,0.0001,0.0000,0.0000,0.0000
2,hasta_001,1780003558.979,2026-05-29 00:25:58,92,NORMAL,71.4,59.5862,52.4652,12.7102,7.4371,1.6256,47.3948,48.0910,21.5774,10.0124,3.3431,56.4561,0.6574,2.3316,0.0001,0.0000,0.0000,0.0000
2,hasta_001,1780003559.509,2026-05-29 00:25:59,93,NORMAL,58.3,35.6979,58.8946,49.0455,8.4072,1.5169,47.2690,48.2071,21.8727,9.9951,3.3292,56.4561,0.6574,2.3229,0.0000,0.0000,0.0000,0.0000
2,hasta_001,1780003559.542,2026-05-29 00:25:59,94,NORMAL,58.3,33.9893,58.4267,52.8856,8.3451,1.5181,47.1277,48.3158,22.2027,9.9776,3.3157,56.4561,0.6574,2.3143,0.0002,0.0000,0.0000,0.0000
2,hasta_001,1780003559.576,2026-05-29 00:25:59,95,NORMAL,58.3,35.7118,54.8960,42.3456,8.8459,1.5163,47.0076,48.3851,22.4147,9.9657,3.3002,56.4561,0.6574,2.3059,0.0014,0.0000,0.0000,0.0000
2,hasta_001,1780003559.638,2026-05-29 00:25:59,96,NORMAL,58.3,34.4495,51.6375,39.9317,10.3078,1.5222,46.8768,48.4190,22.5972,9.9692,3.2832,56.4561,0.6574,2.2977,0.0050,0.0000,0.0000,0.0000
2,hasta_001,1780003559.690,2026-05-29 00:25:59,97,NORMAL,58.3,31.9583,49.3627,42.8040,11.6741,1.5633,46.7230,48.4287,22.8055,9.9868,3.2708,56.4561,0.6574,2.2902,0.0067,0.0000,0.0000,0.0000
2,hasta_001,1780003559.742,2026-05-29 00:25:59,98,NORMAL,58.3,28.5450,48.6555,52.0993,13.4582,1.5990,46.5375,48.4310,23.1044,10.0222,3.2727,56.4561,0.6574,2.2831,0.0090,0.0000,0.0000,0.0000
2,hasta_001,1780003559.780,2026-05-29 00:25:59,99,NORMAL,58.3,25.6625,48.7595,62.0704,14.7711,1.6317,46.3266,48.4344,23.4980,10.0702,3.2906,56.4561,0.6574,2.2765,0.0112,0.0000,0.0000,0.0000
2,hasta_001,1780003559.826,2026-05-29 00:25:59,100,NORMAL,58.3,25.6576,49.2860,63.0566,16.7007,1.6595,46.1199,48.4429,23.8936,10.1365,3.3399,56.4561,0.6574,2.2704,0.0143,0.0000,0.0000,0.0000
2,hasta_001,1780003559.874,2026-05-29 00:25:59,101,NORMAL,58.3,24.5525,49.5484,67.4645,18.2928,1.6687,45.9064,48.4538,24.3250,10.2173,3.4200,56.4561,0.6574,2.2644,0.0150,0.0000,0.0000,0.0000
2,hasta_001,1780003559.925,2026-05-29 00:25:59,102,NORMAL,58.3,22.5732,49.8080,75.2539,19.4755,1.6829,45.6776,48.4671,24.8243,10.3080,3.5233,56.4561,0.6574,2.2587,0.0158,0.0000,0.0000,0.0000
2,hasta_001,1780003559.985,2026-05-29 00:25:59,103,NORMAL,58.3,21.3338,49.6769,79.8278,20.4395,1.6996,45.4413,48.4788,25.3583,10.4064,3.6442,56.4561,0.6574,2.2533,0.0157,0.0000,0.0000,0.0000
2,hasta_001,1780003560.050,2026-05-29 00:26:00,104,NORMAL,58.3,18.3909,50.0753,92.5551,20.8408,1.7441,45.1812,48.4942,26.0044,10.5067,3.7669,48.3597,0.7200,2.2484,0.0157,0.0000,0.0000,0.0000
2,hasta_001,1780003560.091,2026-05-29 00:26:00,105,NORMAL,58.3,16.5544,51.2664,102.3640,21.1588,1.7840,44.9085,48.5206,26.7316,10.6082,3.8890,48.3597,0.7200,2.2440,0.0156,0.0000,0.0000,0.0000
2,hasta_001,1780003560.150,2026-05-29 00:26:00,106,NORMAL,58.3,16.2277,50.8817,103.2762,21.7074,1.8319,44.6380,48.5429,27.4538,10.7129,4.0166,48.3597,0.7200,2.2401,0.0173,0.0000,0.0000,0.0000
2,hasta_001,1780003560.183,2026-05-29 00:26:00,107,NORMAL,58.3,18.3065,50.3474,93.3405,22.7993,1.8343,44.3919,48.5597,28.0695,10.8258,4.1635,48.3597,0.7200,2.2363,0.0200,0.0000,0.0000,0.0000
2,hasta_001,1780003560.290,2026-05-29 00:26:00,108,NORMAL,58.3,22.5190,51.4231,78.1805,24.4024,1.8305,44.1894,48.5862,28.5335,10.9515,4.3434,48.3597,0.7200,2.2325,0.0197,0.0000,0.0000,0.0000
2,hasta_001,1780003560.361,2026-05-29 00:26:00,109,NORMAL,58.3,24.5375,51.1264,70.2816,25.2545,1.8045,44.0091,48.6095,28.9165,11.0828,4.5334,54.1557,0.7418,2.2286,0.0194,0.0000,0.0000,0.0000
2,hasta_001,1780003560.406,2026-05-29 00:26:00,110,NORMAL,58.3,24.4782,48.7959,66.3747,25.4186,1.7586,43.8315,48.6112,29.2571,11.2131,4.7134,54.1557,0.7418,2.2243,0.0193,0.0000,0.0000,0.0000
2,hasta_001,1780003560.439,2026-05-29 00:26:00,111,NORMAL,58.3,24.0079,46.1432,63.1074,25.5998,1.7312,43.6529,48.5890,29.5620,11.3427,4.8851,54.1557,0.7418,2.2199,0.0192,0.0000,0.0000,0.0000
2,hasta_001,1780003560.476,2026-05-29 00:26:00,112,NORMAL,58.3,22.4388,44.5230,65.9604,25.6704,1.7220,43.4635,48.5527,29.8870,11.4706,5.0465,54.1557,0.7418,2.2154,0.0203,0.0000,0.0000,0.0000
2,hasta_001,1780003560.530,2026-05-29 00:26:00,113,NORMAL,58.3,22.1512,43.9844,66.0256,25.8053,1.7435,43.2749,48.5123,30.2068,11.5975,5.2004,54.1557,0.7418,2.2113,0.0213,0.0000,0.0000,0.0000
2,hasta_001,1780003560.583,2026-05-29 00:26:00,114,NORMAL,58.3,25.8153,42.9243,49.7793,25.7987,1.7785,43.1217,48.4633,30.3785,11.7221,5.3442,54.1557,0.7418,2.2075,0.0226,0.0000,0.0000,0.0000
2,hasta_001,1780003560.683,2026-05-29 00:26:00,115,NORMAL,58.3,31.8557,44.1356,32.3192,26.0854,1.8585,43.0238,48.4256,30.3954,11.8470,5.4855,54.1557,0.7418,2.2044,0.0238,0.0000,0.0000,0.0000
2,hasta_001,1780003560.731,2026-05-29 00:26:00,116,NORMAL,60.8,35.7914,45.6176,24.1403,26.1256,1.8774,42.9614,48.4014,30.3415,11.9700,5.6190,59.0710,0.7355,2.2016,0.0230,0.0000,0.0000,0.0000
2,hasta_001,1780003560.774,2026-05-29 00:26:00,117,NORMAL,62.3,35.4568,44.3759,22.3445,25.9385,1.9022,42.8973,48.3670,30.2731,12.0894,5.7408,59.0710,0.7355,2.1990,0.0227,0.0000,0.0000,0.0000
2,hasta_001,1780003560.820,2026-05-29 00:26:00,118,NORMAL,63.1,34.2104,42.4399,21.4728,25.6040,1.9433,42.8237,48.3168,30.1985,12.2040,5.8492,59.0710,0.7355,2.1969,0.0227,0.0000,0.0000,0.0000
2,hasta_001,1780003560.863,2026-05-29 00:26:00,119,NORMAL,62.6,32.8230,40.7714,21.6008,25.1386,2.0020,42.7396,48.2534,30.1263,12.3127,5.9430,59.0710,0.7355,2.1952,0.0226,0.0000,0.0000,0.0000
2,hasta_001,1780003560.909,2026-05-29 00:26:00,120,NORMAL,62.3,31.6194,39.3859,21.8759,24.5507,2.0602,42.6470,48.1795,30.0575,12.4146,6.0218,59.0710,0.7355,2.1941,0.0224,0.0000,0.0000,0.0000
2,hasta_001,1780003560.958,2026-05-29 00:26:00,121,NORMAL,64.6,30.6492,37.5802,20.3166,23.9818,2.0846,42.3145,47.9132,30.2148,12.4685,6.0957,59.0710,0.7355,2.1850,0.0225,0.0000,0.0000,0.0000
2,hasta_001,1780003561.043,2026-05-29 00:26:01,122,NORMAL,65.1,29.2172,35.5500,19.5556,24.1913,2.0468,41.9745,47.6322,30.3688,12.5258,6.1728,63.9968,0.7278,2.1756,0.0222,0.0000,0.0000,0.0000
2,hasta_001,1780003561.120,2026-05-29 00:26:01,123,NORMAL,65.6,28.6487,34.7338,19.2013,24.7055,1.9989,41.6329,47.3466,30.5212,12.5866,6.2560,63.9968,0.7278,2.1658,0.0216,0.0000,0.0000,0.0000
2,hasta_001,1780003561.199,2026-05-29 00:26:01,124,NORMAL,72.1,30.1925,32.9326,8.6816,25.2421,2.0285,41.3892,46.9896,30.3922,12.6662,6.3550,63.9968,0.7278,2.1604,0.0223,0.0000,0.0000,0.0000
2,hasta_001,1780003561.280,2026-05-29 00:26:01,125,NORMAL,72.6,30.3011,30.6102,1.0146,25.3827,2.0963,41.1759,46.6537,30.2030,12.7546,6.4566,63.9968,0.7278,2.1569,0.0232,0.0000,0.0000,0.0000
2,hasta_001,1780003561.333,2026-05-29 00:26:01,126,NORMAL,72.1,31.9232,29.4757,7.9726,25.5422,2.1669,40.9642,46.3349,30.1309,12.8494,6.5594,63.9968,0.7278,2.1547,0.0247,0.0000,0.0000,0.0000
2,hasta_001,1780003561.391,2026-05-29 00:26:01,127,NORMAL,71.4,32.7876,28.5406,13.8500,25.8348,2.2206,40.7149,46.0122,30.1878,12.9567,6.6648,68.2979,0.7128,2.1539,0.0244,0.0000,0.0000,0.0000
2,hasta_001,1780003561.458,2026-05-29 00:26:01,128,NORMAL,68.8,31.7346,26.9265,16.3928,26.1306,2.3360,40.3980,45.6681,30.3057,13.0718,6.7712,68.2979,0.7128,2.1546,0.0250,0.0000,0.0000,0.0000
2,hasta_001,1780003561.543,2026-05-29 00:26:01,129,NORMAL,61.6,31.3200,24.9749,22.5423,26.2757,2.4201,40.0787,45.3261,30.4491,13.1898,6.8760,68.2979,0.7128,2.1564,0.0249,0.0000,0.0000,0.0000
2,hasta_001,1780003561.605,2026-05-29 00:26:01,130,NORMAL,60.1,30.8537,24.1470,24.3878,26.4148,2.4484,39.7486,44.9816,30.5913,13.3124,6.9788,68.2979,0.7128,2.1590,0.0247,0.0000,0.0000,0.0000
2,hasta_001,1780003561.674,2026-05-29 00:26:01,131,NORMAL,60.1,30.3145,23.7640,24.2259,26.7625,2.4836,39.4200,44.6289,30.7483,13.4418,7.0823,68.2979,0.7128,2.1623,0.0246,0.0000,0.0000,0.0000
2,hasta_001,1780003561.727,2026-05-29 00:26:01,132,NORMAL,58.6,31.3804,24.1761,25.9350,26.9636,2.5315,39.1077,44.2729,30.9402,13.5789,7.1828,68.2979,0.7128,2.1665,0.0254,0.0000,0.0000,0.0000
2,hasta_001,1780003561.778,2026-05-29 00:26:01,133,NORMAL,58.6,31.2316,24.2359,25.2246,27.0734,2.5757,38.8076,43.9165,31.1475,13.7212,7.2789,68.2979,0.7128,2.1714,0.0254,0.0000,0.0000,0.0000
2,hasta_001,1780003561.819,2026-05-29 00:26:01,134,NORMAL,59.6,31.2482,24.4079,24.5807,27.1117,2.6086,38.5192,43.5550,31.3284,13.8676,7.3695,71.6367,0.6919,2.1768,0.0252,0.0000,0.0000,0.0000
2,hasta_001,1780003561.866,2026-05-29 00:26:01,135,NORMAL,60.1,31.2900,24.5201,24.2607,27.0814,2.6411,38.2513,43.1907,31.4697,14.0160,7.4543,71.6367,0.6919,2.1830,0.0254,0.0000,0.0000,0.0000
2,hasta_001,1780003561.915,2026-05-29 00:26:01,136,NORMAL,60.6,30.7483,24.4460,22.8367,27.0053,2.6729,37.9828,42.8104,31.5708,14.1636,7.5343,71.6367,0.6919,2.1900,0.0259,0.0000,0.0000,0.0000
2,hasta_001,1780003561.961,2026-05-29 00:26:01,137,NORMAL,63.9,29.8745,24.4164,20.1071,27.0370,2.6821,37.7066,42.4136,31.6272,14.3120,7.6106,71.6367,0.6919,2.1972,0.0258,0.0000,0.0000,0.0000
2,hasta_001,1780003562.010,2026-05-29 00:26:02,138,NORMAL,69.0,28.6514,24.4458,15.8411,26.9703,2.7009,37.4299,42.2169,31.5498,14.4604,7.6820,71.6367,0.6919,2.2048,0.0255,0.0000,0.0000,0.0000
2,hasta_001,1780003562.052,2026-05-29 00:26:02,139,NORMAL,72.6,27.8300,25.0646,10.4563,26.7698,2.7159,37.1832,42.1021,31.3151,14.6085,7.7463,71.6367,0.6919,2.2127,0.0260,0.0000,0.0000,0.0000
2,hasta_001,1780003562.099,2026-05-29 00:26:02,140,NORMAL,72.6,27.2615,25.9680,4.8603,24.9307,2.7199,37.0011,42.1831,30.5178,14.7445,7.7830,71.6367,0.6919,2.2209,0.0257,0.0000,0.0000,0.0000
3,hasta_001,1780004056.622,2026-05-29 00:34:16,1,Veri Toplaniyor...,0.0,60.0859,53.9555,10.7511,6.2536,63.2728,,,,,,,,,,,,
3,hasta_001,1780004056.655,2026-05-29 00:34:16,2,Veri Toplaniyor...,0.0,60.0854,53.7836,11.0685,6.5394,63.2406,,,,,,,,,,,,
3,hasta_001,1780004056.693,2026-05-29 00:34:16,3,Veri Toplaniyor...,0.0,60.7230,53.5724,12.5125,6.7672,63.0223,,,,,,,,,,,,
3,hasta_001,1780004056.723,2026-05-29 00:34:16,4,Veri Toplaniyor...,0.0,60.7930,54.0676,11.7106,7.0017,62.5797,,,,,,,,,,,,
3,hasta_001,1780004056.863,2026-05-29 00:34:16,5,Veri Toplaniyor...,0.0,111.6198,113.0466,1.2701,7.1910,58.3294,,,,,,,,,,,,
3,hasta_001,1780004056.914,2026-05-29 00:34:16,6,Veri Toplaniyor...,0.0,115.3715,118.0577,2.3015,7.0879,57.1738,,,,,,,,,,,,
3,hasta_001,1780004056.962,2026-05-29 00:34:16,7,Veri Toplaniyor...,0.0,116.3585,124.3038,6.6029,7.2482,56.3613,,,,,,,,,,,,
3,hasta_001,1780004056.991,2026-05-29 00:34:16,8,Veri Toplaniyor...,0.0,115.0078,141.5254,20.6739,7.7588,55.9660,,,,,,,,,,,,
3,hasta_001,1780004057.010,2026-05-29 00:34:17,9,Veri Toplaniyor...,0.0,114.4381,154.7388,29.9436,8.1992,55.7504,,,,,,,,,,,,
3,hasta_001,1780004057.054,2026-05-29 00:34:17,10,Veri Toplaniyor...,0.0,110.9659,172.3098,43.3104,9.3254,54.9701,,,,,,,,,,,,
3,hasta_001,1780004057.104,2026-05-29 00:34:17,11,Veri Toplaniyor...,0.0,108.2683,193.7977,56.6296,10.4876,54.2919,,,,,,,,,,,,
3,hasta_001,1780004057.149,2026-05-29 00:34:17,12,Veri Toplaniyor...,0.0,107.0686,208.6127,64.3333,11.2806,53.9405,,,,,,,,,,,,
3,hasta_001,1780004057.196,2026-05-29 00:34:17,13,Veri Toplaniyor...,0.0,107.2450,222.2561,69.8092,12.1512,53.5123,,,,,,,,,,,,
3,hasta_001,1780004057.244,2026-05-29 00:34:17,14,Veri Toplaniyor...,0.0,106.0376,216.0935,68.3298,12.4743,53.1927,,,,,,,,,,,,
3,hasta_001,1780004057.326,2026-05-29 00:34:17,15,Veri Toplaniyor...,0.0,79.1562,192.4844,83.4398,12.3519,47.2483,,,,,,,,,,,,
3,hasta_001,1780004057.368,2026-05-29 00:34:17,16,Veri Toplaniyor...,0.0,69.3683,170.4967,84.3211,12.0807,44.9086,,,,,,,,,,,,
3,hasta_001,1780004057.410,2026-05-29 00:34:17,17,Veri Toplaniyor...,0.0,62.4991,154.5252,84.8072,11.6076,43.1953,,,,,,,,,,,,
3,hasta_001,1780004057.453,2026-05-29 00:34:17,18,Veri Toplaniyor...,0.0,54.9138,139.7082,87.1376,11.2669,41.7143,,,,,,,,,,,,
3,hasta_001,1780004057.483,2026-05-29 00:34:17,19,Veri Toplaniyor...,0.0,51.4787,136.6774,90.5618,11.2177,40.1933,,,,,,,,,,,,
3,hasta_001,1780004057.515,2026-05-29 00:34:17,20,NORMAL,51.4,48.9844,137.5600,94.9646,11.1524,38.2920,86.0234,140.5787,46.7240,9.4722,2.2587,0.0000,0.0000,53.0578,0.0045,0.0000,0.0000,0.0000
3,hasta_001,1780004057.552,2026-05-29 00:34:17,21,NORMAL,51.4,47.3783,140.5255,99.1435,11.0810,36.0697,84.1832,140.5761,49.2201,9.5488,2.2307,0.0000,0.0000,52.2488,0.0043,0.0000,0.0000,0.0000
3,hasta_001,1780004057.581,2026-05-29 00:34:17,22,NORMAL,51.4,47.2175,130.0007,93.4251,10.6991,34.3497,82.5029,140.0954,51.2294,9.6011,2.1925,0.0000,0.0000,51.4352,0.0042,0.0000,0.0000,0.0000
3,hasta_001,1780004057.612,2026-05-29 00:34:17,23,NORMAL,51.4,46.5975,121.5459,89.1482,10.1505,32.4008,80.9418,139.2889,52.8781,9.6250,2.1473,0.0000,0.0000,50.6076,0.0052,0.0000,0.0000,0.0000
3,hasta_001,1780004057.641,2026-05-29 00:34:17,24,NORMAL,51.4,47.7563,118.6886,85.2322,9.9731,30.5772,79.5591,138.4306,54.2262,9.6395,2.1032,0.0000,0.0000,49.7730,0.0050,0.0000,0.0000,0.0000
3,hasta_001,1780004057.675,2026-05-29 00:34:17,25,NORMAL,51.9,48.7622,107.9682,75.5514,9.4713,28.6636,78.3272,137.2121,55.0792,9.6327,2.0610,193.4667,0.0036,48.9286,0.0061,0.0000,0.0000,0.0000
3,hasta_001,1780004057.716,2026-05-29 00:34:17,26,NORMAL,51.9,49.6898,106.2413,72.5340,9.0824,26.6874,77.2258,136.0209,55.7505,9.6116,2.0237,193.4667,0.0036,48.0732,0.0059,0.0000,0.0000,0.0000
3,hasta_001,1780004057.769,2026-05-29 00:34:17,27,NORMAL,51.9,48.3667,95.0380,65.0904,8.6034,25.0105,76.1569,134.5030,56.0964,9.5742,1.9950,193.4667,0.0036,47.2190,0.0070,0.0000,0.0000,0.0000
3,hasta_001,1780004057.816,2026-05-29 00:34:17,28,NORMAL,51.9,44.1673,88.2230,66.5542,8.0805,23.8825,75.0144,132.8502,56.4699,9.5209,1.9786,193.4667,0.0036,46.3856,0.0072,0.0000,0.0000,0.0000
3,hasta_001,1780004057.860,2026-05-29 00:34:17,29,NORMAL,51.9,42.0599,81.6814,64.0392,7.6715,22.9019,73.8781,131.0857,56.7309,9.4571,1.9732,193.4667,0.0036,45.5758,0.0080,0.0000,0.0000,0.0000
3,hasta_001,1780004057.914,2026-05-29 00:34:17,30,NORMAL,51.9,37.8939,75.0909,65.8443,7.3802,21.7298,72.6786,129.2192,57.0347,9.3879,1.9756,193.4667,0.0036,44.7809,0.0083,0.0000,0.0000,0.0000
3,hasta_001,1780004057.968,2026-05-29 00:34:17,31,NORMAL,51.9,35.9056,68.6367,62.6178,7.0079,20.7048,71.4924,127.2649,57.2148,9.3111,1.9884,193.4667,0.0036,44.0043,0.0089,0.0000,0.0000,0.0000
3,hasta_001,1780004058.013,2026-05-29 00:34:18,32,NORMAL,51.9,34.4736,62.4034,57.6603,6.6034,19.9975,70.3355,125.2380,57.2287,9.2265,2.0130,187.7793,0.0136,43.2541,0.0086,0.0000,0.0000,0.0000
3,hasta_001,1780004058.043,2026-05-29 00:34:18,33,NORMAL,51.9,33.6675,57.8539,52.8542,6.3208,19.7084,69.2244,123.1961,57.0962,9.1384,2.0439,187.7793,0.0136,42.5406,0.0085,0.0000,0.0000,0.0000
3,hasta_001,1780004058.074,2026-05-29 00:34:18,34,NORMAL,51.9,34.3542,55.0121,46.2320,6.3882,19.7736,68.1988,121.1907,56.7766,9.0575,2.0665,187.7793,0.0136,41.8710,0.0080,0.0000,0.0000,0.0000
3,hasta_001,1780004058.129,2026-05-29 00:34:18,35,NORMAL,51.9,32.9961,49.8685,40.7229,6.5564,20.0226,67.1930,119.1529,56.3180,8.9861,2.0790,187.7793,0.0136,41.2467,0.0075,0.0000,0.0000,0.0000
3,hasta_001,1780004058.256,2026-05-29 00:34:18,36,NORMAL,51.9,32.0224,48.1322,40.1968,6.5286,20.2121,66.2160,117.1801,55.8702,8.9178,2.0893,187.7793,0.0136,40.6624,0.0070,0.0000,0.0000,0.0000
3,hasta_001,1780004058.381,2026-05-29 00:34:18,37,NORMAL,51.9,30.6076,43.2564,34.2490,7.6335,20.3472,65.2537,115.1822,55.2858,8.8831,2.0714,180.8853,0.0242,40.1134,0.0063,0.0000,0.0000,0.0000
3,hasta_001,1780004058.454,2026-05-29 00:34:18,38,NORMAL,51.9,27.6844,41.4138,39.7386,8.6501,20.3346,64.2650,113.2409,54.8767,8.8770,2.0443,180.8853,0.0242,39.5929,0.0065,0.0000,0.0000,0.0000
3,hasta_001,1780004058.508,2026-05-29 00:34:18,39,NORMAL,51.9,27.4177,40.5522,38.6481,9.2291,20.3624,63.3202,111.3771,54.4605,8.8860,2.0187,180.8853,0.0242,39.0998,0.0063,0.0000,0.0000,0.0000
3,hasta_001,1780004058.553,2026-05-29 00:34:18,40,NORMAL,51.9,27.5256,39.9282,36.7735,9.6726,20.3237,62.4253,109.5908,54.0184,8.9057,1.9971,180.8853,0.0242,38.6304,0.0063,0.0000,0.0000,0.0000
3,hasta_001,1780004058.598,2026-05-29 00:34:18,41,NORMAL,51.9,27.5519,39.2251,34.9619,10.3558,20.3718,61.5748,107.8746,53.5536,8.9410,1.9852,180.8853,0.0242,38.1850,0.0061,0.0000,0.0000,0.0000
3,hasta_001,1780004058.650,2026-05-29 00:34:18,42,NORMAL,51.9,28.2154,37.8892,29.2682,11.8338,20.5991,60.7805,106.2083,52.9754,9.0099,2.0104,180.8853,0.0242,37.7663,0.0061,0.0000,0.0000,0.0000
3,hasta_001,1780004058.716,2026-05-29 00:34:18,43,NORMAL,52.9,28.9666,36.7358,23.6497,14.0589,21.0111,60.0406,104.5927,52.2934,9.1273,2.1276,180.8853,0.0242,37.3767,0.0061,0.0000,0.0000,0.0000
3,hasta_001,1780004058.779,2026-05-29 00:34:18,44,NORMAL,52.9,27.6042,34.8122,23.0964,16.9393,21.5347,59.3034,103.0067,51.6298,9.3049,2.4040,180.8853,0.0242,37.0166,0.0061,0.0000,0.0000,0.0000
3,hasta_001,1780004058.837,2026-05-29 00:34:18,45,NORMAL,57.8,27.5317,32.5974,16.8494,18.6103,22.0431,58.5974,101.4421,50.8569,9.5117,2.7445,168.2714,0.0542,36.6839,0.0060,0.0000,0.0000,0.0000
3,hasta_001,1780004058.893,2026-05-29 00:34:18,46,NORMAL,55.8,27.4578,31.4723,13.6245,19.7352,22.5866,57.9204,99.9210,50.0475,9.7339,3.0970,168.2714,0.0542,36.3774,0.0058,0.0000,0.0000,0.0000
3,hasta_001,1780004058.941,2026-05-29 00:34:18,47,NORMAL,56.3,28.7542,32.5421,12.3595,20.2263,23.1168,57.2999,98.4874,49.2456,9.9572,3.4176,168.2714,0.0542,36.0953,0.0061,0.0000,0.0000,0.0000
3,hasta_001,1780004058.984,2026-05-29 00:34:18,48,NORMAL,57.2,31.3819,34.0061,8.0268,20.3658,23.4886,56.7599,97.1440,48.3869,10.1740,3.6941,168.2714,0.0542,35.8326,0.0065,0.0000,0.0000,0.0000
3,hasta_001,1780004059.014,2026-05-29 00:34:19,49,NORMAL,57.2,33.4413,35.1098,4.8679,20.0526,23.6259,56.2840,95.8780,47.4988,10.3756,3.9139,168.2714,0.0542,35.5835,0.0057,0.0000,0.0000,0.0000
3,hasta_001,1780004059.070,2026-05-29 00:34:19,50,NORMAL,57.2,37.0318,37.9865,2.5453,19.4905,23.7482,55.8990,94.7202,46.5997,10.5579,4.0793,168.2714,0.0542,35.3468,0.0051,0.0000,0.0000,0.0000
3,hasta_001,1780004059.143,2026-05-29 00:34:19,51,NORMAL,57.2,38.9827,40.6344,4.1490,18.6442,23.7950,55.5673,93.6597,45.7673,10.7165,4.1919,168.2714,0.0542,35.1203,0.0049,0.0000,0.0000,0.0000
3,hasta_001,1780004059.202,2026-05-29 00:34:19,52,NORMAL,56.5,38.4690,42.4107,9.7471,17.4522,23.5829,55.2385,92.6741,45.0746,10.8460,4.2532,168.2714,0.0542,34.8984,0.0046,0.0000,0.0000,0.0000
3,hasta_001,1780004059.235,2026-05-29 00:34:19,53,NORMAL,55.8,38.0716,43.7846,13.9586,16.6078,23.3467,54.9146,91.7517,44.4875,10.9547,4.2852,168.2714,0.0542,34.6805,0.0025,0.0000,0.0000,0.0000
3,hasta_001,1780004059.290,2026-05-29 00:34:19,54,NORMAL,55.9,37.4981,45.4863,19.2521,15.1794,22.8853,54.5921,90.8949,44.0202,11.0329,4.2834,168.2714,0.0542,34.4621,0.0009,0.0000,0.0000,0.0000
3,hasta_001,1780004059.353,2026-05-29 00:34:19,55,NORMAL,52.4,35.9818,46.4634,25.4269,13.9621,22.3112,54.2537,90.0871,43.6822,11.0862,4.2622,168.2714,0.0542,34.2411,0.0016,0.0000,0.0000,0.0000
3,hasta_001,1780004059.420,2026-05-29 00:34:19,56,NORMAL,52.4,36.2397,47.5817,27.0622,13.0514,22.0290,53.9320,89.3281,43.3854,11.1213,4.2320,168.2714,0.0542,34.0231,0.0017,0.0000,0.0000,0.0000
3,hasta_001,1780004059.470,2026-05-29 00:34:19,57,NORMAL,51.9,35.1753,47.9247,30.6844,12.4995,21.8031,53.6029,88.6017,43.1625,11.1455,4.1986,149.0119,0.1143,33.8087,0.0022,0.0000,0.0000,0.0000
3,hasta_001,1780004059.543,2026-05-29 00:34:19,58,NORMAL,51.9,34.9073,47.9066,31.3939,11.9723,21.5951,53.2806,87.9001,42.9596,11.1597,4.1637,149.0119,0.1143,33.5981,0.0029,0.0000,0.0000,0.0000
3,hasta_001,1780004059.578,2026-05-29 00:34:19,59,NORMAL,51.9,34.9283,48.1906,31.9118,11.5327,21.2924,52.9696,87.2270,42.7724,11.1660,4.1285,149.0119,0.1143,33.3895,0.0033,0.0000,0.0000,0.0000
3,hasta_001,1780004059.612,2026-05-29 00:34:19,60,NORMAL,51.9,34.9448,48.7344,32.9584,11.1329,20.8459,52.6691,86.5855,42.6088,11.1655,4.0940,149.0119,0.1143,33.1805,0.0036,0.0000,0.0000,0.0000
3,hasta_001,1780004059.653,2026-05-29 00:34:19,61,NORMAL,51.9,34.9112,49.3798,34.3301,10.6501,20.1331,52.3780,85.9755,42.4731,11.1570,4.0608,149.0119,0.1143,32.9666,0.0022,0.0000,0.0000,0.0000
3,hasta_001,1780004059.728,2026-05-29 00:34:19,62,NORMAL,51.9,34.6794,50.0909,36.3606,9.8763,18.9217,52.0926,85.3968,42.3745,11.1364,4.0312,149.0119,0.1143,32.7400,0.0025,0.0000,0.0000,0.0000
3,hasta_001,1780004059.856,2026-05-29 00:34:19,63,NORMAL,51.9,33.8853,51.3217,40.9273,9.0607,17.3780,51.8036,84.8559,42.3515,11.1034,4.0074,149.0119,0.1143,32.4962,0.0026,0.0000,0.0000,0.0000
3,hasta_001,1780004059.920,2026-05-29 00:34:19,64,NORMAL,51.9,34.3226,52.4810,41.8380,8.6615,16.5638,51.5304,84.3500,42.3435,11.0653,3.9875,149.0119,0.1143,32.2473,0.0023,0.0000,0.0000,0.0000
3,hasta_001,1780004059.959,2026-05-29 00:34:19,65,NORMAL,51.9,34.8212,52.1100,39.7758,8.4980,16.0919,51.2734,83.8540,42.3040,11.0258,3.9693,149.0119,0.1143,31.9987,0.0027,0.0000,0.0000,0.0000
3,hasta_001,1780004060.011,2026-05-29 00:34:20,66,NORMAL,51.9,34.9070,52.0073,39.3498,8.3035,15.3795,51.0254,83.3715,42.2593,10.9845,3.9532,142.0283,0.1164,31.7469,0.0029,0.0000,0.0000,0.0000
3,hasta_001,1780004060.074,2026-05-29 00:34:20,67,NORMAL,51.9,35.8140,51.4039,35.7494,8.1558,14.8109,50.7983,82.8944,42.1621,10.9423,3.9385,142.0283,0.1164,31.4941,0.0026,0.0000,0.0000,0.0000
3,hasta_001,1780004060.140,2026-05-29 00:34:20,68,NORMAL,51.9,35.6282,50.8127,35.1326,8.0303,14.4661,50.5753,82.4226,42.0587,10.8995,3.9251,142.0283,0.1164,31.2437,0.0025,0.0000,0.0000,0.0000
3,hasta_001,1780004060.222,2026-05-29 00:34:20,69,NORMAL,51.9,36.7768,51.4765,33.3126,8.3545,14.0449,50.3753,81.9741,41.9320,10.8626,3.9084,142.0283,0.1164,30.9945,0.0025,0.0000,0.0000,0.0000
3,hasta_001,1780004060.285,2026-05-29 00:34:20,70,NORMAL,51.9,37.0764,51.2220,32.0404,8.3059,13.8314,50.1853,81.5348,41.7907,10.8261,3.8923,142.0283,0.1164,30.7493,0.0028,0.0000,0.0000,0.0000
3,hasta_001,1780004060.369,2026-05-29 00:34:20,71,NORMAL,52.4,38.0174,49.2936,25.8300,8.0134,13.8157,50.0139,81.0807,41.5659,10.7865,3.8789,142.0283,0.1164,30.5108,0.0030,0.0000,0.0000,0.0000
3,hasta_001,1780004060.429,2026-05-29 00:34:20,72,NORMAL,55.4,38.8445,47.8714,20.8195,7.7921,13.9004,49.8588,80.6194,41.2777,10.7449,3.8678,142.0283,0.1164,30.2801,0.0034,0.0000,0.0000,0.0000
3,hasta_001,1780004060.470,2026-05-29 00:34:20,73,NORMAL,56.4,39.1511,47.0546,18.3365,7.6428,14.0565,49.7121,80.1596,40.9634,10.7024,3.8581,142.0283,0.1164,30.0578,0.0033,0.0000,0.0000,0.0000
3,hasta_001,1780004060.506,2026-05-29 00:34:20,74,NORMAL,55.4,38.6419,47.4445,20.4507,7.4904,14.2052,49.5625,79.7175,40.6862,10.6590,3.8499,142.0283,0.1164,29.8436,0.0035,0.0000,0.0000,0.0000
3,hasta_001,1780004060.552,2026-05-29 00:34:20,75,NORMAL,52.4,37.3857,49.0154,26.9203,7.3121,14.4204,49.4001,79.3082,40.5027,10.6144,3.8433,142.0283,0.1164,29.6380,0.0035,0.0000,0.0000,0.0000
3,hasta_001,1780004060.599,2026-05-29 00:34:20,76,NORMAL,51.9,35.1794,51.7486,38.1217,7.1447,14.6902,49.2130,78.9456,40.4714,10.5687,3.8384,135.4093,0.1218,29.4413,0.0034,0.0000,0.0000,0.0000
3,hasta_001,1780004060.651,2026-05-29 00:34:20,77,NORMAL,51.9,32.0597,55.1842,53.0110,7.0402,14.9299,48.9903,78.6370,40.6342,10.5229,3.8342,135.4093,0.1218,29.2528,0.0035,0.0000,0.0000,0.0000
3,hasta_001,1780004060.695,2026-05-29 00:34:20,78,NORMAL,51.9,29.4576,57.6243,64.6900,6.9351,15.1618,48.7398,78.3676,40.9426,10.4769,3.8309,135.4093,0.1218,29.0722,0.0035,0.0000,0.0000,0.0000
3,hasta_001,1780004060.773,2026-05-29 00:34:20,79,NORMAL,51.9,25.5755,61.4189,82.4040,6.9902,15.5118,48.4466,78.1530,41.4675,10.4328,3.8265,135.4093,0.1218,28.9005,0.0037,0.0000,0.0000,0.0000
3,hasta_001,1780004060.814,2026-05-29 00:34:20,80,NORMAL,51.9,23.4824,62.9378,91.3107,7.0831,15.6354,48.1346,77.9628,42.0905,10.3909,3.8207,135.4093,0.1218,28.7347,0.0037,0.0000,0.0000,0.0000
3,hasta_001,1780004060.864,2026-05-29 00:34:20,81,NORMAL,51.9,22.3493,64.3557,96.8951,7.2960,15.6228,47.8162,77.7948,42.7671,10.3527,3.8124,135.4093,0.1218,28.5728,0.0041,0.0000,0.0000,0.0000
3,hasta_001,1780004060.911,2026-05-29 00:34:20,82,NORMAL,51.9,21.6500,64.5874,99.5796,7.4027,15.5437,47.4971,77.6338,43.4599,10.3167,3.8028,135.4093,0.1218,28.4139,0.0041,0.0000,0.0000,0.0000
3,hasta_001,1780004060.988,2026-05-29 00:34:20,83,NORMAL,51.9,20.6010,60.9959,99.0108,7.4649,15.3965,47.1731,77.4333,44.1292,10.2823,3.7926,135.4093,0.1218,28.2571,0.0041,0.0000,0.0000,0.0000
3,hasta_001,1780004061.034,2026-05-29 00:34:21,84,NORMAL,51.9,20.0009,58.5487,98.1488,7.5233,15.2102,46.8496,77.2085,44.7723,10.2495,3.7819,135.4093,0.1218,28.1018,0.0042,0.0000,0.0000,0.0000
3,hasta_001,1780004061.082,2026-05-29 00:34:21,85,NORMAL,51.9,19.0417,56.4119,99.0548,7.5144,15.0653,46.5225,76.9638,45.4109,10.2173,3.7711,135.4093,0.1218,27.9484,0.0041,0.0000,0.0000,0.0000
3,hasta_001,1780004061.134,2026-05-29 00:34:21,86,NORMAL,51.9,18.5107,55.6023,100.0946,7.4929,14.8399,46.1967,76.7155,46.0468,10.1856,3.7605,135.4093,0.1218,27.7960,0.0040,0.0000,0.0000,0.0000
3,hasta_001,1780004061.229,2026-05-29 00:34:21,87,NORMAL,51.9,16.6993,48.7331,97.9140,7.5293,14.1755,45.8577,76.3938,46.6430,10.1551,3.7495,135.4093,0.1218,27.6394,0.0041,0.0000,0.0000,0.0000
3,hasta_001,1780004061.284,2026-05-29 00:34:21,88,NORMAL,51.9,28.3127,51.9188,58.8449,6.9941,13.3382,45.6583,76.1157,46.7816,10.1192,3.7432,135.4093,0.1218,27.4769,0.0040,0.0000,0.0000,0.0000
3,hasta_001,1780004061.322,2026-05-29 00:34:21,89,NORMAL,51.9,37.9864,56.1077,38.5174,6.4714,12.2947,45.5721,75.8909,46.6888,10.0782,3.7419,135.4093,0.1218,27.3063,0.0042,0.0000,0.0000,0.0000
3,hasta_001,1780004061.397,2026-05-29 00:34:21,90,NORMAL,53.9,48.4965,63.2183,26.3561,6.9779,9.6395,45.6046,75.7501,46.4628,10.0437,3.7352,135.4093,0.1218,27.1100,0.0043,0.0000,0.0000,0.0000
3,hasta_001,1780004061.449,2026-05-29 00:34:21,91,NORMAL,57.4,53.6371,68.1648,23.8547,7.8350,6.8048,45.6929,75.6667,46.2144,10.0195,3.7217,135.4093,0.1218,26.8869,0.0048,0.0000,0.0000,0.0000
3,hasta_001,1780004061.516,2026-05-29 00:34:21,92,NORMAL,67.3,59.5743,72.2922,19.2890,8.1903,6.0646,45.8438,75.6300,45.9217,9.9996,3.7063,135.4093,0.1218,26.6606,0.0053,0.0000,0.0000,0.0000
3,hasta_001,1780004061.566,2026-05-29 00:34:21,93,NORMAL,60.5,62.6050,74.3998,17.2180,8.5362,6.4354,46.0240,75.6168,45.6131,9.9839,3.6894,135.4093,0.1218,26.4431,0.0059,0.0000,0.0000,0.0000
3,hasta_001,1780004061.600,2026-05-29 00:34:21,94,NORMAL,63.4,64.4509,75.7128,16.0697,8.7060,6.9650,46.2200,75.6178,45.2988,9.9703,3.6721,135.4093,0.1218,26.2359,0.0063,0.0000,0.0000,0.0000
3,hasta_001,1780004061.654,2026-05-29 00:34:21,95,NORMAL,65.3,67.1174,77.9076,14.8806,8.6967,7.7356,46.4400,75.6419,44.9786,9.9569,3.6550,135.4093,0.1218,26.0411,0.0068,0.0000,0.0000,0.0000
3,hasta_001,1780004061.707,2026-05-29 00:34:21,96,NORMAL,64.8,69.7159,79.8708,13.5772,8.5942,8.3868,46.6824,75.6860,44.6515,9.9427,3.6386,135.4093,0.1218,25.8572,0.0073,0.0000,0.0000,0.0000
3,hasta_001,1780004061.737,2026-05-29 00:34:21,97,NORMAL,61.8,71.4303,81.0977,12.6763,8.6195,8.7486,46.9376,75.7418,44.3219,9.9290,3.6222,135.4093,0.1218,25.6809,0.0078,0.0000,0.0000,0.0000
3,hasta_001,1780004061.771,2026-05-29 00:34:21,98,NORMAL,62.0,73.2889,82.3809,11.6811,8.6575,9.1105,47.2065,75.8095,43.9888,9.9160,3.6060,135.4093,0.1218,25.5118,0.0082,0.0000,0.0000,0.0000
3,hasta_001,1780004061.821,2026-05-29 00:34:21,99,NORMAL,60.5,75.3042,83.9073,10.8072,8.7170,9.4971,47.4903,75.8913,43.6536,9.9039,3.5897,135.4093,0.1218,25.3500,0.0086,0.0000,0.0000,0.0000
3,hasta_001,1780004061.861,2026-05-29 00:34:21,100,NORMAL,58.5,76.7353,84.9733,10.1887,8.8066,9.7564,47.7827,75.9821,43.3190,9.8930,3.5734,135.4093,0.1218,25.1941,0.0090,0.0000,0.0000,0.0000
3,hasta_001,1780004061.910,2026-05-29 00:34:21,101,NORMAL,58.5,77.8712,85.8663,9.7658,8.9397,9.9109,48.0806,76.0800,42.9868,9.8835,3.5569,135.4093,0.1218,25.0428,0.0093,0.0000,0.0000,0.0000
3,hasta_001,1780004061.960,2026-05-29 00:34:21,102,NORMAL,58.7,78.2605,86.1996,9.6547,9.0564,9.9546,48.3765,76.1792,42.6600,9.8754,3.5404,135.4093,0.1218,24.8948,0.0096,0.0000,0.0000,0.0000
3,hasta_001,1780004061.998,2026-05-29 00:34:21,103,NORMAL,58.7,78.1730,86.0247,9.5636,9.1533,9.8961,48.6658,76.2748,42.3387,9.8684,3.5239,135.4093,0.1218,24.7492,0.0099,0.0000,0.0000,0.0000
3,hasta_001,1780004062.403,2026-05-29 00:34:22,104,NORMAL,59.7,78.1824,81.1436,3.7172,9.5720,9.6291,48.9496,76.3216,41.9673,9.8656,3.5070,135.4093,0.1218,24.6038,0.0091,0.0000,0.0000,0.0000
3,hasta_001,1780004062.448,2026-05-29 00:34:22,105,NORMAL,59.2,75.2900,80.7845,7.0409,9.9978,9.7707,49.2005,76.3641,41.6347,9.8668,3.4903,135.4093,0.1218,24.4626,0.0093,0.0000,0.0000,0.0000
3,hasta_001,1780004062.500,2026-05-29 00:34:22,106,NORMAL,57.8,71.8977,81.4489,12.4570,10.5609,10.3519,49.4146,76.4121,41.3594,9.8734,3.4744,135.4093,0.1218,24.3294,0.0094,0.0000,0.0000,0.0000
3,hasta_001,1780004062.552,2026-05-29 00:34:22,107,NORMAL,52.4,63.6258,82.8599,26.2607,11.2690,11.4024,49.5474,76.4724,41.2183,9.8864,3.4607,135.4093,0.1218,24.2086,0.0095,0.0000,0.0000,0.0000
3,hasta_001,1780004062.657,2026-05-29 00:34:22,108,NORMAL,51.9,53.9151,88.7528,48.8375,12.1855,13.8927,49.5879,76.5861,41.2889,9.9077,3.4517,135.4093,0.1218,24.1131,0.0095,0.0000,0.0000,0.0000
3,hasta_001,1780004062.772,2026-05-29 00:34:22,109,NORMAL,51.9,48.6281,99.9700,69.1017,12.8164,16.5413,49.5791,76.8006,41.5440,9.9344,3.4470,135.4093,0.1218,24.0436,0.0095,0.0000,0.0000,0.0000
3,hasta_001,1780004063.626,2026-05-29 00:34:23,110,NORMAL,51.9,139.3807,189.0412,30.2419,12.5496,46.9452,50.3954,77.8210,41.4413,9.9582,3.4403,135.4093,0.1218,24.2518,0.0019,0.0000,0.0000,0.0000
3,hasta_001,1780004063.675,2026-05-29 00:34:23,111,NORMAL,51.9,139.3980,196.9796,34.2363,12.6357,48.3521,51.1973,78.8945,41.3764,9.9823,3.4341,135.4093,0.1218,24.4690,0.0019,0.0000,0.0000,0.0000
3,hasta_001,1780004063.715,2026-05-29 00:34:23,112,NORMAL,51.9,143.1576,209.6619,37.6987,12.8794,49.2785,52.0183,80.0620,41.3435,10.0081,3.4296,135.4093,0.1218,24.6905,0.0019,0.0000,0.0000,0.0000
3,hasta_001,1780004063.791,2026-05-29 00:34:23,113,NORMAL,51.4,151.2029,222.1000,37.9837,13.1504,49.8351,52.8961,81.3190,41.3138,10.0359,3.4270,80.1532,0.8716,24.9130,0.0019,0.0000,0.0000,0.0000
3,hasta_001,1780004063.862,2026-05-29 00:34:23,114,NORMAL,51.4,161.6575,231.6961,35.6110,13.3366,49.8626,53.8501,82.6381,41.2638,10.0649,3.4258,80.1532,0.8716,25.1318,0.0018,0.0000,0.0000,0.0000
3,hasta_001,1780004063.922,2026-05-29 00:34:23,115,NORMAL,51.4,169.8810,243.0912,35.4552,13.6016,49.1933,54.8591,84.0333,41.2133,10.0957,3.4266,80.1532,0.8716,25.3411,0.0017,0.0000,0.0000,0.0000
3,hasta_001,1780004063.978,2026-05-29 00:34:23,116,NORMAL,51.4,168.1149,253.0759,40.3432,14.0089,48.5178,55.8354,85.4906,41.2058,10.1294,3.4310,80.1532,0.8716,25.5409,0.0017,0.0000,0.0000,0.0000
3,hasta_001,1780004064.019,2026-05-29 00:34:24,117,NORMAL,51.4,174.8620,262.9194,40.2290,14.3573,47.6760,56.8528,87.0071,41.1974,10.1655,3.4384,80.1532,0.8716,25.7301,0.0017,0.0000,0.0000,0.0000
3,hasta_001,1780004064.081,2026-05-29 00:34:24,118,NORMAL,51.4,189.8264,271.4752,35.3993,14.5329,46.2480,57.9796,88.5704,41.1483,10.2025,3.4471,80.1532,0.8716,25.9039,0.0016,0.0000,0.0000,0.0000
3,hasta_001,1780004064.211,2026-05-29 00:34:24,119,NORMAL,51.4,189.1226,264.8999,33.3804,14.3525,44.4516,59.0817,90.0521,41.0830,10.2374,3.4534,83.8340,0.8327,26.0598,0.0016,0.0000,0.0000,0.0000
3,hasta_001,1780004064.275,2026-05-29 00:34:24,120,NORMAL,51.4,189.6371,263.6128,32.6423,13.9292,44.2429,60.1697,91.4985,41.0127,10.2682,3.4553,83.8340,0.8327,26.2113,0.0016,0.0000,0.0000,0.0000
3,hasta_001,1780004064.322,2026-05-29 00:34:24,121,NORMAL,51.4,184.4750,259.9084,33.9497,13.5997,44.0700,61.2062,93.2148,41.2060,10.3294,3.4487,83.8340,0.8327,26.0513,0.0016,0.0000,0.0000,0.0000
3,hasta_001,1780004064.384,2026-05-29 00:34:24,122,NORMAL,51.4,182.9901,259.5028,34.5826,13.2914,43.8288,62.2304,94.9291,41.4019,10.3857,3.4415,83.8340,0.8327,25.8895,0.0016,0.0000,0.0000,0.0000
3,hasta_001,1780004064.425,2026-05-29 00:34:24,123,NORMAL,51.4,172.8113,248.4690,35.9180,12.9336,43.6848,63.1645,96.5532,41.5970,10.4370,3.4331,83.8340,0.8327,25.7284,0.0016,0.0000,0.0000,0.0000
3,hasta_001,1780004064.473,2026-05-29 00:34:24,124,NORMAL,51.4,172.1066,249.2191,36.6047,12.5162,43.5249,64.0921,98.1795,41.8044,10.4830,3.4237,83.8340,0.8327,25.5696,0.0018,0.0000,0.0000,0.0000
3,hasta_001,1780004064.543,2026-05-29 00:34:24,125,NORMAL,51.4,165.4074,246.3005,39.2964,12.1865,43.2547,64.5403,99.2899,42.1213,10.5246,3.4138,83.8340,0.8327,25.4440,0.0018,0.0000,0.0000,0.0000
3,hasta_001,1780004064.613,2026-05-29 00:34:24,126,NORMAL,51.4,166.4803,247.0919,38.9831,12.1008,43.2947,64.9663,100.3652,42.4270,10.5664,3.4022,83.8340,0.8327,25.3283,0.0018,0.0000,0.0000,0.0000
3,hasta_001,1780004064.655,2026-05-29 00:34:24,127,NORMAL,51.4,168.1791,249.0399,38.7618,12.0677,43.3375,65.3981,101.4047,42.6950,10.6066,3.3912,83.8340,0.8327,25.2198,0.0018,0.0000,0.0000,0.0000
3,hasta_001,1780004064.708,2026-05-29 00:34:24,128,NORMAL,51.4,172.0293,255.4781,39.0397,11.9154,43.1750,65.8733,102.3543,42.8480,10.6412,3.3831,83.8340,0.8327,25.1132,0.0018,0.0000,0.0000,0.0000
3,hasta_001,1780004064.774,2026-05-29 00:34:24,129,NORMAL,51.4,171.8072,253.4293,38.3890,11.8038,42.9479,66.3513,103.1767,42.9184,10.6712,3.3773,83.8340,0.8327,25.0065,0.0017,0.0000,0.0000,0.0000
3,hasta_001,1780004064.821,2026-05-29 00:34:24,130,NORMAL,51.4,171.7519,254.0450,38.6537,11.7268,42.6138,66.8579,103.8578,42.8796,10.6913,3.3764,83.8340,0.8327,24.9035,0.0017,0.0000,0.0000,0.0000
3,hasta_001,1780004064.893,2026-05-29 00:34:24,131,NORMAL,51.4,173.2365,262.0893,40.8213,11.5732,42.5843,67.3993,104.4269,42.7479,10.7003,3.3773,83.8340,0.8327,24.8060,0.0016,0.0000,0.0000,0.0000
3,hasta_001,1780004064.933,2026-05-29 00:34:24,132,NORMAL,51.4,168.5971,261.7894,43.3063,11.3738,42.5479,67.9120,104.8701,42.5726,10.7011,3.3774,83.8340,0.8327,24.7110,0.0015,0.0000,0.0000,0.0000
3,hasta_001,1780004064.988,2026-05-29 00:34:24,133,NORMAL,51.4,168.4742,264.1236,44.2209,11.2459,42.4665,68.4223,105.2190,42.3594,10.6935,3.3752,83.8340,0.8327,24.6190,0.0015,0.0000,0.0000,0.0000
3,hasta_001,1780004065.041,2026-05-29 00:34:25,134,NORMAL,51.4,165.2659,263.9410,45.9802,11.2168,42.6199,68.9158,105.6177,42.1732,10.6831,3.3716,83.8340,0.8327,24.5309,0.0014,0.0000,0.0000,0.0000
3,hasta_001,1780004065.095,2026-05-29 00:34:25,135,NORMAL,51.4,159.7464,259.6320,47.6351,11.3063,42.6964,69.5874,106.1773,41.8748,10.6743,3.3686,82.0839,0.7954,24.4930,0.0013,0.0000,0.0000,0.0000
3,hasta_001,1780004065.130,2026-05-29 00:34:25,136,NORMAL,51.4,160.8168,260.7285,47.4026,11.3658,42.8178,70.3495,106.9292,41.5671,10.6684,3.3668,82.0839,0.7954,24.4755,0.0012,0.0000,0.0000,0.0000
3,hasta_001,1780004065.169,2026-05-29 00:34:25,137,NORMAL,51.4,163.7539,265.6572,47.4619,11.3922,42.9739,71.1933,107.8553,41.2559,10.6666,3.3663,82.0839,0.7954,24.4737,0.0011,0.0000,0.0000,0.0000
3,hasta_001,1780004065.215,2026-05-29 00:34:25,138,NORMAL,51.4,168.1554,276.1488,48.6124,11.6063,43.2958,72.1370,108.9923,40.9349,10.6694,3.3670,82.0839,0.7954,24.4869,0.0010,0.0000,0.0000,0.0000
3,hasta_001,1780004065.312,2026-05-29 00:34:25,139,NORMAL,51.4,167.0792,267.8211,46.3287,11.6457,43.9395,73.1003,110.0852,40.5663,10.6730,3.3678,82.0839,0.7954,24.5181,0.0010,0.0000,0.0000,0.0000
3,hasta_001,1780004065.348,2026-05-29 00:34:25,140,NORMAL,51.4,161.0766,260.9931,47.3460,11.6807,44.1063,74.0344,111.1138,40.1694,10.6774,3.3687,82.0839,0.7954,24.5665,0.0011,0.0000,0.0000,0.0000
3,hasta_001,1780004065.402,2026-05-29 00:34:25,141,NORMAL,51.4,153.1352,252.4198,48.9624,11.7244,44.0407,74.9157,112.0462,39.7513,10.6827,3.3699,86.2494,0.7705,24.6330,0.0011,0.0000,0.0000,0.0000
3,hasta_001,1780004065.459,2026-05-29 00:34:25,142,NORMAL,51.4,143.4433,245.1001,52.3271,11.7298,43.8374,75.7176,113.0054,39.4088,10.6913,3.3712,86.2494,0.7705,24.7120,0.0009,0.0000,0.0000,0.0000
3,hasta_001,1780004065.501,2026-05-29 00:34:25,143,NORMAL,51.4,121.2678,213.2545,54.9959,11.5376,43.4370,76.3399,113.7696,39.1242,10.7029,3.3717,86.2494,0.7705,24.8040,0.0009,0.0000,0.0000,0.0000
3,hasta_001,1780004065.610,2026-05-29 00:34:25,144,NORMAL,51.4,106.9719,193.8002,57.7370,11.1791,42.4012,76.8333,114.3956,38.8951,10.7129,3.3714,86.2494,0.7705,24.9025,0.0008,0.0000,0.0000,0.0000
3,hasta_001,1780004065.710,2026-05-29 00:34:25,145,NORMAL,51.4,98.4817,188.4295,62.7007,10.7397,41.3880,77.2476,115.0661,38.7880,10.7235,3.3694,90.1168,0.7475,25.0086,0.0008,0.0000,0.0000,0.0000
3,hasta_001,1780004065.790,2026-05-29 00:34:25,146,NORMAL,51.4,94.9232,187.1838,65.4083,10.3550,40.4837,77.6246,115.7406,38.7286,10.7341,3.3662,90.1168,0.7475,25.1235,0.0006,0.0000,0.0000,0.0000
3,hasta_001,1780004065.843,2026-05-29 00:34:25,147,NORMAL,51.4,87.0198,180.9947,70.1267,10.0984,39.6288,77.9467,116.4569,38.7706,10.7466,3.3611,90.1168,0.7475,25.2454,0.0006,0.0000,0.0000,0.0000
3,hasta_001,1780004065.888,2026-05-29 00:34:25,148,NORMAL,51.4,83.4896,180.9948,73.7323,9.9584,38.9827,78.2744,117.2300,38.8304,10.7622,3.3530,90.1168,0.7475,25.3712,0.0004,0.0000,0.0000,0.0000
3,hasta_001,1780004065.932,2026-05-29 00:34:25,149,NORMAL,51.4,81.1751,180.0202,75.6867,9.8245,38.4139,78.6003,118.0495,38.9274,10.7802,3.3422,90.1168,0.7475,25.5005,0.0003,0.0000,0.0000,0.0000
3,hasta_001,1780004065.973,2026-05-29 00:34:25,150,NORMAL,51.4,77.4781,179.4200,79.3636,9.8068,37.5604,78.9302,118.9189,39.0401,10.8004,3.3289,90.1168,0.7475,25.6324,0.0002,0.0000,0.0000,0.0000
3,hasta_001,1780004066.033,2026-05-29 00:34:26,151,NORMAL,51.4,74.1971,179.8569,83.1790,10.0703,36.7180,79.2493,119.8457,39.2114,10.8259,3.3114,90.1168,0.7475,25.7658,0.0003,0.0000,0.0000,0.0000
3,hasta_001,1780004066.082,2026-05-29 00:34:26,152,NORMAL,51.4,70.8526,165.8041,80.2441,10.0719,36.1648,79.5525,120.7074,39.3996,10.8548,3.2895,90.1168,0.7475,25.9006,0.0003,0.0000,0.0000,0.0000
3,hasta_001,1780004066.126,2026-05-29 00:34:26,153,NORMAL,50.9,65.2500,134.2092,69.1462,9.9507,35.6565,79.8157,121.3437,39.5354,10.8851,3.2642,92.5946,0.7231,26.0335,0.0003,0.0000,0.0000,0.0000
3,hasta_001,1780004066.179,2026-05-29 00:34:26,154,NORMAL,50.9,57.3438,113.3853,65.6497,9.7986,34.9357,80.0072,121.8301,39.6972,10.9135,3.2397,92.5946,0.7231,26.1598,0.0004,0.0000,0.0000,0.0000
3,hasta_001,1780004066.219,2026-05-29 00:34:26,155,NORMAL,50.9,51.5160,100.9080,64.8086,9.6471,33.9885,80.1616,122.2555,39.8979,10.9392,3.2172,92.5946,0.7231,26.2762,0.0004,0.0000,0.0000,0.0000
3,hasta_001,1780004066.271,2026-05-29 00:34:26,156,NORMAL,50.9,48.8319,99.1521,68.0076,9.6230,32.5492,80.3016,122.6806,40.1297,10.9650,3.1940,92.5946,0.7231,26.3790,0.0005,0.0000,0.0000,0.0000
3,hasta_001,1780004066.335,2026-05-29 00:34:26,157,NORMAL,50.9,46.7868,99.0627,71.6847,9.6730,30.8458,80.4365,123.1457,40.4417,10.9820,3.1816,92.5946,0.7231,26.4665,0.0004,0.0000,0.0000,0.0000
3,hasta_001,1780004066.398,2026-05-29 00:34:26,158,NORMAL,50.9,45.3297,100.0754,75.3010,9.8831,29.1359,80.5835,123.6345,40.7380,10.9923,3.1761,92.5946,0.7231,26.5398,0.0005,0.0000,0.0000,0.0000
3,hasta_001,1780004066.435,2026-05-29 00:34:26,159,NORMAL,50.9,44.4409,101.3908,78.1035,10.0762,27.9183,80.7254,124.1415,41.0668,10.9994,3.1731,92.5946,0.7231,26.6028,0.0004,0.0000,0.0000,0.0000
3,hasta_001,1780004066.512,2026-05-29 00:34:26,160,NORMAL,50.9,42.3258,104.8734,84.9835,10.6092,25.8552,80.8487,124.6827,41.4686,11.0072,3.1710,92.5946,0.7231,26.6489,0.0005,0.0000,0.0000,0.0000
3,hasta_001,1780004066.585,2026-05-29 00:34:26,161,NORMAL,50.9,40.0352,103.9780,88.8013,10.8454,24.2132,80.9527,125.2223,41.9172,11.0112,3.1705,92.5946,0.7231,26.6809,0.0005,0.0000,0.0000,0.0000
3,hasta_001,1780004066.634,2026-05-29 00:34:26,162,NORMAL,50.9,39.5347,97.2773,84.4116,10.8591,23.2724,81.0471,125.7172,42.3767,11.0031,3.1696,92.5946,0.7231,26.7032,0.0005,0.0000,0.0000,0.0000
3,hasta_001,1780004066.664,2026-05-29 00:34:26,163,NORMAL,50.4,38.1740,92.1354,82.8205,10.8067,22.6896,81.1238,126.1789,42.8698,10.9760,3.1572,93.6564,0.6992,26.7172,0.0004,0.0000,0.0000,0.0000
3,hasta_001,1780004066.695,2026-05-29 00:34:26,164,NORMAL,50.4,37.3301,86.9180,79.8208,10.7193,22.0419,81.2048,126.6131,43.3425,10.9242,3.1096,93.6564,0.6992,26.7214,0.0005,0.0000,0.0000,0.0000
3,hasta_001,1780004066.745,2026-05-29 00:34:26,165,NORMAL,50.4,36.0701,80.1058,75.8086,10.7578,21.0446,81.2760,127.0090,43.8339,10.8587,3.0287,93.6564,0.6992,26.7131,0.0005,0.0000,0.0000,0.0000
3,hasta_001,1780004066.806,2026-05-29 00:34:26,166,NORMAL,50.4,35.0942,77.2709,75.0708,10.7207,20.0386,81.3396,127.3907,44.3459,10.7836,2.9174,93.6564,0.6992,26.6918,0.0005,0.0000,0.0000,0.0000
3,hasta_001,1780004066.870,2026-05-29 00:34:26,167,NORMAL,50.4,34.5334,76.4891,75.5806,10.7109,19.0941,81.3878,127.7569,44.8728,10.7043,2.7860,93.6564,0.6992,26.6583,0.0004,0.0000,0.0000,0.0000
3,hasta_001,1780004066.929,2026-05-29 00:34:26,168,NORMAL,50.4,33.8184,76.4182,77.2881,10.5611,18.3687,81.4081,128.1103,45.4499,10.6226,2.6415,93.6564,0.6992,26.6157,0.0007,0.0000,0.0000,0.0000
3,hasta_001,1780004066.975,2026-05-29 00:34:26,169,NORMAL,50.4,33.5631,76.6554,78.1943,10.4489,17.8825,81.4091,128.4565,46.0610,10.5426,2.4961,93.6564,0.6992,26.5678,0.0008,0.0000,0.0000,0.0000
3,hasta_001,1780004067.094,2026-05-29 00:34:27,170,NORMAL,50.4,32.5466,78.1706,82.4153,10.1730,17.1910,81.3717,128.7914,46.7266,10.4649,2.3576,93.6564,0.6992,26.5131,0.0008,0.0000,0.0000,0.0000
3,hasta_001,1780004067.141,2026-05-29 00:34:27,171,NORMAL,50.4,31.8985,78.0185,83.9179,10.0093,16.8528,81.3127,129.1029,47.3913,10.3930,2.2355,93.6564,0.6992,26.4553,0.0010,0.0000,0.0000,0.0000
3,hasta_001,1780004067.188,2026-05-29 00:34:27,172,NORMAL,50.4,31.1171,78.6984,86.6568,9.9029,16.5399,81.2514,129.4053,48.0322,10.3301,2.1401,94.7294,0.6775,26.3966,0.0017,0.0000,0.0000,0.0000
3,hasta_001,1780004067.239,2026-05-29 00:34:27,173,NORMAL,50.4,30.4500,76.8152,86.4496,9.6913,16.1674,81.1879,129.6806,48.6363,10.2724,2.0620,94.7294,0.6775,26.3368,0.0024,0.0000,0.0000,0.0000
3,hasta_001,1780004067.278,2026-05-29 00:34:27,174,NORMAL,50.4,30.0867,70.6027,80.4772,9.2907,16.0073,81.1262,129.8899,49.1465,10.2234,2.0141,94.7294,0.6775,26.2795,0.0022,0.0000,0.0000,0.0000
3,hasta_001,1780004067.311,2026-05-29 00:34:27,175,NORMAL,50.4,29.6286,67.5313,78.0213,9.0832,15.8731,81.0732,130.0655,49.5848,10.1827,1.9873,94.7294,0.6775,26.2258,0.0023,0.0000,0.0000,0.0000
3,hasta_001,1780004067.363,2026-05-29 00:34:27,176,NORMAL,50.4,29.5521,66.0609,76.3679,8.9000,15.7560,81.0175,130.2195,49.9957,10.1481,1.9731,94.7294,0.6775,26.1735,0.0021,0.0000,0.0000,0.0000
3,hasta_001,1780004067.411,2026-05-29 00:34:27,177,NORMAL,50.4,29.6199,63.2464,72.4193,8.7692,15.6342,80.9712,130.3471,50.3435,10.1170,1.9652,94.7294,0.6775,26.1221,0.0019,0.0000,0.0000,0.0000
3,hasta_001,1780004067.467,2026-05-29 00:34:27,178,NORMAL,50.4,29.4746,61.5875,70.5297,8.8040,15.4232,80.9259,130.4612,50.6696,10.0906,1.9614,94.7294,0.6775,26.0707,0.0019,0.0000,0.0000,0.0000
3,hasta_001,1780004067.519,2026-05-29 00:34:27,179,NORMAL,50.4,29.6117,58.6344,65.7768,8.7291,15.2845,80.8816,130.5482,50.9518,10.0673,1.9608,94.7294,0.6775,26.0206,0.0018,0.0000,0.0000,0.0000
3,hasta_001,1780004067.554,2026-05-29 00:34:27,180,NORMAL,50.4,29.4763,58.0328,65.2652,8.7630,15.2461,80.8360,130.6257,51.2210,10.0475,1.9619,94.7294,0.6775,25.9740,0.0023,0.0000,0.0000,0.0000
3,hasta_001,1780004067.611,2026-05-29 00:34:27,181,NORMAL,50.4,29.7693,55.0998,59.6929,8.6297,15.2913,80.7932,130.6733,51.4324,10.0307,1.9653,94.7294,0.6775,25.9336,0.0022,0.0000,0.0000,0.0000
3,hasta_001,1780004067.646,2026-05-29 00:34:27,182,NORMAL,50.4,29.7349,55.2632,60.0681,8.6602,15.2876,80.7520,130.7164,51.6300,10.0205,1.9692,94.7294,0.6775,25.9033,0.0023,0.0000,0.0000,0.0000
3,hasta_001,1780004067.698,2026-05-29 00:34:27,183,NORMAL,50.4,29.8066,56.1566,61.3052,8.7804,15.3484,80.7180,130.7567,51.7998,10.0182,1.9705,94.7294,0.6775,25.8864,0.0024,0.0000,0.0000,0.0000
3,hasta_001,1780004067.738,2026-05-29 00:34:27,184,NORMAL,50.4,29.2631,56.1903,63.0219,8.9505,15.4252,80.6758,130.7876,51.9763,10.0206,1.9690,94.7294,0.6775,25.8769,0.0023,0.0000,0.0000,0.0000
3,hasta_001,1780004067.843,2026-05-29 00:34:27,185,NORMAL,50.4,28.0338,56.6139,67.5272,9.2547,15.4550,80.6193,130.8252,52.2076,10.0269,1.9653,94.7294,0.6775,25.8716,0.0022,0.0000,0.0000,0.0000
3,hasta_001,1780004067.900,2026-05-29 00:34:27,186,NORMAL,50.4,28.2984,56.3927,66.3453,9.3564,15.5687,80.5642,130.8617,52.4325,10.0357,1.9600,94.7294,0.6775,25.8732,0.0023,0.0000,0.0000,0.0000
3,hasta_001,1780004067.958,2026-05-29 00:34:27,187,NORMAL,50.4,28.7976,54.0478,60.9575,9.3511,15.6814,80.5057,130.8838,52.6426,10.0457,1.9534,94.7294,0.6775,25.8805,0.0023,0.0000,0.0000,0.0000
3,hasta_001,1780004067.999,2026-05-29 00:34:27,188,NORMAL,50.4,28.7216,53.8868,60.9263,9.5440,15.8001,80.4482,130.9094,52.8576,10.0583,1.9452,94.7294,0.6775,25.8916,0.0023,0.0000,0.0000,0.0000
3,hasta_001,1780004068.094,2026-05-29 00:34:28,189,NORMAL,50.4,29.1969,55.1146,61.4807,9.7668,16.0346,80.3850,130.9397,53.0923,10.0700,1.9392,94.7294,0.6775,25.9081,0.0021,0.0000,0.0000,0.0000
3,hasta_001,1780004068.164,2026-05-29 00:34:28,190,NORMAL,50.4,30.0157,55.5710,59.7180,9.8841,16.2849,80.3262,130.9759,53.3229,10.0832,1.9325,94.7294,0.6775,25.9286,0.0021,0.0000,0.0000,0.0000
3,hasta_001,1780004068.217,2026-05-29 00:34:28,191,NORMAL,50.4,30.3459,52.2084,52.9652,9.5809,16.5597,80.2623,131.0002,53.5491,10.0963,1.9237,94.7294,0.6775,25.9515,0.0019,0.0000,0.0000,0.0000
3,hasta_001,1780004068.288,2026-05-29 00:34:28,192,NORMAL,50.4,29.7545,51.3522,53.2574,9.3687,16.8181,80.1865,131.0292,53.8194,10.1094,1.9133,94.7294,0.6775,25.9758,0.0020,0.0000,0.0000,0.0000
3,hasta_001,1780004068.366,2026-05-29 00:34:28,193,NORMAL,51.4,34.1988,58.5296,52.4776,9.4975,17.1664,80.1452,131.1248,54.1039,10.1249,1.9008,90.1722,0.6697,26.0017,0.0019,0.0000,0.0000,0.0000
3,hasta_001,1780004068.437,2026-05-29 00:34:28,194,NORMAL,51.4,33.9780,67.9478,66.6559,9.6621,17.3989,80.1064,131.2957,54.4889,10.1429,1.8859,90.1722,0.6697,26.0283,0.0018,0.0000,0.0000,0.0000
3,hasta_001,1780004068.495,2026-05-29 00:34:28,195,NORMAL,51.4,33.0377,79.2590,82.3200,10.0005,17.4628,80.0701,131.5477,54.9506,10.1654,1.8680,90.1722,0.6697,26.0537,0.0019,0.0000,0.0000,0.0000
3,hasta_001,1780004068.626,2026-05-29 00:34:28,196,NORMAL,51.4,32.0459,86.6920,92.0450,10.6801,17.6409,80.0440,131.8389,55.4000,10.1948,1.8479,90.1722,0.6697,26.0782,0.0018,0.0000,0.0000,0.0000
3,hasta_001,1780004068.692,2026-05-29 00:34:28,197,NORMAL,51.4,29.6385,88.0595,99.2728,10.8871,17.6574,80.0238,132.1129,55.7855,10.2269,1.8261,90.1722,0.6697,26.1010,0.0019,0.0000,0.0000,0.0000
3,hasta_001,1780004068.737,2026-05-29 00:34:28,198,NORMAL,51.4,27.8543,88.3987,104.1598,11.0276,17.7068,80.0105,132.3693,56.1144,10.2610,1.8024,90.1722,0.6697,26.1222,0.0017,0.0000,0.0000,0.0000
3,hasta_001,1780004068.781,2026-05-29 00:34:28,199,NORMAL,51.4,27.1629,77.9133,96.5973,10.8137,17.7848,80.0237,132.5068,56.2327,10.2928,1.7779,90.1722,0.6697,26.1411,0.0018,0.0000,0.0000,0.0000
3,hasta_001,1780004068.837,2026-05-29 00:34:28,200,NORMAL,51.4,27.6627,70.3182,87.0691,10.6280,17.9397,80.0585,132.5683,56.1973,10.3224,1.7536,90.1722,0.6697,26.1603,0.0016,0.0000,0.0000,0.0000
3,hasta_001,1780004068.895,2026-05-29 00:34:28,201,NORMAL,51.4,27.9657,66.8237,81.9881,10.5268,18.0416,80.1054,132.5889,56.0731,10.3493,1.7316,90.1722,0.6697,26.1805,0.0016,0.0000,0.0000,0.0000
3,hasta_001,1780004068.940,2026-05-29 00:34:28,202,NORMAL,51.4,28.3285,65.5678,79.3201,10.4652,18.0673,80.1610,132.5970,55.9043,10.3748,1.7104,90.1722,0.6697,26.2015,0.0016,0.0000,0.0000,0.0000
3,hasta_001,1780004068.977,2026-05-29 00:34:28,203,NORMAL,51.4,28.6935,63.6961,75.7717,10.4682,18.0800,80.2284,132.6195,55.7106,10.3999,1.6895,90.1722,0.6697,26.2239,0.0016,0.0000,0.0000,0.0000
3,hasta_001,1780004069.020,2026-05-29 00:34:29,204,NORMAL,51.4,29.0782,62.1931,72.5636,10.4959,18.0383,80.3041,132.6499,55.4974,10.4246,1.6688,90.1722,0.6697,26.2474,0.0017,0.0000,0.0000,0.0000
3,hasta_001,1780004069.090,2026-05-29 00:34:29,205,NORMAL,51.4,44.8833,67.9144,40.8361,10.8584,18.0894,80.5194,132.7458,55.0122,10.4525,1.6478,90.1722,0.6697,26.2726,0.0017,0.0000,0.0000,0.0000
3,hasta_001,1780004069.166,2026-05-29 00:34:29,206,NORMAL,51.4,54.6036,74.8792,31.3180,11.2314,18.0276,80.8202,132.9064,54.4391,10.4836,1.6268,90.1722,0.6697,26.2992,0.0016,0.0000,0.0000,0.0000
3,hasta_001,1780004069.232,2026-05-29 00:34:29,207,NORMAL,53.2,56.0280,69.3021,21.1827,11.3845,18.0522,81.1479,133.0778,53.7997,10.5158,1.6060,90.1722,0.6697,26.3315,0.0016,0.0000,0.0000,0.0000
3,hasta_001,1780004069.261,2026-05-29 00:34:29,208,NORMAL,55.3,55.5631,63.8600,13.8949,11.3560,18.0701,81.3750,133.1773,53.4251,10.5521,1.5750,90.1722,0.6697,26.3709,0.0016,0.0000,0.0000,0.0000
3,hasta_001,1780004069.311,2026-05-29 00:34:29,209,NORMAL,56.2,54.8197,59.7320,8.5766,11.2360,18.1124,81.5153,133.2075,53.1756,10.5918,1.5310,90.1722,0.6697,26.4194,0.0015,0.0000,0.0000,0.0000
3,hasta_001,1780004069.355,2026-05-29 00:34:29,210,NORMAL,56.2,55.1658,58.9416,6.6179,11.0968,18.1155,81.5709,133.1719,53.0111,10.6262,1.4954,90.1722,0.6697,26.4901,0.0012,0.0000,0.0000,0.0000
3,hasta_001,1780004069.404,2026-05-29 00:34:29,211,NORMAL,56.2,55.7962,58.4832,4.7025,10.9513,18.0968,81.5889,133.0912,52.8515,10.6521,1.4736,90.1722,0.6697,26.5842,0.0009,0.0000,0.0000,0.0000
3,hasta_001,1780004069.447,2026-05-29 00:34:29,212,NORMAL,56.2,60.9150,60.7456,0.2784,11.0443,18.1111,81.6001,132.9950,52.6931,10.6759,1.4566,90.1722,0.6697,26.6845,0.0005,0.0000,0.0000,0.0000
3,hasta_001,1780004069.518,2026-05-29 00:34:29,213,NORMAL,56.2,63.9438,63.2948,1.0202,11.0515,18.0532,81.6112,132.9024,52.5581,10.6969,1.4437,90.1722,0.6697,26.7814,0.0002,0.0000,0.0000,0.0000
3,hasta_001,1780004069.570,2026-05-29 00:34:29,214,NORMAL,55.3,60.4986,68.8454,12.9064,10.9409,17.9571,81.5783,132.8452,52.5317,10.7155,1.4323,86.2901,0.6624,26.8730,0.0001,0.0000,0.0000,0.0000
3,hasta_001,1780004069.633,2026-05-29 00:34:29,215,NORMAL,51.4,57.7390,73.3040,23.7555,11.1964,17.8194,81.5001,132.8069,52.6057,10.7363,1.4209,86.2901,0.6624,26.9570,0.0005,0.0000,0.0000,0.0000
3,hasta_001,1780004069.682,2026-05-29 00:34:29,216,NORMAL,56.2,72.0058,76.3113,5.8059,11.2557,17.7783,81.5192,132.7772,52.5409,10.7585,1.4080,86.2901,0.6624,27.0353,0.0008,0.0000,0.0000,0.0000
3,hasta_001,1780004069.732,2026-05-29 00:34:29,217,NORMAL,56.2,77.8360,79.7379,2.4140,11.3910,17.7896,81.5726,132.7659,52.4554,10.7816,1.3954,86.2901,0.6624,27.1106,0.0011,0.0000,0.0000,0.0000
3,hasta_001,1780004069.793,2026-05-29 00:34:29,218,NORMAL,56.2,80.9951,80.8549,0.1733,11.5912,17.8457,81.6368,132.7531,52.3595,10.8060,1.3836,86.2901,0.6624,27.1834,0.0014,0.0000,0.0000,0.0000
3,hasta_001,1780004069.847,2026-05-29 00:34:29,219,NORMAL,56.2,82.5369,83.6893,1.3866,11.5905,17.9236,81.6971,132.7513,52.2810,10.8300,1.3721,86.2901,0.6624,27.2536,0.0017,0.0000,0.0000,0.0000
3,hasta_001,1780004069.898,2026-05-29 00:34:29,220,NORMAL,56.2,81.0185,85.6045,5.5046,11.5637,17.9574,81.7328,132.7566,52.2420,10.8530,1.3610,86.2901,0.6624,27.3220,0.0020,0.0000,0.0000,0.0000
3,hasta_001,1780004069.943,2026-05-29 00:34:29,221,NORMAL,56.2,80.1706,87.8176,9.1041,11.5582,18.0206,81.7519,132.7728,52.2365,10.8748,1.3511,86.2901,0.6624,27.3895,0.0023,0.0000,0.0000,0.0000
3,hasta_001,1780004069.984,2026-05-29 00:34:29,222,NORMAL,56.2,80.9118,89.0658,9.5942,11.5294,18.0171,81.7740,132.7967,52.2360,10.8954,1.3421,86.2901,0.6624,27.4567,0.0025,0.0000,0.0000,0.0000
3,hasta_001,1780004070.096,2026-05-29 00:34:30,223,NORMAL,56.2,85.1281,91.8961,7.6463,11.3478,18.0469,81.8320,132.8457,52.2200,10.9137,1.3331,86.2901,0.6624,27.5246,0.0025,0.0000,0.0000,0.0000
3,hasta_001,1780004070.150,2026-05-29 00:34:30,224,NORMAL,56.2,83.1720,88.3894,6.0822,11.2955,18.1069,81.8736,132.9060,52.2397,10.9280,1.3279,86.2901,0.6624,27.5953,0.0027,0.0000,0.0000,0.0000
3,hasta_001,1780004070.190,2026-05-29 00:34:30,225,NORMAL,56.0,77.9558,86.7086,10.6311,11.2069,18.1611,81.8958,132.9554,52.2696,10.9381,1.3254,86.2901,0.6624,27.6652,0.0028,0.0000,0.0000,0.0000
3,hasta_001,1780004070.241,2026-05-29 00:34:30,226,NORMAL,51.4,60.9401,86.7774,34.9820,11.0321,18.0204,81.8045,132.9998,52.4573,10.9420,1.3249,86.2901,0.6624,27.7291,0.0030,0.0000,0.0000,0.0000
3,hasta_001,1780004070.286,2026-05-29 00:34:30,227,NORMAL,51.4,43.3205,80.2400,59.7594,10.8312,17.2850,81.6353,132.9780,52.7365,10.9384,1.3246,86.2901,0.6624,27.7781,0.0031,0.0000,0.0000,0.0000
3,hasta_001,1780004070.331,2026-05-29 00:34:30,228,NORMAL,51.4,28.8763,70.1895,83.4054,10.0602,16.2526,81.4266,132.8233,53.0245,10.9207,1.3220,86.2901,0.6624,27.7978,0.0033,0.0000,0.0000,0.0000
3,hasta_001,1780004070.375,2026-05-29 00:34:30,229,NORMAL,51.4,21.3635,69.1755,105.6165,9.4570,15.2048,81.1994,132.5667,53.3288,10.8927,1.3172,86.2901,0.6624,27.7867,0.0031,0.0000,0.0000,0.0000
3,hasta_001,1780004070.423,2026-05-29 00:34:30,230,NORMAL,51.4,19.5516,68.3186,110.9977,8.7752,13.9853,80.2008,131.5606,54.0018,10.8612,1.3223,86.2901,0.6624,27.5120,0.0031,0.0000,0.0000,0.0000
3,hasta_001,1780004070.470,2026-05-29 00:34:30,231,NORMAL,51.4,18.2951,65.0923,112.2405,8.3227,12.9555,79.1916,130.4616,54.6518,10.8253,1.3321,86.2901,0.6624,27.2170,0.0032,0.0000,0.0000,0.0000
3,hasta_001,1780004070.528,2026-05-29 00:34:30,232,NORMAL,51.4,14.8664,66.5395,126.9519,7.8612,11.9533,78.1225,129.2689,55.3956,10.7835,1.3457,86.2901,0.6624,26.9060,0.0032,0.0000,0.0000,0.0000
3,hasta_001,1780004070.598,2026-05-29 00:34:30,233,NORMAL,51.4,11.1602,69.9522,144.9643,7.5102,11.1842,76.9555,128.0010,56.2871,10.7365,1.3606,86.2901,0.6624,26.5839,0.0034,0.0000,0.0000,0.0000
3,hasta_001,1780004070.639,2026-05-29 00:34:30,234,NORMAL,51.9,9.5839,66.4398,149.5740,7.3520,10.7436,75.6882,126.6239,57.2368,10.6866,1.3740,86.2901,0.6624,26.2579,0.0034,0.0000,0.0000,0.0000
3,hasta_001,1780004070.689,2026-05-29 00:34:30,235,NORMAL,51.9,10.3219,65.4793,145.5318,7.2835,10.3358,74.3586,125.1438,58.1541,10.6340,1.3823,86.2901,0.6624,25.9341,0.0035,0.0000,0.0000,0.0000
3,hasta_001,1780004070.742,2026-05-29 00:34:30,236,NORMAL,51.9,13.2225,66.9109,133.9974,7.2782,10.0420,73.0678,123.5924,58.9346,10.5779,1.3808,86.2901,0.6624,25.6135,0.0035,0.0000,0.0000,0.0000
3,hasta_001,1780004070.800,2026-05-29 00:34:30,237,NORMAL,52.4,13.5229,58.9948,125.4093,6.8914,9.6670,71.7233,121.8930,59.6444,10.5156,1.3773,86.2901,0.6624,25.2967,0.0036,0.0000,0.0000,0.0000
3,hasta_001,1780004070.864,2026-05-29 00:34:30,238,NORMAL,53.4,12.1976,55.6578,128.0964,6.7248,9.2601,70.2431,120.0945,60.4169,10.4506,1.3704,86.2901,0.6624,24.9885,0.0037,0.0000,0.0000,0.0000
3,hasta_001,1780004070.924,2026-05-29 00:34:30,239,NORMAL,53.9,35.4021,58.3923,49.0226,6.1739,9.0103,68.9621,118.3736,60.5472,10.3824,1.3780,86.2901,0.6624,24.6931,0.0037,0.0000,0.0000,0.0000
3,hasta_001,1780004070.981,2026-05-29 00:34:30,240,NORMAL,53.4,119.0567,82.8999,35.8065,5.4251,9.4825,68.3739,116.8677,60.5736,10.3116,1.4120,86.2901,0.6624,24.4035,0.0036,0.0000,0.0000,0.0000
3,hasta_001,1780004071.201,2026-05-29 00:34:31,241,NORMAL,56.2,52.6382,43.0018,20.1514,6.7969,7.0622,67.2753,115.0601,60.4586,10.2549,1.4154,86.2901,0.6624,24.0951,0.0040,0.0000,0.0000,0.0000
3,hasta_001,1780004071.336,2026-05-29 00:34:31,242,NORMAL,57.0,64.1752,94.8143,38.5423,13.9581,5.2571,66.2851,113.6877,60.4916,10.2604,1.4286,86.2901,0.6624,23.7736,0.0044,0.0000,0.0000,0.0000
3,hasta_001,1780004071.394,2026-05-29 00:34:31,243,NORMAL,57.0,63.9510,109.5661,52.5771,13.8144,5.3083,65.3780,112.5302,60.6304,10.2678,1.4445,86.2901,0.6624,23.4538,0.0046,0.0000,0.0000,0.0000
3,hasta_001,1780004071.519,2026-05-29 00:34:31,244,NORMAL,56.5,39.5949,110.9938,94.8264,14.3432,6.2371,64.2737,111.3783,61.1156,10.2830,1.4774,86.2901,0.6624,23.1431,0.0048,0.0000,0.0000,0.0000
3,hasta_001,1780004071.592,2026-05-29 00:34:31,245,NORMAL,54.4,28.3022,112.0255,119.3254,14.2173,7.3605,63.1312,110.2594,61.7825,10.2999,1.5103,78.4188,0.7095,22.8440,0.0049,0.0000,0.0000,0.0000
3,hasta_001,1780004071.637,2026-05-29 00:34:31,246,NORMAL,54.4,25.7187,109.9852,124.1917,13.7601,8.5126,61.9581,109.1168,62.4926,10.3137,1.5342,78.4188,0.7095,22.5541,0.0050,0.0000,0.0000,0.0000
3,hasta_001,1780004071.668,2026-05-29 00:34:31,247,NORMAL,53.9,24.9012,108.6263,125.4050,12.6339,9.1449,60.7642,107.9467,63.2146,10.3185,1.5404,78.4188,0.7095,22.2692,0.0050,0.0000,0.0000,0.0000
3,hasta_001,1780004090.398,2026-05-29 00:34:50,248,NORMAL,52.4,95.9877,119.5177,21.8370,2.7040,17.9531,60.1305,106.8137,63.0713,10.2417,1.6819,35.9892,3.9923,22.0590,0.0007,0.0000,0.0000,0.0000
3,hasta_001,1780004090.439,2026-05-29 00:34:50,249,NORMAL,51.4,87.1172,118.8233,30.7915,3.0050,18.0806,59.4247,105.6920,63.0079,10.1684,1.7999,35.9892,3.9923,21.8518,0.0007,0.0000,0.0000,0.0000
3,hasta_001,1780004090.468,2026-05-29 00:34:50,250,NORMAL,51.4,75.8628,117.3571,42.9504,3.4686,18.2430,58.6256,104.5529,63.0437,10.0996,1.8944,35.9892,3.9923,21.6487,0.0006,0.0000,0.0000,0.0000
3,hasta_001,1780004090.525,2026-05-29 00:34:50,251,NORMAL,51.4,60.8357,112.2976,59.4478,4.9009,18.6963,57.6890,103.3047,63.1990,10.0440,1.9475,35.9892,3.9923,21.4496,0.0006,0.0000,0.0000,0.0000
3,hasta_001,1780004090.562,2026-05-29 00:34:50,252,NORMAL,51.4,53.1678,108.2102,68.2155,6.5431,19.3358,56.7271,102.0248,63.4065,10.0037,1.9694,35.9892,3.9923,21.2562,0.0006,0.0000,0.0000,0.0000
3,hasta_001,1780004090.617,2026-05-29 00:34:50,253,NORMAL,51.4,46.2982,103.0551,76.0035,8.4859,20.5969,55.7089,100.6826,63.6714,9.9807,1.9709,35.9892,3.9923,21.0740,0.0006,0.0000,0.0000,0.0000
3,hasta_001,1780004090.658,2026-05-29 00:34:50,254,NORMAL,51.4,34.7614,98.6572,95.7824,9.8582,21.8425,54.6214,99.3052,64.0864,9.9694,1.9676,35.9892,3.9923,20.9008,0.0005,0.0000,0.0000,0.0000
3,hasta_001,1780004090.707,2026-05-29 00:34:50,255,NORMAL,51.4,21.1748,86.3388,121.2200,12.0782,22.8575,53.4666,97.8611,64.6996,9.9758,1.9732,35.9892,3.9923,20.7355,0.0003,0.0000,0.0000,0.0000
3,hasta_001,1780004090.774,2026-05-29 00:34:50,256,NORMAL,51.4,8.7536,76.7401,159.0444,14.2061,23.5762,52.1994,96.3279,65.6300,9.9995,2.0065,35.9892,3.9923,20.5751,0.0001,0.0000,0.0000,0.0000
3,hasta_001,1780004090.812,2026-05-29 00:34:50,257,NORMAL,51.4,6.0723,72.0244,168.8986,15.1425,23.7933,50.8854,94.7143,66.6419,10.0307,2.0566,35.9892,3.9923,20.4153,0.0000,0.0000,0.0000,0.0000
3,hasta_001,1780004090.864,2026-05-29 00:34:50,258,NORMAL,51.4,8.6014,68.2477,155.2294,15.2045,23.6935,49.5558,92.9818,67.5304,10.0607,2.1050,35.9892,3.9923,20.2519,0.0000,0.0000,0.0000,0.0000
3,hasta_001,1780004090.926,2026-05-29 00:34:50,259,NORMAL,51.4,12.2472,66.3481,137.6694,14.3725,23.9473,48.2655,91.3028,68.2916,10.0834,2.1364,35.9892,3.9923,20.0853,0.0001,0.0000,0.0000,0.0000
3,hasta_001,1780004090.963,2026-05-29 00:34:50,260,NORMAL,51.4,13.9176,65.7110,130.0873,13.8585,24.3072,47.0392,89.6755,68.9811,10.1016,2.1591,35.9892,3.9923,19.9204,0.0001,0.0000,0.0000,0.0000
3,hasta_001,1780004090.998,2026-05-29 00:34:50,261,NORMAL,51.4,14.8324,66.4593,127.0163,13.7155,24.5595,45.8867,88.1258,69.6316,10.1182,2.1790,35.9892,3.9923,19.7580,0.0001,0.0000,0.0000,0.0000
3,hasta_001,1780004091.050,2026-05-29 00:34:51,262,NORMAL,51.4,19.8118,68.9076,110.6766,13.4367,24.8492,44.8564,86.6575,70.1178,10.1324,2.1950,35.9892,3.9923,19.5998,0.0001,0.0000,0.0000,0.0000
3,hasta_001,1780004091.120,2026-05-29 00:34:51,263,NORMAL,51.4,38.7558,73.6634,62.1026,13.1395,24.9448,44.1688,85.4943,70.1770,10.1458,2.2083,35.9892,3.9923,19.4457,0.0001,0.0000,0.0000,0.0000
3,hasta_001,1780004091.175,2026-05-29 00:34:51,264,NORMAL,51.4,34.9993,57.1890,48.1399,12.5962,24.3771,43.5691,84.3559,70.0970,10.1576,2.2176,35.9892,3.9923,19.2955,0.0001,0.0000,0.0000,0.0000
3,hasta_001,1780004091.243,2026-05-29 00:34:51,265,NORMAL,54.2,24.5587,29.4105,17.9799,11.8965,24.0208,42.9530,83.0307,69.7244,10.1672,2.2226,35.9892,3.9923,19.1507,0.0002,0.0000,0.0000,0.0000
3,hasta_001,1780004091.298,2026-05-29 00:34:51,266,NORMAL,51.4,13.5826,17.8780,27.3065,10.9228,24.3410,42.2752,81.6198,69.4069,10.1719,2.2236,35.9892,3.9923,19.0162,0.0002,0.0000,0.0000,0.0000
3,hasta_001,1780004091.362,2026-05-29 00:34:51,267,NORMAL,51.4,17.1062,22.8832,28.8923,10.0402,26.2065,41.6926,80.3022,69.0632,10.1714,2.2237,35.9892,3.9923,18.9044,0.0001,0.0000,0.0000,0.0000
3,hasta_001,1780004091.420,2026-05-29 00:34:51,268,NORMAL,56.2,28.7275,29.1705,1.5302,9.3332,29.2982,41.2362,79.0370,68.4616,10.1662,2.2249,35.9892,3.9923,18.8237,0.0001,0.0000,0.0000,0.0000
3,hasta_001,1780004091.467,2026-05-29 00:34:51,269,NORMAL,51.4,43.9720,31.9393,31.7018,9.3056,32.3058,40.9262,77.8030,68.0950,10.1619,2.2260,35.9892,3.9923,18.7728,0.0001,0.0000,0.0000,0.0000
3,hasta_001,1780004091.510,2026-05-29 00:34:51,270,NORMAL,51.4,56.9962,32.6116,54.4251,9.3531,34.4729,40.7555,76.5796,67.8872,10.1581,2.2270,35.9892,3.9923,18.7470,0.0001,0.0000,0.0000,0.0000
3,hasta_001,1780004091.558,2026-05-29 00:34:51,271,NORMAL,51.4,67.4489,29.0846,79.4837,9.6526,36.3449,40.6993,75.3232,67.8564,10.1547,2.2275,35.9892,3.9923,18.7439,0.0001,0.0000,0.0000,0.0000
3,hasta_001,1780004091.605,2026-05-29 00:34:51,272,NORMAL,51.4,64.0803,16.4947,118.1152,9.9980,37.6308,40.6429,74.0789,68.1720,10.1540,2.2275,35.9892,3.9923,18.7561,0.0001,0.0000,0.0000,0.0000
3,hasta_001,1780004091.658,2026-05-29 00:34:51,273,NORMAL,51.4,47.7525,11.3319,123.2836,10.5153,38.5365,40.4970,73.0549,68.6231,10.1587,2.2277,35.9892,3.9923,18.7801,0.0001,0.0000,0.0000,0.0000
3,hasta_001,1780004091.714,2026-05-29 00:34:51,274,NORMAL,51.4,28.7610,13.8071,70.2590,11.3276,38.8844,40.2588,72.2251,68.6615,10.1715,2.2300,35.9892,3.9923,18.8130,0.0000,0.0000,0.0000,0.0000
3,hasta_001,1780004091.752,2026-05-29 00:34:51,275,NORMAL,56.2,18.6125,17.0878,8.5415,12.2353,38.4222,39.9847,71.5266,68.1927,10.1931,2.2373,35.9892,3.9923,18.8500,0.0000,0.0000,0.0000,0.0000
3,hasta_001,1780004091.797,2026-05-29 00:34:51,276,NORMAL,51.4,9.4277,20.9380,75.8117,13.0812,38.0440,39.6563,70.8748,68.2577,10.2219,2.2520,35.9892,3.9923,18.8958,0.0000,0.0000,0.0000,0.0000
3,hasta_001,1780004091.845,2026-05-29 00:34:51,277,NORMAL,51.4,13.6018,23.4613,53.2038,13.6332,37.5630,39.3797,70.2448,68.1037,10.2549,2.2726,35.9892,3.9923,18.9518,0.0000,0.0000,0.0000,0.0000
3,hasta_001,1780004091.900,2026-05-29 00:34:51,278,NORMAL,51.4,17.9263,26.9024,40.0463,14.1908,37.1805,39.1514,69.6351,67.8099,10.2908,2.3003,35.9892,3.9923,19.0188,0.0000,0.0000,0.0000,0.0000
3,hasta_001,1780004091.956,2026-05-29 00:34:51,279,NORMAL,56.2,25.6456,27.8353,8.1889,14.4937,36.6300,38.9948,69.0221,67.2273,10.3276,2.3317,35.9892,3.9923,19.0914,0.0000,0.0000,0.0000,0.0000
3,hasta_001,1780004092.005,2026-05-29 00:34:52,280,NORMAL,54.8,33.1475,28.3803,15.4961,14.7240,36.1875,38.9183,68.3846,66.6482,10.3619,2.3656,35.9892,3.9923,19.1775,0.0001,0.0000,0.0000,0.0000
3,hasta_001,1780004092.043,2026-05-29 00:34:52,281,NORMAL,51.4,45.5805,27.9175,48.0639,14.7608,35.7178,38.9645,67.7508,66.3087,10.3945,2.3988,35.9892,3.9923,19.2734,0.0001,0.0000,0.0000,0.0000
3,hasta_001,1780004092.097,2026-05-29 00:34:52,282,NORMAL,51.4,56.6011,25.7577,74.9000,14.6607,35.1697,39.1067,67.1548,66.2295,10.4262,2.4297,35.9892,3.9923,19.3725,0.0001,0.0000,0.0000,0.0000
3,hasta_001,1780004092.161,2026-05-29 00:34:52,283,NORMAL,51.4,65.4922,23.0443,95.8878,14.5822,34.4824,39.3343,66.5791,66.3384,10.4576,2.4587,35.9892,3.9923,19.4708,0.0001,0.0000,0.0000,0.0000
3,hasta_001,1780004092.198,2026-05-29 00:34:52,284,NORMAL,51.4,74.0995,21.5488,109.8833,14.7703,33.7605,39.6408,66.0343,66.5889,10.4914,2.4896,35.9892,3.9923,19.5684,0.0001,0.0000,0.0000,0.0000
3,hasta_001,1780004092.256,2026-05-29 00:34:52,285,NORMAL,51.4,85.4863,20.7341,121.9205,14.8280,32.3730,40.0526,65.5395,66.9731,10.5253,2.5206,35.9892,3.9923,19.6628,0.0001,0.0000,0.0000,0.0000
3,hasta_001,1780004092.293,2026-05-29 00:34:52,286,NORMAL,51.4,92.7895,21.2315,125.5172,14.9810,31.3651,40.5334,65.0726,67.3935,10.5608,2.5529,35.9892,3.9923,19.7572,0.0001,0.0000,0.0000,0.0000
3,hasta_001,1780004092.357,2026-05-29 00:34:52,287,NORMAL,51.4,80.2341,20.0576,120.0029,15.2029,29.8558,40.9142,64.6023,67.7637,10.5983,2.5875,35.9892,3.9923,19.8469,0.0001,0.0000,0.0000,0.0000
3,hasta_001,1780004092.413,2026-05-29 00:34:52,288,NORMAL,51.4,75.4179,18.6823,120.5855,15.5342,28.6898,41.2609,64.1212,68.1245,10.6397,2.6261,35.9892,3.9923,19.9329,0.0001,0.0000,0.0000,0.0000
3,hasta_001,1780004092.462,2026-05-29 00:34:52,289,NORMAL,51.4,74.4743,18.5903,120.0972,15.7346,27.6731,41.6018,63.6373,68.4737,10.6837,2.6665,35.9892,3.9923,20.0145,0.0001,0.0000,0.0000,0.0000
3,hasta_001,1780004092.509,2026-05-29 00:34:52,290,NORMAL,51.4,75.4882,17.8152,123.6245,15.8962,26.6658,41.9596,63.1343,68.8171,10.7314,2.7078,35.9892,3.9923,20.0935,0.0001,0.0000,0.0000,0.0000
3,hasta_001,1780004092.555,2026-05-29 00:34:52,291,NORMAL,51.4,75.1565,17.2222,125.4277,16.0922,25.7631,42.3201,62.6277,69.1630,10.7821,2.7505,35.9892,3.9923,20.1677,0.0001,0.0000,0.0000,0.0000
3,hasta_001,1780004092.599,2026-05-29 00:34:52,292,NORMAL,51.4,76.3051,16.4564,129.0377,16.4875,24.9567,42.6967,62.1090,69.5162,10.8370,2.7976,35.9892,3.9923,20.2379,0.0001,0.0000,0.0000,0.0000
3,hasta_001,1780004092.645,2026-05-29 00:34:52,293,NORMAL,51.4,77.9393,16.0246,131.7841,16.7788,24.2608,43.0924,61.6024,69.8940,10.8961,2.8472,35.9892,3.9923,20.3053,0.0001,0.0000,0.0000,0.0000
3,hasta_001,1780004092.676,2026-05-29 00:34:52,294,NORMAL,51.4,76.8858,15.3882,133.2935,17.0361,23.9403,43.4824,61.1423,70.3341,10.9606,2.8974,35.9892,3.9923,20.3714,0.0002,0.0000,0.0000,0.0000
3,hasta_001,1780004092.706,2026-05-29 00:34:52,295,NORMAL,51.4,78.2705,14.4136,137.7947,18.1054,23.6540,43.8878,60.6996,70.8323,11.0358,2.9640,35.3414,3.8985,20.4363,0.0002,0.0000,0.0000,0.0000
3,hasta_001,1780004092.766,2026-05-29 00:34:52,296,NORMAL,51.4,86.7481,13.2338,147.0551,19.5201,23.2318,44.3644,60.2594,71.4213,11.1243,3.0561,35.3414,3.8985,20.4986,0.0002,0.0000,0.0000,0.0000
3,hasta_001,1780004092.800,2026-05-29 00:34:52,297,NORMAL,51.4,94.1528,14.0100,148.1894,20.0008,23.0479,44.9022,59.8491,72.0527,11.2179,3.1530,35.3414,3.8985,20.5603,0.0002,0.0000,0.0000,0.0000
3,hasta_001,1780004092.831,2026-05-29 00:34:52,298,NORMAL,51.4,97.5177,14.6721,147.6883,20.2060,22.9288,45.4692,59.4582,72.6957,11.3129,3.2491,35.3414,3.8985,20.6229,0.0003,0.0000,0.0000,0.0000
3,hasta_001,1780004092.864,2026-05-29 00:34:52,299,NORMAL,51.4,100.6891,15.8328,145.6486,20.2541,22.8831,46.0615,59.1015,73.3613,11.4089,3.3404,35.3414,3.8985,20.6862,0.0003,0.0000,0.0000,0.0000
3,hasta_001,1780004092.894,2026-05-29 00:34:52,300,NORMAL,51.4,76.2096,16.2512,129.6949,20.2766,22.8245,46.4510,58.7533,73.8982,11.5049,3.4272,35.3414,3.8985,20.7494,0.0002,0.0000,0.0000,0.0000
3,hasta_001,1780004092.948,2026-05-29 00:34:52,301,NORMAL,51.4,54.1488,16.9017,104.8468,20.1662,22.8342,46.6541,58.4350,74.2745,11.6010,3.5061,35.3414,3.8985,20.8122,0.0002,0.0000,0.0000,0.0000
3,hasta_001,1780004093.010,2026-05-29 00:34:53,302,NORMAL,51.4,31.4110,17.3574,57.6340,20.0111,22.7817,46.6681,58.1191,74.2542,11.6956,3.5779,35.3414,3.8985,20.8747,0.0002,0.0000,0.0000,0.0000
3,hasta_001,1780004093.050,2026-05-29 00:34:53,303,NORMAL,51.4,26.4105,16.9804,43.4654,19.8702,22.7385,46.6398,57.7926,74.1056,11.7880,3.6440,35.3414,3.8985,20.9363,0.0002,0.0000,0.0000,0.0000
3,hasta_001,1780004093.096,2026-05-29 00:34:53,304,NORMAL,51.4,30.2642,16.6080,58.2699,19.6744,22.6269,46.6481,57.4628,74.0660,11.8774,3.7043,35.3414,3.8985,20.9963,0.0002,0.0000,0.0000,0.0000
3,hasta_001,1780004093.145,2026-05-29 00:34:53,305,NORMAL,56.2,18.5160,17.0081,8.4892,19.5352,22.5836,46.5688,57.1327,73.5740,11.9631,3.7611,35.3414,3.8985,21.0557,0.0002,0.0000,0.0000,0.0000
3,hasta_001,1780004093.200,2026-05-29 00:34:53,306,NORMAL,51.4,28.2895,17.3717,47.8211,19.2171,22.6038,46.5687,56.8075,73.4196,12.0452,3.8107,35.3414,3.8985,21.1143,0.0002,0.0000,0.0000,0.0000
3,hasta_001,1780004093.248,2026-05-29 00:34:53,307,NORMAL,51.4,34.2735,17.5555,64.5121,18.9174,22.6603,46.6144,56.5034,73.4492,12.1250,3.8533,35.3414,3.8985,21.1725,0.0001,0.0000,0.0000,0.0000
3,hasta_001,1780004093.302,2026-05-29 00:34:53,308,NORMAL,51.4,28.8874,16.2292,56.1135,18.6832,22.6375,46.6158,56.1896,73.4091,12.2011,3.8917,35.3414,3.8985,21.2294,0.0001,0.0000,0.0000,0.0000
3,hasta_001,1780004093.360,2026-05-29 00:34:53,309,NORMAL,55.8,18.9725,16.0626,16.6110,18.5254,22.6853,46.5305,55.8642,73.0352,12.2741,3.9273,35.3414,3.8985,21.2849,0.0001,0.0000,0.0000,0.0000
3,hasta_001,1780004093.398,2026-05-29 00:34:53,310,NORMAL,51.4,10.5493,20.3051,63.2378,18.5142,22.6530,46.3683,55.5703,73.0645,12.3460,3.9617,35.3414,3.8985,21.3379,0.0002,0.0000,0.0000,0.0000
3,hasta_001,1780004093.453,2026-05-29 00:34:53,311,NORMAL,51.4,10.5832,22.8773,73.4841,19.2878,22.7675,46.2036,55.3259,73.2355,12.4269,4.0033,35.3414,3.8985,21.3897,0.0001,0.0000,0.0000,0.0000
3,hasta_001,1780004093.515,2026-05-29 00:34:53,312,NORMAL,51.4,16.3118,21.6036,27.9135,19.8678,22.7708,46.0916,55.0780,73.0243,12.5144,4.0500,35.3414,3.8985,21.4393,0.0001,0.0000,0.0000,0.0000
3,hasta_001,1780004093.608,2026-05-29 00:34:53,313,NORMAL,55.3,18.9400,21.9911,14.9086,20.2756,22.9536,45.9645,54.7735,72.7113,12.6042,4.1013,35.3414,3.8985,21.4875,0.0001,0.0000,0.0000,0.0000
3,hasta_001,1780004093.642,2026-05-29 00:34:53,314,NORMAL,56.2,23.6509,22.2866,5.9398,20.3371,23.0697,45.8784,54.3930,72.2053,12.6932,4.1519,35.3414,3.8985,21.5347,0.0001,0.0000,0.0000,0.0000
3,hasta_001,1780004093.697,2026-05-29 00:34:53,315,NORMAL,56.2,24.8592,22.6462,9.3170,20.3162,23.1965,45.8102,53.9212,71.5969,12.7792,4.2018,35.3414,3.8985,21.5825,0.0001,0.0000,0.0000,0.0000
3,hasta_001,1780004093.767,2026-05-29 00:34:53,316,NORMAL,56.2,20.8369,22.0931,5.8526,20.2326,23.3308,45.7168,53.3829,70.8787,12.8588,4.2515,35.3414,3.8985,21.6299,0.0001,0.0000,0.0000,0.0000
3,hasta_001,1780004093.819,2026-05-29 00:34:53,317,NORMAL,51.4,15.4189,22.8004,38.6270,20.1874,23.4397,45.5983,52.8391,70.3733,12.9363,4.2993,35.3414,3.8985,21.6781,0.0001,0.0000,0.0000,0.0000
3,hasta_001,1780004093.866,2026-05-29 00:34:53,318,NORMAL,51.4,10.3488,22.6025,74.3743,20.0920,23.4506,45.4525,52.2908,70.1251,13.0118,4.3445,35.8581,3.8105,21.7260,0.0002,0.0000,0.0000,0.0000
3,hasta_001,1780004093.912,2026-05-29 00:34:53,319,NORMAL,51.4,11.7040,22.4245,62.8245,20.2673,23.3357,45.3236,51.8284,69.8436,13.0906,4.3894,35.8581,3.8105,21.7723,0.0002,0.0000,0.0000,0.0000
3,hasta_001,1780004093.960,2026-05-29 00:34:53,320,NORMAL,51.4,11.8918,22.3651,61.1457,20.3806,23.1470,45.1922,51.4287,69.6276,13.1718,4.4331,35.8581,3.8105,21.8156,0.0002,0.0000,0.0000,0.0000
3,hasta_001,1780004094.031,2026-05-29 00:34:54,321,NORMAL,51.4,17.1743,22.7705,28.0193,20.4060,22.8139,45.1023,51.0616,69.1779,13.2542,4.4748,35.8581,3.8105,21.8554,0.0002,0.0000,0.0000,0.0000
3,hasta_001,1780004094.063,2026-05-29 00:34:54,322,NORMAL,55.9,19.3610,22.7495,16.0936,20.2367,22.5994,45.0276,50.7048,68.6510,13.3356,4.5121,35.8581,3.8105,21.8932,0.0002,0.0000,0.0000,0.0000
3,hasta_001,1780004094.109,2026-05-29 00:34:54,323,NORMAL,56.2,23.8841,24.0619,0.7416,20.0516,22.1525,44.9875,50.3745,68.0257,13.4155,4.5453,35.8581,3.8105,21.9271,0.0002,0.0000,0.0000,0.0000
3,hasta_001,1780004094.163,2026-05-29 00:34:54,324,NORMAL,55.3,30.6236,26.6134,14.0125,19.8446,21.5233,45.0004,50.0780,67.5378,13.4934,4.5746,35.8581,3.8105,21.9562,0.0002,0.0000,0.0000,0.0000
3,hasta_001,1780004094.199,2026-05-29 00:34:54,325,NORMAL,51.4,38.4478,28.2440,30.5998,19.6606,21.1343,44.9467,49.7474,67.4525,13.5667,4.6022,37.1521,3.7367,21.9815,0.0002,0.0000,0.0000,0.0000
3,hasta_001,1780004094.253,2026-05-29 00:34:54,326,NORMAL,51.4,45.3682,30.7187,38.5073,19.3193,20.5699,44.8698,49.3794,67.5124,13.6341,4.6267,37.1521,3.7367,22.0027,0.0002,0.0000,0.0000,0.0000
3,hasta_001,1780004094.321,2026-05-29 00:34:54,327,NORMAL,51.4,49.9691,33.3937,39.7669,18.8476,20.0116,44.8193,49.0802,67.6673,13.6963,4.6462,37.1521,3.7367,22.0191,0.0002,0.0000,0.0000,0.0000
3,hasta_001,1780004094.393,2026-05-29 00:34:54,328,NORMAL,51.4,47.9647,36.6582,26.7221,18.4678,19.5581,44.7560,48.8535,67.7742,13.7556,4.6613,37.1521,3.7367,22.0315,0.0002,0.0000,0.0000,0.0000
3,hasta_001,1780004094.450,2026-05-29 00:34:54,329,NORMAL,56.0,45.8604,40.7663,11.7610,18.1551,19.3571,44.6813,48.6955,67.8007,13.8132,4.6725,37.1521,3.7367,22.0418,0.0002,0.0000,0.0000,0.0000
3,hasta_001,1780004094.494,2026-05-29 00:34:54,330,NORMAL,56.2,42.8789,41.9961,2.0804,18.0529,19.4262,44.5789,48.5543,67.7629,13.8712,4.6816,37.1521,3.7367,22.0527,0.0002,0.0000,0.0000,0.0000
3,hasta_001,1780004094.536,2026-05-29 00:34:54,331,NORMAL,56.2,39.8156,43.8007,9.5318,18.0185,19.5651,44.4457,48.4319,67.8031,13.9301,4.6890,37.1521,3.7367,22.0650,0.0002,0.0000,0.0000,0.0000
3,hasta_001,1780004094.567,2026-05-29 00:34:54,332,NORMAL,52.4,36.5889,45.7144,22.1752,18.4686,19.7869,44.2430,48.3067,67.9856,13.9920,4.6994,37.1521,3.7367,22.0789,0.0002,0.0000,0.0000,0.0000
3,hasta_001,1780004094.598,2026-05-29 00:34:54,333,NORMAL,51.4,31.0332,45.8773,38.6009,18.7383,20.2368,43.9688,48.1615,68.2988,14.0560,4.7113,37.1521,3.7367,22.0971,0.0002,0.0000,0.0000,0.0000
3,hasta_001,1780004094.644,2026-05-29 00:34:54,334,NORMAL,51.4,23.2074,44.7000,63.2998,18.8721,21.2201,43.6580,47.9603,68.7187,14.1221,4.7227,37.1521,3.7367,22.1243,0.0002,0.0000,0.0000,0.0000
3,hasta_001,1780004094.695,2026-05-29 00:34:54,335,NORMAL,51.4,19.2174,44.1447,78.6822,18.7630,22.2123,43.3370,47.7173,69.1765,14.1852,4.7338,37.1521,3.7367,22.1609,0.0002,0.0000,0.0000,0.0000
3,hasta_001,1780004094.739,2026-05-29 00:34:54,336,NORMAL,51.4,18.4236,42.6995,79.4328,18.5221,22.7462,42.8905,47.4372,69.7900,14.2457,4.7424,38.2121,3.6644,22.2023,0.0002,0.0000,0.0000,0.0000
3,hasta_001,1780004094.773,2026-05-29 00:34:54,337,NORMAL,51.4,17.7735,41.6372,80.3346,18.2133,23.0836,42.3899,47.1197,70.4394,14.3026,4.7487,38.2121,3.6644,22.2465,0.0002,0.0000,0.0000,0.0000
3,hasta_001,1780004094.818,2026-05-29 00:34:54,338,NORMAL,51.4,19.0148,39.0021,68.9018,17.6894,23.3218,41.8734,46.7709,71.0121,14.3534,4.7520,38.2121,3.6644,22.2921,0.0002,0.0000,0.0000,0.0000
3,hasta_001,1780004094.889,2026-05-29 00:34:54,339,NORMAL,51.4,20.6735,37.0258,56.6813,16.9302,23.5023,41.3579,46.3821,71.4729,14.3979,4.7510,38.2121,3.6644,22.3386,0.0002,0.0000,0.0000,0.0000
3,hasta_001,1780004094.922,2026-05-29 00:34:54,340,NORMAL,51.4,21.4235,35.9022,50.5139,16.5127,23.3968,40.8613,45.9679,71.8480,14.4391,4.7477,38.2121,3.6644,22.3839,0.0002,0.0000,0.0000,0.0000
3,hasta_001,1780004094.975,2026-05-29 00:34:54,341,NORMAL,51.4,21.8544,35.9045,48.6509,15.8755,23.1443,40.3753,45.5353,72.1775,14.4751,4.7420,38.2121,3.6644,22.4266,0.0002,0.0000,0.0000,0.0000
3,hasta_001,1780004095.017,2026-05-29 00:34:55,342,NORMAL,51.4,20.4390,36.1747,55.5898,15.4403,22.9629,39.8714,45.0945,72.5608,14.5077,4.7351,38.2121,3.6644,22.4678,0.0002,0.0000,0.0000,0.0000
3,hasta_001,1780004095.088,2026-05-29 00:34:55,343,NORMAL,51.4,19.0399,37.9452,66.3519,14.8334,22.6303,39.3206,44.6449,73.0500,14.5368,4.7263,38.2121,3.6644,22.5060,0.0002,0.0000,0.0000,0.0000
3,hasta_001,1780004095.122,2026-05-29 00:34:55,344,NORMAL,51.4,19.4373,39.1306,67.2493,14.5754,22.4769,38.7895,44.2344,73.5597,14.5641,4.7170,38.2121,3.6644,22.5424,0.0002,0.0000,0.0000,0.0000
3,hasta_001,1780004095.153,2026-05-29 00:34:55,345,NORMAL,51.4,20.0821,39.7975,65.8501,14.4445,22.2797,38.3072,43.8435,74.0199,14.5911,4.7070,38.2121,3.6644,22.5768,0.0003,0.0000,0.0000,0.0000
3,hasta_001,1780004095.186,2026-05-29 00:34:55,346,NORMAL,51.4,20.7815,42.2369,68.0926,14.2918,22.0280,37.9726,43.4723,74.2958,14.6182,4.6957,38.2121,3.6644,22.6102,0.0003,0.0000,0.0000,0.0000
3,hasta_001,1780004095.217,2026-05-29 00:34:55,347,NORMAL,51.4,20.0101,48.8396,83.7463,14.1190,21.7317,37.7783,43.2107,74.4957,14.6456,4.6831,38.2121,3.6644,22.6472,0.0003,0.0000,0.0000,0.0000
3,hasta_001,1780004095.258,2026-05-29 00:34:55,348,NORMAL,51.4,16.7922,62.3472,115.1260,13.5890,21.4273,37.6776,43.1453,74.7601,14.6750,4.6653,38.2121,3.6644,22.6903,0.0003,0.0000,0.0000,0.0000
3,hasta_001,1780004095.297,2026-05-29 00:34:55,349,NORMAL,51.4,13.9884,77.9154,139.1171,12.9937,21.2499,37.6162,43.2181,75.0392,14.7045,4.6433,38.2121,3.6644,22.7407,0.0003,0.0000,0.0000,0.0000
3,hasta_001,1780004095.328,2026-05-29 00:34:55,350,NORMAL,51.4,11.8722,91.9465,154.2579,12.4973,21.2194,37.5522,43.4150,75.3997,14.7355,4.6160,38.2121,3.6644,22.8010,0.0004,0.0000,0.0000,0.0000
3,hasta_001,1780004095.378,2026-05-29 00:34:55,351,NORMAL,51.4,9.4450,103.6363,166.5904,11.8158,21.2288,37.4784,43.7362,75.8526,14.7646,4.5864,38.2121,3.6644,22.8699,0.0004,0.0000,0.0000,0.0000
3,hasta_001,1780004095.423,2026-05-29 00:34:55,352,NORMAL,51.4,7.8103,110.0734,173.4984,11.2913,21.1511,37.4196,44.0990,76.2405,14.7932,4.5538,38.2121,3.6644,22.9466,0.0004,0.0000,0.0000,0.0000
3,hasta_001,1780004095.472,2026-05-29 00:34:55,353,NORMAL,51.4,6.9720,115.0053,177.1367,10.7384,20.9013,37.3847,44.4745,76.5086,14.8201,4.5201,38.2121,3.6644,23.0276,0.0005,0.0000,0.0000,0.0000
3,hasta_001,1780004095.531,2026-05-29 00:34:55,354,NORMAL,51.4,6.0831,116.7929,180.1976,10.2487,20.4825,37.3556,44.8941,76.7638,14.8443,4.4878,38.2121,3.6644,23.1087,0.0006,0.0000,0.0000,0.0000
3,hasta_001,1780004095.574,2026-05-29 00:34:55,355,NORMAL,51.4,7.7861,116.8006,175.0018,9.9634,20.1100,37.3344,45.3218,77.0094,14.8666,4.4567,38.2121,3.6644,23.1902,0.0006,0.0000,0.0000,0.0000
3,hasta_001,1780004095.605,2026-05-29 00:34:55,356,NORMAL,51.4,7.3457,116.0618,176.1904,9.7800,19.7996,37.2854,45.7313,77.3610,14.8874,4.4269,38.2121,3.6644,23.2715,0.0006,0.0000,0.0000,0.0000
3,hasta_001,1780004095.635,2026-05-29 00:34:55,357,NORMAL,51.4,6.1403,114.3996,179.6240,9.6696,19.5301,37.2239,46.1930,77.8128,14.9106,4.3921,38.2121,3.6644,23.3537,0.0007,0.0000,0.0000,0.0000
3,hasta_001,1780004095.666,2026-05-29 00:34:55,358,NORMAL,51.4,5.3584,112.5206,181.8173,9.5514,19.2663,37.1669,46.6669,78.2605,14.9341,4.3556,38.2121,3.6644,23.4371,0.0006,0.0000,0.0000,0.0000
3,hasta_001,1780004095.704,2026-05-29 00:34:55,359,NORMAL,51.4,3.9479,110.4399,186.1948,9.4300,18.9704,36.9048,47.1006,79.4036,14.9613,4.3109,38.2121,3.6644,23.5201,0.0006,0.0000,0.0000,0.0000
3,hasta_001,1780004095.744,2026-05-29 00:34:55,360,NORMAL,51.4,5.1893,107.8290,181.6337,9.4261,18.7179,35.9559,47.3084,80.6188,14.9946,4.2521,38.2121,3.6644,23.5970,0.0008,0.0000,0.0000,0.0000
3,hasta_001,1780004095.788,2026-05-29 00:34:55,361,NORMAL,51.4,6.5244,105.0657,176.6129,9.4828,18.5734,35.5716,47.8256,81.9227,15.0170,4.2158,38.2121,3.6644,23.6929,0.0009,0.0000,0.0000,0.0000
3,hasta_001,1780004095.843,2026-05-29 00:34:55,362,NORMAL,51.4,11.3552,102.7189,160.1830,9.3966,18.4187,35.1315,47.8914,82.9363,14.9790,4.2456,38.2121,3.6644,23.8026,0.0010,0.0000,0.0000,0.0000
3,hasta_001,1780004095.921,2026-05-29 00:34:55,363,NORMAL,51.4,18.8936,102.2299,137.6055,9.3108,18.3288,34.7560,47.8303,83.6449,14.9415,4.2755,38.2121,3.6644,23.9111,0.0010,0.0000,0.0000,0.0000
3,hasta_001,1780004096.021,2026-05-29 00:34:56,364,NORMAL,51.4,23.0864,101.6091,125.9432,9.1616,18.2873,34.6184,47.7521,83.9042,14.8983,4.3074,38.2121,3.6644,24.0116,0.0011,0.0000,0.0000,0.0000
3,hasta_001,1780004096.097,2026-05-29 00:34:56,365,NORMAL,51.4,25.4969,101.1603,119.4775,9.0662,18.2584,34.5950,47.6616,83.9055,14.8554,4.3395,38.2121,3.6644,24.1024,0.0011,0.0000,0.0000,0.0000
3,hasta_001,1780004096.166,2026-05-29 00:34:56,366,NORMAL,51.4,28.2392,99.1034,111.2969,8.9641,18.1882,34.6161,47.5709,83.7980,14.8154,4.3714,38.2121,3.6644,24.1830,0.0011,0.0000,0.0000,0.0000
3,hasta_001,1780004096.273,2026-05-29 00:34:56,367,NORMAL,51.4,29.3761,98.5297,108.1320,8.9980,18.3301,34.6533,47.4867,83.6541,14.7851,4.3989,38.2121,3.6644,24.2595,0.0017,0.0000,0.0000,0.0000
3,hasta_001,1780004096.320,2026-05-29 00:34:56,368,NORMAL,51.4,27.8687,96.1844,110.1394,8.8374,18.3107,34.0857,47.2923,84.3899,14.8362,4.2926,38.2121,3.6644,24.2625,0.0014,0.0000,0.0000,0.0000
3,hasta_001,1780004096.380,2026-05-29 00:34:56,369,NORMAL,51.4,24.3367,93.1857,117.1673,8.6891,18.2437,33.5625,47.0787,85.1097,14.8836,4.1920,38.2121,3.6644,24.2639,0.0011,0.0000,0.0000,0.0000
3,hasta_001,1780004096.473,2026-05-29 00:34:56,370,NORMAL,51.4,21.4122,91.3436,124.0406,8.3494,18.0791,33.1088,46.8619,85.7855,14.9242,4.1038,38.2121,3.6644,24.2625,0.0010,0.0000,0.0000,0.0000
3,hasta_001,1780004096.546,2026-05-29 00:34:56,371,NORMAL,51.4,23.2411,90.6337,118.3626,8.1637,17.9123,32.7955,46.6813,86.2764,14.9514,4.0477,38.2121,3.6644,24.2560,0.0008,0.0000,0.0000,0.0000
3,hasta_001,1780004096.632,2026-05-29 00:34:56,372,NORMAL,51.4,19.4554,87.4516,127.2063,7.9274,17.6734,32.5145,46.5084,86.7680,14.9630,4.0256,38.2121,3.6644,24.2421,0.0007,0.0000,0.0000,0.0000
3,hasta_001,1780004096.799,2026-05-29 00:34:56,373,NORMAL,51.4,13.2502,86.0278,146.6139,7.7517,17.0831,32.2391,46.3665,87.3565,14.9569,4.0360,38.2121,3.6644,24.2128,0.0003,0.0000,0.0000,0.0000
3,hasta_001,1780004096.883,2026-05-29 00:34:56,374,NORMAL,51.4,14.7463,87.9838,142.5825,7.7609,16.7361,32.0723,46.2775,87.7465,14.9394,4.0625,38.2121,3.6644,24.1703,0.0007,0.0000,0.0000,0.0000
3,hasta_001,1780004096.939,2026-05-29 00:34:56,375,NORMAL,51.4,16.1672,89.3006,138.6839,7.9293,16.5354,32.0306,46.3022,87.8920,14.9048,4.1041,38.2121,3.6644,24.1176,0.0014,0.0000,0.0000,0.0000
3,hasta_001,1780004097.007,2026-05-29 00:34:57,376,NORMAL,51.4,16.8921,90.6014,137.1418,8.1078,16.2657,32.0984,46.4177,87.7095,14.8540,4.1500,38.2121,3.6644,24.0567,0.0019,0.0000,0.0000,0.0000
3,hasta_001,1780004097.140,2026-05-29 00:34:57,377,NORMAL,51.4,18.5553,92.6443,133.2542,8.3552,15.8391,32.2025,46.5895,87.4124,14.7974,4.1917,38.2121,3.6644,23.9904,0.0021,0.0000,0.0000,0.0000
3,hasta_001,1780004097.231,2026-05-29 00:34:57,378,NORMAL,51.4,18.7735,84.2352,127.0992,8.3995,15.4798,32.2872,46.7228,87.1780,14.7407,4.2316,38.2121,3.6644,23.9220,0.0023,0.0000,0.0000,0.0000
3,hasta_001,1780004097.294,2026-05-29 00:34:57,379,NORMAL,51.4,19.0980,79.7704,122.7337,8.5388,15.2341,32.3443,46.8346,87.0535,14.6921,4.2689,38.2121,3.6644,23.8493,0.0023,0.0000,0.0000,0.0000
3,hasta_001,1780004097.341,2026-05-29 00:34:57,380,NORMAL,51.4,19.0262,76.7432,120.5333,8.6709,14.9640,32.3869,46.9266,86.9739,14.6489,4.3033,38.2121,3.6644,23.7715,0.0023,0.0000,0.0000,0.0000
3,hasta_001,1780004097.395,2026-05-29 00:34:57,381,NORMAL,51.4,18.4071,75.6147,121.6901,8.7595,14.6572,32.4167,47.0029,86.9295,14.6076,4.3357,38.2121,3.6644,23.6890,0.0025,0.0000,0.0000,0.0000
3,hasta_001,1780004097.464,2026-05-29 00:34:57,382,NORMAL,51.4,17.3690,74.8325,124.6475,8.8679,14.2627,32.3963,47.0522,87.0460,14.5695,4.3658,38.2121,3.6644,23.6007,0.0026,0.0000,0.0000,0.0000
3,hasta_001,1780004097.558,2026-05-29 00:34:57,383,NORMAL,51.4,18.3150,74.1070,120.7330,8.9832,13.8898,32.2260,47.0559,87.5346,14.5349,4.3934,38.2121,3.6644,23.5086,0.0025,0.0000,0.0000,0.0000
3,hasta_001,1780004097.605,2026-05-29 00:34:57,384,NORMAL,51.4,18.3698,74.2649,120.6784,9.0358,13.7261,32.0874,47.1982,88.1390,14.5052,4.4183,38.2121,3.6644,23.4199,0.0027,0.0000,0.0000,0.0000
3,hasta_001,1780004097.661,2026-05-29 00:34:57,385,NORMAL,51.4,19.0572,75.1316,119.0682,9.0716,13.6055,32.0416,47.5792,88.9814,14.4816,4.4396,38.2121,3.6644,23.3331,0.0028,0.0000,0.0000,0.0000
3,hasta_001,1780004097.758,2026-05-29 00:34:57,386,NORMAL,51.4,19.5967,70.6863,113.1766,9.0728,13.3761,32.0917,48.0193,89.6970,14.4662,4.4552,38.2121,3.6644,23.2417,0.0027,0.0000,0.0000,0.0000
3,hasta_001,1780004097.850,2026-05-29 00:34:57,387,NORMAL,51.4,18.5572,70.1900,116.3594,9.0916,13.2277,32.1038,48.4135,90.4259,14.4583,4.4638,38.2121,3.6644,23.1335,0.0027,0.0000,0.0000,0.0000
3,hasta_001,1780004097.967,2026-05-29 00:34:57,388,NORMAL,51.4,18.3573,70.1054,116.9940,9.1214,13.1424,32.0173,48.7546,91.3881,14.4566,4.4659,38.2121,3.6644,22.9989,0.0025,0.0000,0.0000,0.0000
3,hasta_001,1780004098.080,2026-05-29 00:34:58,389,NORMAL,51.4,20.4325,70.6850,110.3027,9.0740,13.0988,31.8212,49.0775,92.0431,14.4546,4.4682,38.2121,3.6644,22.8388,0.0025,0.0000,0.0000,0.0000
3,hasta_001,1780004098.113,2026-05-29 00:34:58,390,NORMAL,51.4,20.5655,71.2838,110.4380,9.0406,13.1012,31.5176,49.3998,92.5099,14.4520,4.4712,38.2121,3.6644,22.6608,0.0025,0.0000,0.0000,0.0000
3,hasta_001,1780004098.159,2026-05-29 00:34:58,391,NORMAL,51.4,19.8023,72.1816,113.8879,8.8909,13.0662,31.1205,49.7589,92.7966,14.4457,4.4786,38.2121,3.6644,22.4668,0.0024,0.0000,0.0000,0.0000
3,hasta_001,1780004098.214,2026-05-29 00:34:58,392,NORMAL,51.4,18.7844,79.2145,123.3280,8.8139,12.9857,30.7431,50.2816,92.8400,14.4358,4.4897,38.2121,3.6644,22.2614,0.0023,0.0000,0.0000,0.0000
3,hasta_001,1780004098.279,2026-05-29 00:34:58,393,NORMAL,51.4,19.0701,84.3170,126.2186,8.8129,12.9529,30.5041,50.8898,92.8645,14.4216,4.5047,38.2121,3.6644,22.0482,0.0021,0.0000,0.0000,0.0000
3,hasta_001,1780004098.343,2026-05-29 00:34:58,394,NORMAL,51.4,19.3873,88.2141,127.9291,8.8915,12.9777,30.4259,51.5099,93.3451,14.4013,4.5240,38.2121,3.6644,21.8323,0.0020,0.0000,0.0000,0.0000
3,hasta_001,1780004098.439,2026-05-29 00:34:58,395,NORMAL,51.4,20.4934,88.0593,124.4851,8.7715,13.0912,30.4416,52.1013,94.3113,14.3725,4.5488,38.2121,3.6644,21.6212,0.0019,0.0000,0.0000,0.0000
3,hasta_001,1780004098.529,2026-05-29 00:34:58,396,NORMAL,51.4,19.5103,89.9108,128.6782,8.6426,13.1103,30.5256,52.6761,94.7518,14.3355,4.5771,38.2121,3.6644,21.4134,0.0020,0.0000,0.0000,0.0000
3,hasta_001,1780004098.585,2026-05-29 00:34:58,397,NORMAL,51.4,18.9641,91.2955,131.2020,9.0505,13.2159,30.5703,53.2414,95.4018,14.2973,4.6018,38.2121,3.6644,21.2105,0.0019,0.0000,0.0000,0.0000
3,hasta_001,1780004098.642,2026-05-29 00:34:58,398,NORMAL,51.4,18.6961,97.3983,135.5830,9.1605,13.3479,30.5767,53.8288,96.1980,14.2554,4.6254,38.2121,3.6644,21.0119,0.0019,0.0000,0.0000,0.0000
3,hasta_001,1780004098.684,2026-05-29 00:34:58,399,NORMAL,51.4,17.7524,97.7950,138.5449,9.1458,13.5655,30.5110,54.4118,97.2843,14.2108,4.6486,38.2121,3.6644,20.8197,0.0019,0.0000,0.0000,0.0000
3,hasta_001,1780004098.714,2026-05-29 00:34:58,400,NORMAL,51.4,17.7730,96.0031,137.5160,9.2035,13.7463,30.3828,54.9753,98.3011,14.1648,4.6706,38.2121,3.6644,20.6327,0.0020,0.0000,0.0000,0.0000
3,hasta_001,1780004098.763,2026-05-29 00:34:58,401,NORMAL,51.4,19.9026,96.0198,131.3243,9.6472,14.0084,30.1689,55.5429,98.9949,14.1222,4.6883,38.2121,3.6644,20.4518,0.0020,0.0000,0.0000,0.0000
3,hasta_001,1780004098.823,2026-05-29 00:34:58,402,NORMAL,51.4,19.6788,95.6878,131.7695,9.9202,14.2415,29.8612,56.1256,99.4688,14.0827,4.7035,38.2121,3.6644,20.2774,0.0020,0.0000,0.0000,0.0000
3,hasta_001,1780004098.870,2026-05-29 00:34:58,403,NORMAL,51.4,18.8046,95.5384,134.2168,10.0642,14.3637,29.4721,56.7297,99.7882,14.0450,4.7174,38.2121,3.6644,20.1097,0.0020,0.0000,0.0000,0.0000
3,hasta_001,1780004098.916,2026-05-29 00:34:58,404,NORMAL,51.4,17.8140,95.4214,137.0727,10.2356,14.4112,29.0031,57.3453,100.0148,14.0072,4.7296,38.2121,3.6644,19.9485,0.0019,0.0000,0.0000,0.0000
3,hasta_001,1780004098.963,2026-05-29 00:34:58,405,NORMAL,51.4,17.3552,95.1736,138.3083,10.3496,14.4074,28.4353,57.9657,100.1514,13.9699,4.7406,38.2121,3.6644,19.7988,0.0019,0.0000,0.0000,0.0000
3,hasta_001,1780004099.007,2026-05-29 00:34:59,406,NORMAL,51.4,17.2164,96.7155,139.5554,10.5598,14.3869,27.8055,58.5947,100.2684,13.9331,4.7498,38.2121,3.6644,19.6573,0.0018,0.0000,0.0000,0.0000
3,hasta_001,1780004099.039,2026-05-29 00:34:59,407,PARKINSON RISKI,52.1,16.9126,97.8575,141.0556,10.6776,14.3537,27.2778,59.2430,100.4438,13.8954,4.7575,38.2121,3.6644,19.5281,0.0018,0.0000,0.0000,0.0000
3,hasta_001,1780004099.070,2026-05-29 00:34:59,408,PARKINSON RISKI,52.1,17.0864,99.8615,141.5590,10.6942,14.2609,26.7918,59.9195,100.6186,13.8550,4.7640,38.2121,3.6644,19.4079,0.0018,0.0000,0.0000,0.0000
3,hasta_001,1780004099.105,2026-05-29 00:34:59,409,PARKINSON RISKI,52.1,17.0221,101.0379,142.3272,10.6898,14.1688,26.3130,60.6066,100.8038,13.8130,4.7695,38.2121,3.6644,19.2953,0.0017,0.0000,0.0000,0.0000
3,hasta_001,1780004099.148,2026-05-29 00:34:59,410,PARKINSON RISKI,53.6,17.0821,101.5154,142.3864,10.5734,14.0629,25.8263,61.3041,100.9602,13.7686,4.7746,38.2121,3.6644,19.1903,0.0017,0.0000,0.0000,0.0000
3,hasta_001,1780004099.192,2026-05-29 00:34:59,411,PARKINSON RISKI,53.6,17.7034,103.9144,141.7735,10.5433,13.9586,25.3475,62.0265,101.0964,13.7224,4.7788,38.2121,3.6644,19.0919,0.0018,0.0000,0.0000,0.0000
3,hasta_001,1780004099.223,2026-05-29 00:34:59,412,PARKINSON RISKI,55.1,17.8759,105.9958,142.2760,10.5467,13.8804,24.8606,62.7727,101.2067,13.6729,4.7806,38.2121,3.6644,18.9996,0.0017,0.0000,0.0000,0.0000
3,hasta_001,1780004099.255,2026-05-29 00:34:59,413,PARKINSON RISKI,55.1,18.1724,108.4002,142.5708,10.5985,13.8146,24.3625,63.5425,101.2966,13.6214,4.7802,38.2121,3.6644,18.9126,0.0018,0.0000,0.0000,0.0000
3,hasta_001,1780004099.287,2026-05-29 00:34:59,414,PARKINSON RISKI,55.1,17.9434,110.0177,143.9098,10.6060,13.7087,23.8713,64.3311,101.3851,13.5678,4.7777,38.2121,3.6644,18.8273,0.0018,0.0000,0.0000,0.0000
3,hasta_001,1780004099.319,2026-05-29 00:34:59,415,PARKINSON RISKI,56.6,18.2110,111.0948,143.6652,10.5735,13.6266,23.3708,65.1367,101.4340,13.5050,4.7671,38.2121,3.6644,18.7438,0.0018,0.0000,0.0000,0.0000
3,hasta_001,1780004099.350,2026-05-29 00:34:59,416,PARKINSON RISKI,58.1,17.8810,111.9428,144.9069,10.4849,13.5412,22.7969,65.9593,101.4161,13.4297,4.7428,38.2121,3.6644,18.6630,0.0019,0.0000,0.0000,0.0000
4,hasta_001,1780004216.313,2026-05-29 00:36:56,1,Veri Toplaniyor...,0.0,31.2534,34.3237,9.3641,16.2881,2.9008,,,,,,,,,,,,
4,hasta_001,1780004216.445,2026-05-29 00:36:56,2,Veri Toplaniyor...,0.0,31.4557,34.2903,8.6230,16.2476,2.9337,,,,,,,,,,,,
4,hasta_001,1780004216.488,2026-05-29 00:36:56,3,Veri Toplaniyor...,0.0,31.5339,34.2525,8.2649,16.2500,3.0462,,,,,,,,,,,,
4,hasta_001,1780004216.607,2026-05-29 00:36:56,4,Veri Toplaniyor...,0.0,31.6546,34.1116,7.4721,16.2622,3.5001,,,,,,,,,,,,
4,hasta_001,1780004216.702,2026-05-29 00:36:56,5,Veri Toplaniyor...,0.0,31.7408,33.9967,6.8634,16.2378,3.9489,,,,,,,,,,,,
4,hasta_001,1780004216.806,2026-05-29 00:36:56,6,Veri Toplaniyor...,0.0,31.6759,33.7539,6.3517,16.1915,4.5292,,,,,,,,,,,,
4,hasta_001,1780004216.872,2026-05-29 00:36:56,7,Veri Toplaniyor...,0.0,31.5983,33.5301,5.9325,16.1422,5.0039,,,,,,,,,,,,
4,hasta_001,1780004216.904,2026-05-29 00:36:56,8,Veri Toplaniyor...,0.0,31.5709,33.4094,5.6587,16.1151,5.2709,,,,,,,,,,,,
4,hasta_001,1780004216.938,2026-05-29 00:36:56,9,Veri Toplaniyor...,0.0,31.5818,33.3004,5.2977,16.1251,5.5861,,,,,,,,,,,,
4,hasta_001,1780004216.965,2026-05-29 00:36:56,10,Veri Toplaniyor...,0.0,31.5979,33.2397,5.0641,16.1232,5.8496,,,,,,,,,,,,
4,hasta_001,1780004216.995,2026-05-29 00:36:56,11,Veri Toplaniyor...,0.0,31.6392,33.1343,4.6163,16.1160,6.1606,,,,,,,,,,,,
4,hasta_001,1780004217.029,2026-05-29 00:36:57,12,Veri Toplaniyor...,0.0,31.6237,32.9678,4.1618,16.1593,6.5215,,,,,,,,,,,,
4,hasta_001,1780004217.053,2026-05-29 00:36:57,13,Veri Toplaniyor...,0.0,31.5967,32.8344,3.8420,16.1791,6.7903,,,,,,,,,,,,
4,hasta_001,1780004217.110,2026-05-29 00:36:57,14,Veri Toplaniyor...,0.0,31.5798,32.6395,3.3003,16.2033,7.2749,,,,,,,,,,,,
4,hasta_001,1780004217.153,2026-05-29 00:36:57,15,Veri Toplaniyor...,0.0,31.4812,32.4450,3.0154,16.2174,7.6342,,,,,,,,,,,,
4,hasta_001,1780004217.186,2026-05-29 00:36:57,16,Veri Toplaniyor...,0.0,31.3295,32.2022,2.7472,16.2246,7.9103,,,,,,,,,,,,
4,hasta_001,1780004217.210,2026-05-29 00:36:57,17,Veri Toplaniyor...,0.0,31.1790,31.9702,2.5058,16.2296,8.1314,,,,,,,,,,,,
4,hasta_001,1780004217.245,2026-05-29 00:36:57,18,Veri Toplaniyor...,0.0,30.9359,31.5776,2.0529,16.2210,8.4235,,,,,,,,,,,,
4,hasta_001,1780004217.278,2026-05-29 00:36:57,19,Veri Toplaniyor...,0.0,30.7869,31.2989,1.6494,16.1580,8.6370,,,,,,,,,,,,
4,hasta_001,1780004217.304,2026-05-29 00:36:57,20,NORMAL,61.7,30.7164,31.1485,1.3970,16.1408,8.7973,31.4266,33.0213,4.9090,16.1916,0.0525,0.0000,0.0000,5.9425,0.0024,0.0000,0.0000,0.0000
4,hasta_001,1780004217.372,2026-05-29 00:36:57,21,NORMAL,61.2,30.7029,30.9371,0.7599,16.0947,9.1088,31.3921,32.9221,4.7114,16.1870,0.0553,0.0000,0.0000,6.0933,0.0024,0.0000,0.0000,0.0000
4,hasta_001,1780004217.420,2026-05-29 00:36:57,22,NORMAL,59.7,30.7479,30.8379,0.2922,16.0868,9.3083,31.3628,32.8273,4.5106,16.1824,0.0579,0.0000,0.0000,6.2394,0.0025,0.0000,0.0000,0.0000
4,hasta_001,1780004217.477,2026-05-29 00:36:57,23,NORMAL,59.7,30.8614,30.7474,0.3701,16.0617,9.4934,31.3410,32.7369,4.3306,16.1772,0.0617,0.0000,0.0000,6.3809,0.0026,0.0000,0.0000,0.0000
4,hasta_001,1780004217.519,2026-05-29 00:36:57,24,NORMAL,58.2,30.9717,30.7106,0.8466,16.0533,9.6149,31.3256,32.6525,4.1854,16.1720,0.0653,0.0000,0.0000,6.5157,0.0029,0.0000,0.0000,0.0000
4,hasta_001,1780004217.560,2026-05-29 00:36:57,25,NORMAL,58.2,31.0813,30.6943,1.2529,16.0437,9.7096,31.3159,32.5742,4.0681,16.1669,0.0687,0.0000,0.0000,6.6434,0.0028,0.0000,0.0000,0.0000
4,hasta_001,1780004217.609,2026-05-29 00:36:57,26,NORMAL,58.2,31.2366,30.7227,1.6588,16.0423,9.8030,31.3128,32.5029,3.9754,16.1621,0.0715,0.0000,0.0000,6.7649,0.0029,0.0000,0.0000,0.0000
4,hasta_001,1780004217.663,2026-05-29 00:36:57,27,NORMAL,58.2,31.3794,30.7628,1.9845,16.0373,9.8717,31.3153,32.4385,3.9017,16.1575,0.0740,0.0000,0.0000,6.8800,0.0028,0.0000,0.0000,0.0000
4,hasta_001,1780004217.723,2026-05-29 00:36:57,28,NORMAL,58.2,31.5975,30.7757,2.6351,16.0419,9.9208,31.3254,32.3791,3.8565,16.1533,0.0758,0.0000,0.0000,6.9886,0.0028,0.0000,0.0000,0.0000
4,hasta_001,1780004217.796,2026-05-29 00:36:57,29,NORMAL,58.2,31.8248,30.8371,3.1525,15.9738,9.9662,31.3426,32.3259,3.8322,16.1472,0.0814,0.0000,0.0000,7.0913,0.0027,0.0000,0.0000,0.0000
4,hasta_001,1780004217.837,2026-05-29 00:36:57,30,NORMAL,58.2,32.0101,30.9203,3.4635,15.9196,9.9915,31.3648,32.2791,3.8199,16.1396,0.0898,0.0000,0.0000,7.1879,0.0029,0.0000,0.0000,0.0000
4,hasta_001,1780004217.869,2026-05-29 00:36:57,31,NORMAL,57.2,32.1602,30.9609,3.8000,15.8828,10.0074,31.3905,32.2366,3.8192,16.1313,0.0993,0.0000,0.0000,7.2789,0.0030,0.0000,0.0000,0.0000
4,hasta_001,1780004217.900,2026-05-29 00:36:57,32,NORMAL,57.2,32.3759,31.0072,4.3187,15.8541,10.0135,31.4213,32.1981,3.8349,16.1226,0.1090,0.0000,0.0000,7.3644,0.0029,0.0000,0.0000,0.0000
4,hasta_001,1780004217.931,2026-05-29 00:36:57,33,NORMAL,57.2,32.5806,31.0663,4.7586,15.8390,10.0118,31.4564,32.1638,3.8628,16.1140,0.1179,0.0000,0.0000,7.4446,0.0029,0.0000,0.0000,0.0000
4,hasta_001,1780004217.964,2026-05-29 00:36:57,34,NORMAL,57.2,32.7599,31.1071,5.1757,15.8248,10.0044,31.4947,32.1328,3.9015,16.1055,0.1260,0.0000,0.0000,7.5199,0.0029,0.0000,0.0000,0.0000
4,hasta_001,1780004218.009,2026-05-29 00:36:58,35,NORMAL,57.7,32.9467,31.1970,5.4555,15.8093,9.9818,31.5362,32.1060,3.9459,16.0971,0.1336,0.0000,0.0000,7.5902,0.0029,0.0000,0.0000,0.0000
4,hasta_001,1780004218.058,2026-05-29 00:36:58,36,NORMAL,57.7,33.0671,31.2236,5.7347,15.8776,9.9909,31.5788,32.0815,3.9956,16.0910,0.1366,0.0000,0.0000,7.6569,0.0031,0.0000,0.0000,0.0000
4,hasta_001,1780004218.085,2026-05-29 00:36:58,37,NORMAL,57.2,33.1211,31.2139,5.9289,15.9098,9.9983,31.6204,32.0581,4.0478,16.0861,0.1379,0.0000,0.0000,7.7202,0.0031,0.0000,0.0000,0.0000
4,hasta_001,1780004218.117,2026-05-29 00:36:58,38,NORMAL,57.2,33.1863,31.2120,6.1314,15.9334,10.0069,31.6616,32.0358,4.1026,16.0821,0.1382,0.0000,0.0000,7.7804,0.0030,0.0000,0.0000,0.0000
4,hasta_001,1780004218.158,2026-05-29 00:36:58,39,NORMAL,57.2,33.2741,31.2044,6.4198,16.0058,10.0298,31.7030,32.0145,4.1621,16.0801,0.1370,0.0000,0.0000,7.8380,0.0031,0.0000,0.0000,0.0000
4,hasta_001,1780004218.195,2026-05-29 00:36:58,40,NORMAL,57.2,33.3654,31.2031,6.6980,16.0502,10.0373,31.7446,31.9942,4.2255,16.0793,0.1353,0.0000,0.0000,7.8930,0.0030,0.0000,0.0000,0.0000
4,hasta_001,1780004218.228,2026-05-29 00:36:58,41,NORMAL,57.2,33.4411,31.2125,6.8937,16.0969,10.0404,31.7859,31.9751,4.2905,16.0798,0.1337,0.0000,0.0000,7.9454,0.0031,0.0000,0.0000,0.0000
4,hasta_001,1780004218.275,2026-05-29 00:36:58,42,NORMAL,57.2,33.6261,31.2323,7.3815,16.1412,10.0466,31.8297,31.9574,4.3641,16.0812,0.1324,0.0000,0.0000,7.9954,0.0031,0.0000,0.0000,0.0000
4,hasta_001,1780004218.317,2026-05-29 00:36:58,43,NORMAL,57.2,33.7655,31.2519,7.7320,16.1738,10.0482,31.8748,31.9410,4.4424,16.0834,0.1316,0.0000,0.0000,8.0432,0.0030,0.0000,0.0000,0.0000
4,hasta_001,1780004218.380,2026-05-29 00:36:58,44,NORMAL,54.2,33.8340,31.1719,8.1904,16.1966,10.0552,31.9193,31.9236,4.5276,16.0860,0.1312,0.0000,0.0000,8.0889,0.0030,0.5000,0.0000,0.0000
4,hasta_001,1780004218.437,2026-05-29 00:36:58,45,NORMAL,53.2,33.9753,31.0877,8.8764,16.1798,10.0547,31.9650,31.9050,4.6243,16.0881,0.1305,0.0000,0.0000,8.1326,0.0029,1.0000,0.0000,0.0000
4,hasta_001,1780004218.473,2026-05-29 00:36:58,46,NORMAL,53.2,34.0622,31.0657,9.2017,16.1625,10.0512,32.0106,31.8867,4.7238,16.0897,0.1295,0.0000,0.0000,8.1743,0.0029,1.0000,0.0000,0.0000
4,hasta_001,1780004218.530,2026-05-29 00:36:58,47,NORMAL,53.2,34.0579,30.9442,9.5806,16.1751,10.0487,32.0541,31.8667,4.8271,16.0915,0.1287,0.0000,0.0000,8.2142,0.0029,1.0000,0.0000,0.0000
4,hasta_001,1780004218.597,2026-05-29 00:36:58,48,NORMAL,53.0,34.1816,30.9359,9.9688,16.1757,10.0528,32.0985,31.8473,4.9342,16.0932,0.1279,0.0000,0.0000,8.2525,0.0028,1.0000,0.0000,0.0000
4,hasta_001,1780004218.656,2026-05-29 00:36:58,49,NORMAL,53.0,34.3166,30.9945,10.1732,16.1783,10.0605,32.1437,31.8299,5.0411,16.0950,0.1272,0.0000,0.0000,8.2894,0.0028,1.0000,0.0000,0.0000
4,hasta_001,1780004218.712,2026-05-29 00:36:58,50,NORMAL,53.0,34.3966,31.0216,10.3183,16.2034,10.0805,32.1888,31.8137,5.1467,16.0971,0.1268,0.0000,0.0000,8.3252,0.0028,1.0000,0.0000,0.0000
4,hasta_001,1780004218.752,2026-05-29 00:36:58,51,NORMAL,53.0,34.3972,31.0426,10.2525,16.2136,10.1021,32.2321,31.7986,5.2468,16.0994,0.1266,0.0000,0.0000,8.3600,0.0027,1.0000,0.0000,0.0000
4,hasta_001,1780004218.781,2026-05-29 00:36:58,52,NORMAL,53.0,34.4221,31.0616,10.2633,16.2493,10.1318,32.2742,31.7844,5.3433,16.1023,0.1271,0.0000,0.0000,8.3941,0.0028,1.0000,0.0000,0.0000
4,hasta_001,1780004218.814,2026-05-29 00:36:58,53,NORMAL,53.0,34.4623,31.0689,10.3566,16.2716,10.1663,32.3155,31.7709,5.4379,16.1055,0.1280,0.0000,0.0000,8.4275,0.0028,1.0000,0.0000,0.0000
4,hasta_001,1780004218.845,2026-05-29 00:36:58,54,NORMAL,53.0,34.4787,31.0847,10.3534,16.2784,10.1852,32.3555,31.7582,5.5289,16.1087,0.1289,0.0000,0.0000,8.4601,0.0028,1.0000,0.0000,0.0000
4,hasta_001,1780004218.902,2026-05-29 00:36:58,55,NORMAL,53.0,34.6845,31.1062,10.8779,16.3034,10.2045,32.3979,31.7464,5.6262,16.1122,0.1303,0.0000,0.0000,8.4918,0.0028,1.0000,0.0000,0.0000
4,hasta_001,1780004218.939,2026-05-29 00:36:58,56,NORMAL,53.0,34.8371,31.1771,11.0885,16.3467,10.2146,32.4414,31.7362,5.7237,16.1164,0.1328,0.0000,0.0000,8.5226,0.0027,1.0000,0.0000,0.0000
4,hasta_001,1780004218.992,2026-05-29 00:36:58,57,NORMAL,53.0,34.9874,31.2553,11.2679,16.3901,10.2266,32.4861,31.7278,5.8210,16.1212,0.1365,0.0000,0.0000,8.5525,0.0027,1.0000,0.0000,0.0000
4,hasta_001,1780004219.036,2026-05-29 00:36:59,58,NORMAL,53.0,35.1002,31.2987,11.4506,16.4181,10.2319,32.5312,31.7204,5.9180,16.1264,0.1407,0.0000,0.0000,8.5814,0.0026,1.0000,0.0000,0.0000
4,hasta_001,1780004219.076,2026-05-29 00:36:59,59,NORMAL,53.0,35.2633,31.3709,11.6829,16.2794,10.2286,32.5775,31.7144,6.0157,16.1289,0.1409,0.0000,0.0000,8.6093,0.0026,1.0000,0.0000,0.0000
4,hasta_001,1780004219.108,2026-05-29 00:36:59,60,NORMAL,52.8,35.4923,31.4016,12.2306,16.2507,10.2264,32.6261,31.7092,6.1193,16.1310,0.1406,0.0000,0.0000,8.6363,0.0027,1.0000,0.0000,0.0000
4,hasta_001,1780004219.139,2026-05-29 00:36:59,61,NORMAL,52.8,35.6749,31.4807,12.4909,16.3512,10.2172,32.6760,31.7055,6.2238,16.1346,0.1422,0.0000,0.0000,8.6622,0.0026,1.0000,0.0000,0.0000
4,hasta_001,1780004219.169,2026-05-29 00:36:59,62,NORMAL,53.3,35.9490,31.5730,12.9619,16.4593,10.2083,32.7288,31.7033,6.3324,16.1398,0.1469,0.0000,0.0000,8.6871,0.0027,0.5000,0.0000,0.0000
4,hasta_001,1780004219.205,2026-05-29 00:36:59,63,NORMAL,53.3,36.2542,31.6954,13.4180,16.6299,10.1944,32.7848,31.7032,6.4449,16.1476,0.1581,0.0000,0.0000,8.7111,0.0026,0.5000,0.0000,0.0000
4,hasta_001,1780004219.252,2026-05-29 00:36:59,64,NORMAL,53.3,36.5168,31.8292,13.7174,16.8114,10.1745,32.8431,31.7052,6.5585,16.1580,0.1771,0.0000,0.0000,8.7339,0.0026,0.5000,0.0000,0.0000
4,hasta_001,1780004219.297,2026-05-29 00:36:59,65,NORMAL,53.3,36.7427,31.9362,13.9971,17.3041,10.1508,32.9031,31.7087,6.6730,16.1756,0.2254,0.0000,0.0000,8.7557,0.0026,0.5000,0.0000,0.0000
4,hasta_001,1780004219.353,2026-05-29 00:36:59,66,NORMAL,53.3,37.0177,32.0556,14.3677,17.8104,10.1483,32.9654,31.7140,6.7896,16.2004,0.2998,0.0000,0.0000,8.7768,0.0026,0.5000,0.0000,0.0000
4,hasta_001,1780004219.406,2026-05-29 00:36:59,67,NORMAL,53.3,37.2023,32.1712,14.5043,18.0511,10.1483,33.0287,31.7208,6.9047,16.2280,0.3727,0.0000,0.0000,8.7973,0.0025,0.5000,0.0000,0.0000
4,hasta_001,1780004219.461,2026-05-29 00:36:59,68,NORMAL,53.3,37.2892,32.2026,14.6394,18.3205,10.1652,33.0913,31.7279,7.0185,16.2588,0.4476,0.0000,0.0000,8.8174,0.0026,0.5000,0.0000,0.0000
4,hasta_001,1780004219.525,2026-05-29 00:36:59,69,NORMAL,53.3,37.3648,32.2312,14.7526,18.5359,10.1545,33.1533,31.7352,7.1306,16.2918,0.5210,0.0000,0.0000,8.8368,0.0025,0.5000,0.0000,0.0000
4,hasta_001,1780004219.578,2026-05-29 00:36:59,70,NORMAL,53.3,37.4751,32.2902,14.8638,18.5706,10.1310,33.2150,31.7431,7.2410,16.3243,0.5837,0.0000,0.0000,8.8553,0.0024,0.5000,0.0000,0.0000
4,hasta_001,1780004219.618,2026-05-29 00:36:59,71,NORMAL,53.3,37.5509,32.3762,14.8004,18.4619,10.1219,33.2761,31.7520,7.3475,16.3544,0.6320,0.0000,0.0000,8.8731,0.0024,0.5000,0.0000,0.0000
4,hasta_001,1780004219.680,2026-05-29 00:36:59,72,NORMAL,53.3,37.6267,32.4643,14.7305,18.3104,10.1091,33.3365,31.7619,7.4500,16.3816,0.6680,0.0000,0.0000,8.8903,0.0023,0.5000,0.0000,0.0000
4,hasta_001,1780004219.734,2026-05-29 00:36:59,73,NORMAL,53.3,37.7320,32.6173,14.5409,18.1458,10.0993,33.3967,31.7737,7.5472,16.4058,0.6944,0.0000,0.0000,8.9069,0.0022,0.5000,0.0000,0.0000
4,hasta_001,1780004219.773,2026-05-29 00:36:59,74,NORMAL,53.3,37.7430,32.6952,14.3325,17.9912,10.0893,33.4555,31.7861,7.6389,16.4272,0.7135,0.0000,0.0000,8.9228,0.0022,0.5000,0.0000,0.0000
4,hasta_001,1780004219.831,2026-05-29 00:36:59,75,NORMAL,53.3,37.7579,32.7382,14.2409,17.7846,10.0630,33.5128,31.7988,7.7269,16.4453,0.7257,0.0000,0.0000,8.9380,0.0022,0.5000,0.0000,0.0000
4,hasta_001,1780004219.884,2026-05-29 00:36:59,76,NORMAL,53.3,37.6219,32.6975,14.0056,17.6584,10.0295,33.5669,31.8106,7.8095,16.4612,0.7340,0.0000,0.0000,8.9524,0.0022,0.5000,0.0000,0.0000
4,hasta_001,1780004219.938,2026-05-29 00:36:59,77,NORMAL,53.3,37.4804,32.6598,13.7457,17.6740,10.0226,33.6177,31.8217,7.8866,16.4770,0.7420,0.0000,0.0000,8.9663,0.0022,0.5000,0.0000,0.0000
4,hasta_001,1780004220.001,2026-05-29 00:37:00,78,NORMAL,53.3,37.3566,32.6362,13.4882,17.6695,10.0235,33.6656,31.8321,7.9584,16.4923,0.7494,0.0000,0.0000,8.9798,0.0022,0.5000,0.0000,0.0000
4,hasta_001,1780004220.064,2026-05-29 00:37:00,79,NORMAL,53.3,37.2716,32.6272,13.2888,17.6886,10.0383,33.7113,31.8422,8.0259,16.5074,0.7565,0.0000,0.0000,8.9932,0.0021,0.5000,0.0000,0.0000
4,hasta_001,1780004220.106,2026-05-29 00:37:00,80,NORMAL,53.3,37.2504,32.6409,13.1905,17.6907,10.0524,33.7555,31.8521,8.0905,16.5222,0.7632,0.0000,0.0000,9.0065,0.0021,0.5000,0.0000,0.0000
4,hasta_001,1780004220.163,2026-05-29 00:37:00,81,NORMAL,53.3,37.2209,32.6748,13.0083,17.4233,10.0574,33.7983,31.8623,8.1512,16.5333,0.7650,0.0000,0.0000,9.0195,0.0020,0.5000,0.0000,0.0000
4,hasta_001,1780004220.214,2026-05-29 00:37:00,82,NORMAL,53.3,37.2931,32.7341,13.0206,17.2447,10.0733,33.8409,31.8729,8.2105,16.5420,0.7643,0.0000,0.0000,9.0323,0.0020,0.5000,0.0000,0.0000
4,hasta_001,1780004220.256,2026-05-29 00:37:00,83,NORMAL,53.3,37.3982,32.7802,13.1605,17.0410,10.0698,33.8838,31.8839,8.2702,16.5480,0.7616,0.0000,0.0000,9.0448,0.0020,0.5000,0.0000,0.0000
4,hasta_001,1780004220.303,2026-05-29 00:37:00,84,NORMAL,53.3,37.4129,32.7684,13.2357,16.8327,10.0618,33.9258,31.8944,8.3293,16.5514,0.7577,0.0000,0.0000,9.0569,0.0020,0.5000,0.0000,0.0000
4,hasta_001,1780004220.351,2026-05-29 00:37:00,85,NORMAL,53.3,37.4299,32.7468,13.3465,16.9001,10.0484,33.9670,31.9044,8.3883,16.5555,0.7542,0.0000,0.0000,9.0686,0.0019,0.5000,0.0000,0.0000
4,hasta_001,1780004220.398,2026-05-29 00:37:00,86,NORMAL,53.3,37.4599,32.7461,13.4284,16.8877,10.0392,34.0076,31.9142,8.4469,16.5594,0.7506,0.0000,0.0000,9.0799,0.0019,0.5000,0.0000,0.0000
4,hasta_001,1780004220.466,2026-05-29 00:37:00,87,NORMAL,53.3,37.4177,32.7552,13.2888,16.8213,10.0423,34.0468,31.9239,8.5026,16.5624,0.7468,0.0000,0.0000,9.0909,0.0019,0.5000,0.0000,0.0000
4,hasta_001,1780004220.500,2026-05-29 00:37:00,88,NORMAL,53.3,37.4402,32.7754,13.2872,16.8461,10.0426,34.0854,31.9336,8.5570,16.5656,0.7432,0.0000,0.0000,9.1017,0.0019,0.5000,0.0000,0.0000
4,hasta_001,1780004220.557,2026-05-29 00:37:00,89,NORMAL,53.3,37.5337,32.7989,13.4641,16.8298,10.0502,34.1241,31.9433,8.6121,16.5686,0.7395,0.0000,0.0000,9.1124,0.0019,0.5000,0.0000,0.0000
4,hasta_001,1780004220.619,2026-05-29 00:37:00,90,NORMAL,53.3,37.6286,32.8588,13.5338,16.8674,10.0387,34.1631,31.9535,8.6668,16.5719,0.7361,0.0000,0.0000,9.1227,0.0019,0.5000,0.0000,0.0000
4,hasta_001,1780004220.655,2026-05-29 00:37:00,91,NORMAL,53.3,37.6063,32.8833,13.4006,16.8824,10.0327,34.2009,31.9637,8.7188,16.5753,0.7327,0.0000,0.0000,9.1327,0.0019,0.5000,0.0000,0.0000
4,hasta_001,1780004220.708,2026-05-29 00:37:00,92,NORMAL,53.3,37.5538,32.9155,13.1641,16.8217,10.0206,34.2374,31.9740,8.7671,16.5780,0.7292,0.0000,0.0000,9.1423,0.0018,0.5000,0.0000,0.0000
4,hasta_001,1780004220.778,2026-05-29 00:37:00,93,NORMAL,53.3,37.3936,32.9122,12.7484,16.8047,10.0437,34.2713,31.9841,8.8099,16.5804,0.7256,0.0000,0.0000,9.1520,0.0018,0.5000,0.0000,0.0000
4,hasta_001,1780004220.828,2026-05-29 00:37:00,94,NORMAL,53.3,37.3576,32.8697,12.7809,16.7216,10.0460,34.3041,31.9935,8.8522,16.5819,0.7219,0.0000,0.0000,9.1615,0.0018,0.5000,0.0000,0.0000
4,hasta_001,1780004220.900,2026-05-29 00:37:00,95,NORMAL,53.3,37.3687,32.8232,12.9516,16.5381,10.0372,34.3364,32.0023,8.8953,16.5815,0.7181,0.0000,0.0000,9.1708,0.0017,0.5000,0.0000,0.0000
4,hasta_001,1780004220.949,2026-05-29 00:37:00,96,NORMAL,53.3,37.4153,32.7988,13.1498,16.4544,10.0305,34.3685,32.0106,8.9396,16.5802,0.7145,0.0000,0.0000,9.1797,0.0017,0.5000,0.0000,0.0000
4,hasta_001,1780004220.996,2026-05-29 00:37:00,97,NORMAL,53.3,37.3492,32.7554,13.1058,16.4176,10.0378,34.3992,32.0182,8.9826,16.5785,0.7110,0.0000,0.0000,9.1886,0.0017,0.5000,0.0000,0.0000
4,hasta_001,1780004221.038,2026-05-29 00:37:01,98,NORMAL,53.3,37.3658,32.7720,13.0995,16.4294,10.0586,34.4295,32.0259,9.0246,16.5770,0.7075,0.0000,0.0000,9.1974,0.0017,0.5000,0.0000,0.0000
4,hasta_001,1780004221.093,2026-05-29 00:37:01,99,NORMAL,53.3,37.4524,32.8123,13.2076,16.4329,10.0731,34.4600,32.0339,9.0669,16.5755,0.7040,0.0000,0.0000,9.2063,0.0017,0.5000,0.0000,0.0000
4,hasta_001,1780004221.154,2026-05-29 00:37:01,100,NORMAL,53.3,37.5453,32.8363,13.3812,16.4006,10.1056,34.4909,32.0419,9.1100,16.5738,0.7007,0.0000,0.0000,9.2153,0.0017,0.5000,0.0000,0.0000
4,hasta_001,1780004221.215,2026-05-29 00:37:01,101,NORMAL,53.3,37.5706,32.8512,13.4032,16.3792,10.1349,34.5213,32.0499,9.1525,16.5718,0.6975,0.0000,0.0000,9.2244,0.0017,0.5000,0.0000,0.0000
4,hasta_001,1780004221.273,2026-05-29 00:37:01,102,NORMAL,53.3,37.5956,32.8690,13.4155,16.3026,10.1567,34.5515,32.0579,9.1943,16.5692,0.6946,0.0000,0.0000,9.2335,0.0016,0.5000,0.0000,0.0000
4,hasta_001,1780004221.313,2026-05-29 00:37:01,103,NORMAL,53.3,37.6732,32.9171,13.4752,16.2534,10.1599,34.5818,32.0663,9.2359,16.5661,0.6919,0.0000,0.0000,9.2425,0.0016,0.5000,0.0000,0.0000
4,hasta_001,1780004221.368,2026-05-29 00:37:01,104,NORMAL,53.3,37.7752,33.0256,13.4167,16.1763,10.1495,34.6125,32.0755,9.2761,16.5624,0.6896,0.0000,0.0000,9.2512,0.0016,0.5000,0.0000,0.0000
4,hasta_001,1780004221.406,2026-05-29 00:37:01,105,NORMAL,53.3,37.8052,33.1180,13.2177,16.1715,10.1413,34.6429,32.0854,9.3136,16.5587,0.6874,0.0000,0.0000,9.2597,0.0016,0.5000,0.0000,0.0000
4,hasta_001,1780004221.461,2026-05-29 00:37:01,106,NORMAL,53.3,37.8606,33.2290,13.0303,16.1301,10.1385,34.6733,32.0962,9.3487,16.5546,0.6854,0.0000,0.0000,9.2680,0.0016,0.5000,0.0000,0.0000
4,hasta_001,1780004221.501,2026-05-29 00:37:01,107,NORMAL,53.3,37.9185,33.3266,12.8903,16.0645,10.1183,34.7036,32.1077,9.3818,16.5500,0.6838,0.0000,0.0000,9.2760,0.0016,0.5000,0.0000,0.0000
4,hasta_001,1780004221.532,2026-05-29 00:37:01,108,NORMAL,53.3,37.8880,33.3744,12.6677,16.0718,10.1012,34.7331,32.1194,9.4122,16.5456,0.6822,0.0000,0.0000,9.2836,0.0016,0.5000,0.0000,0.0000
4,hasta_001,1780004221.572,2026-05-29 00:37:01,109,NORMAL,53.8,37.9159,33.4669,12.4652,16.0312,10.0775,34.7623,32.1318,9.4402,16.5409,0.6808,0.0000,0.0000,9.2909,0.0016,0.5000,0.0000,0.0000
4,hasta_001,1780004221.610,2026-05-29 00:37:01,110,NORMAL,53.8,37.9072,33.5448,12.2106,16.0046,10.0538,34.7909,32.1447,9.4654,16.5360,0.6796,0.0000,0.0000,9.2978,0.0016,0.5000,0.0000,0.0000
4,hasta_001,1780004221.664,2026-05-29 00:37:01,111,NORMAL,53.8,37.9999,33.6165,12.2415,16.0210,10.0208,34.8198,32.1579,9.4904,16.5314,0.6783,0.0000,0.0000,9.3043,0.0017,0.5000,0.0000,0.0000
4,hasta_001,1780004221.698,2026-05-29 00:37:01,112,NORMAL,54.3,38.0466,33.6111,12.3796,16.0312,9.9966,34.8486,32.1709,9.5162,16.5269,0.6769,0.0000,0.0000,9.3105,0.0017,0.5000,0.0000,0.0000
4,hasta_001,1780004221.729,2026-05-29 00:37:01,113,NORMAL,54.3,38.0504,33.6285,12.3381,16.0311,9.9597,34.8769,32.1838,9.5412,16.5225,0.6755,0.0000,0.0000,9.3163,0.0017,0.5000,0.0000,0.0000
4,hasta_001,1780004221.762,2026-05-29 00:37:01,114,NORMAL,54.3,38.0640,33.6498,12.3107,16.0585,9.9250,34.9049,32.1966,9.5655,16.5184,0.6739,0.0000,0.0000,9.3216,0.0017,0.5000,0.0000,0.0000
4,hasta_001,1780004221.817,2026-05-29 00:37:01,115,NORMAL,54.3,38.1440,33.6596,12.4908,16.0846,9.8584,34.9330,32.2094,9.5909,16.5147,0.6722,0.0000,0.0000,9.3263,0.0016,0.5000,0.0000,0.0000
4,hasta_001,1780004221.885,2026-05-29 00:37:01,116,NORMAL,54.3,38.1251,33.7067,12.3020,16.1161,9.7995,34.9606,32.2223,9.6143,16.5112,0.6703,0.0000,0.0000,9.3303,0.0016,0.5000,0.0000,0.0000
4,hasta_001,1780004221.945,2026-05-29 00:37:01,117,NORMAL,54.5,38.0574,33.7586,11.9716,16.1570,9.7562,34.9870,32.2354,9.6344,16.5082,0.6682,0.0000,0.0000,9.3340,0.0015,0.5000,0.0000,0.0000
4,hasta_001,1780004222.005,2026-05-29 00:37:02,118,NORMAL,54.5,38.0245,33.7688,11.8554,16.2316,9.7211,35.0128,32.2484,9.6532,16.5059,0.6659,0.0000,0.0000,9.3373,0.0015,0.5000,0.0000,0.0000
4,hasta_001,1780004222.068,2026-05-29 00:37:02,119,NORMAL,54.5,37.9089,33.7703,11.5476,16.2765,9.6939,35.0371,32.2612,9.6692,16.5039,0.6634,0.0000,0.0000,9.3403,0.0015,0.5000,0.0000,0.0000
4,hasta_001,1780004222.104,2026-05-29 00:37:02,120,NORMAL,54.5,37.8876,33.7822,11.4566,16.3255,9.6843,35.0609,32.2739,9.6840,16.5024,0.6608,0.0000,0.0000,9.3431,0.0015,0.5000,0.0000,0.0000
4,hasta_001,1780004222.134,2026-05-29 00:37:02,121,NORMAL,54.5,37.9173,33.8359,11.3760,16.3541,9.6700,35.1164,32.2698,9.7008,16.5030,0.6607,0.0000,0.0000,9.3995,0.0015,0.5000,0.0000,0.0000
4,hasta_001,1780004222.170,2026-05-29 00:37:02,122,NORMAL,54.5,37.8718,33.8938,11.0861,16.3873,9.6530,35.1699,32.2665,9.7213,16.5042,0.6603,0.0000,0.0000,9.4555,0.0015,0.5000,0.0000,0.0000
4,hasta_001,1780004222.223,2026-05-29 00:37:02,123,NORMAL,54.5,37.7571,33.9042,10.7532,16.4278,9.6230,35.2217,32.2636,9.7421,16.5056,0.6600,0.0000,0.0000,9.5103,0.0014,0.5000,0.0000,0.0000
4,hasta_001,1780004222.264,2026-05-29 00:37:02,124,NORMAL,54.5,37.6473,33.9113,10.4416,16.4497,9.5999,35.2717,32.2619,9.7668,16.5072,0.6596,0.0000,0.0000,9.5612,0.0015,0.5000,0.0000,0.0000
4,hasta_001,1780004222.316,2026-05-29 00:37:02,125,NORMAL,54.5,37.5498,33.9558,10.0524,16.4664,9.5610,35.3201,32.2616,9.7934,16.5091,0.6592,0.0000,0.0000,9.6079,0.0015,0.5000,0.0000,0.0000
4,hasta_001,1780004222.374,2026-05-29 00:37:02,126,NORMAL,56.2,37.4772,34.0499,9.5830,16.4732,9.5113,35.3684,32.2641,9.8203,16.5115,0.6585,0.0000,0.0000,9.6495,0.0015,0.5000,0.0000,0.0000
4,hasta_001,1780004222.439,2026-05-29 00:37:02,127,NORMAL,56.2,37.4143,34.1324,9.1743,16.5038,9.4661,35.4169,32.2691,9.8473,16.5145,0.6577,0.0000,0.0000,9.6866,0.0014,0.5000,0.0000,0.0000
4,hasta_001,1780004222.497,2026-05-29 00:37:02,128,NORMAL,56.2,37.2888,34.1389,8.8196,16.5369,9.4576,35.4645,32.2751,9.8737,16.5180,0.6566,0.0000,0.0000,9.7215,0.0013,0.5000,0.0000,0.0000
4,hasta_001,1780004222.548,2026-05-29 00:37:02,129,NORMAL,56.2,37.1566,34.1543,8.4204,16.5664,9.4493,35.5110,32.2823,9.8997,16.5217,0.6557,0.0000,0.0000,9.7537,0.0013,0.5000,0.0000,0.0000
4,hasta_001,1780004222.633,2026-05-29 00:37:02,130,NORMAL,56.2,37.0719,34.1270,8.2724,16.6158,9.4339,35.5566,32.2897,9.9264,16.5258,0.6547,0.0000,0.0000,9.7836,0.0013,0.5000,0.0000,0.0000
4,hasta_001,1780004222.686,2026-05-29 00:37:02,131,NORMAL,56.2,37.1095,34.1253,8.3783,16.6361,9.4310,35.6022,32.2979,9.9578,16.5301,0.6537,0.0000,0.0000,9.8108,0.0013,0.5000,0.0000,0.0000
4,hasta_001,1780004222.727,2026-05-29 00:37:02,132,NORMAL,56.2,37.1804,34.0807,8.6995,16.6500,9.4213,35.6485,32.3072,9.9956,16.5342,0.6529,0.0000,0.0000,9.8350,0.0013,0.5000,0.0000,0.0000
4,hasta_001,1780004222.774,2026-05-29 00:37:02,133,NORMAL,56.2,37.2710,34.0755,8.9576,16.6521,9.3990,35.6958,32.3175,10.0382,16.5381,0.6522,0.0000,0.0000,9.8568,0.0013,0.5000,0.0000,0.0000
4,hasta_001,1780004222.831,2026-05-29 00:37:02,134,NORMAL,56.2,37.2983,34.0634,9.0664,16.6882,9.3693,35.7434,32.3294,10.0863,16.5422,0.6516,0.0000,0.0000,9.8742,0.0013,0.5000,0.0000,0.0000
4,hasta_001,1780004222.888,2026-05-29 00:37:02,135,NORMAL,56.2,37.3033,34.0315,9.1731,16.7277,9.3230,35.7920,32.3426,10.1376,16.5464,0.6511,0.0000,0.0000,9.8883,0.0013,0.5000,0.0000,0.0000
4,hasta_001,1780004222.955,2026-05-29 00:37:02,136,NORMAL,56.2,37.3856,34.0316,9.3926,16.7503,9.2726,35.8424,32.3579,10.1930,16.5508,0.6507,0.0000,0.0000,9.8996,0.0013,0.5000,0.0000,0.0000
4,hasta_001,1780004223.020,2026-05-29 00:37:03,137,NORMAL,56.7,37.4159,34.0017,9.5612,16.7630,9.2443,35.8944,32.3748,10.2518,16.5553,0.6503,0.0000,0.0000,9.9089,0.0014,0.5000,0.0000,0.0000
4,hasta_001,1780004223.089,2026-05-29 00:37:03,138,NORMAL,56.5,37.3625,33.8846,9.7631,16.7434,9.2246,35.9480,32.3940,10.3160,16.5596,0.6498,0.0000,0.0000,9.9156,0.0014,0.5000,0.0000,0.0000
4,hasta_001,1780004223.127,2026-05-29 00:37:03,139,NORMAL,56.5,37.3484,33.8253,9.9001,16.6955,9.2097,36.0026,32.4151,10.3848,16.5641,0.6489,0.0000,0.0000,9.9204,0.0014,0.5000,0.0000,0.0000
4,hasta_001,1780004223.179,2026-05-29 00:37:03,140,NORMAL,56.5,37.3547,33.7621,10.1033,16.6873,9.1915,36.0580,32.4369,10.4573,16.5686,0.6478,0.0000,0.0000,9.9236,0.0015,0.5000,0.0000,0.0000
4,hasta_001,1780004223.245,2026-05-29 00:37:03,141,NORMAL,59.5,37.3113,33.6794,10.2322,16.6781,9.1707,36.1130,32.4597,10.5363,16.5735,0.6464,0.0000,0.0000,9.9242,0.0015,0.0000,0.0000,0.0000
4,hasta_001,1780004223.300,2026-05-29 00:37:03,142,NORMAL,59.5,37.2507,33.5487,10.4578,16.6698,9.1634,36.1672,32.4823,10.6210,16.5784,0.6449,0.0000,0.0000,9.9229,0.0014,0.0000,0.0000,0.0000
4,hasta_001,1780004223.364,2026-05-29 00:37:03,143,NORMAL,60.5,37.1603,33.4143,10.6158,16.6754,9.1595,36.2197,32.5045,10.7064,16.5835,0.6432,0.0000,0.0000,9.9202,0.0013,0.0000,0.0000,0.0000
4,hasta_001,1780004223.412,2026-05-29 00:37:03,144,NORMAL,60.5,37.1097,33.3215,10.7571,16.6693,9.1586,36.2709,32.5263,10.7889,16.5886,0.6414,0.0000,0.0000,9.9164,0.0013,0.0000,0.0000,0.0000
4,hasta_001,1780004223.452,2026-05-29 00:37:03,145,NORMAL,60.5,37.0955,33.2370,10.9721,16.7737,9.1584,36.3210,32.5475,10.8699,16.5947,0.6397,0.0000,0.0000,9.9118,0.0013,0.0000,0.0000,0.0000
4,hasta_001,1780004223.501,2026-05-29 00:37:03,146,NORMAL,60.5,37.0882,33.1820,11.1176,16.8568,9.1503,36.3697,32.5680,10.9488,16.6015,0.6381,0.0000,0.0000,9.9063,0.0013,0.0000,0.0000,0.0000
4,hasta_001,1780004223.546,2026-05-29 00:37:03,147,NORMAL,60.5,37.1378,33.1780,11.2628,16.8954,9.1508,36.4177,32.5881,11.0261,16.6086,0.6366,0.0000,0.0000,9.9003,0.0013,0.0000,0.0000,0.0000
4,hasta_001,1780004223.595,2026-05-29 00:37:03,148,NORMAL,60.5,37.1741,33.1297,11.5055,16.8952,9.1562,36.4642,32.6077,11.1000,16.6157,0.6350,0.0000,0.0000,9.8939,0.0014,0.0000,0.0000,0.0000
4,hasta_001,1780004223.638,2026-05-29 00:37:03,149,NORMAL,60.5,37.1968,33.1077,11.6325,16.8947,9.1604,36.5090,32.6266,11.1707,16.6234,0.6327,0.0000,0.0000,9.8872,0.0013,0.0000,0.0000,0.0000
4,hasta_001,1780004223.686,2026-05-29 00:37:03,150,NORMAL,59.5,37.1171,33.0513,11.5889,16.9045,9.1620,36.5515,32.6444,11.2384,16.6316,0.6299,0.0000,0.0000,9.8803,0.0013,0.0000,0.0000,0.0000
4,hasta_001,1780004223.735,2026-05-29 00:37:03,151,NORMAL,59.5,37.0205,32.9803,11.5431,16.8863,9.1633,36.5920,32.6612,11.3029,16.6400,0.6266,0.0000,0.0000,9.8733,0.0013,0.0000,0.0000,0.0000
4,hasta_001,1780004223.781,2026-05-29 00:37:03,152,NORMAL,59.5,36.9956,32.9325,11.6208,16.8856,9.1620,36.6305,32.6773,11.3638,16.6486,0.6228,0.0000,0.0000,9.8662,0.0013,0.0000,0.0000,0.0000
4,hasta_001,1780004223.842,2026-05-29 00:37:03,153,NORMAL,60.5,37.0140,32.8841,11.8170,16.9138,9.1603,36.6675,32.6924,11.4226,16.6575,0.6188,0.0000,0.0000,9.8591,0.0014,0.0000,0.0000,0.0000
4,hasta_001,1780004223.911,2026-05-29 00:37:03,154,NORMAL,60.3,37.1070,32.8188,12.2649,16.9502,9.1455,36.7037,32.7067,11.4817,16.6669,0.6146,0.0000,0.0000,9.8519,0.0014,0.0000,0.0000,0.0000
4,hasta_001,1780004223.961,2026-05-29 00:37:03,155,NORMAL,60.3,37.1707,32.7930,12.5143,16.9451,9.1404,36.7389,32.7200,11.5405,16.6764,0.6101,0.0000,0.0000,9.8449,0.0013,0.0000,0.0000,0.0000
4,hasta_001,1780004224.011,2026-05-29 00:37:04,156,NORMAL,59.8,37.3183,32.8222,12.8203,16.9930,9.1433,36.7743,32.7333,11.5995,16.6857,0.6063,0.0000,0.0000,9.8379,0.0013,0.0000,0.0000,0.0000
4,hasta_001,1780004224.053,2026-05-29 00:37:04,157,NORMAL,59.8,37.4583,32.8611,13.0753,16.9821,9.1444,36.8105,32.7470,11.6591,16.6946,0.6027,0.0000,0.0000,9.8307,0.0014,0.0000,0.0000,0.0000
4,hasta_001,1780004224.099,2026-05-29 00:37:04,158,NORMAL,59.8,37.5584,32.8839,13.2718,16.9651,9.1444,36.8469,32.7610,11.7186,16.7032,0.5992,0.0000,0.0000,9.8236,0.0013,0.0000,0.0000,0.0000
4,hasta_001,1780004224.149,2026-05-29 00:37:04,159,NORMAL,59.8,37.6312,32.8729,13.4977,16.9463,9.1428,36.8832,32.7749,11.7776,16.7110,0.5961,0.0000,0.0000,9.8162,0.0013,0.0000,0.0000,0.0000
4,hasta_001,1780004224.192,2026-05-29 00:37:04,160,NORMAL,59.8,37.6517,32.8423,13.6450,16.9354,9.1471,36.9189,32.7885,11.8355,16.7184,0.5934,0.0000,0.0000,9.8088,0.0013,0.0000,0.0000,0.0000
4,hasta_001,1780004224.238,2026-05-29 00:37:04,161,NORMAL,59.8,37.7451,32.8449,13.8837,16.8892,9.1510,36.9548,32.8021,11.8937,16.7250,0.5908,0.0000,0.0000,9.8013,0.0013,0.0000,0.0000,0.0000
4,hasta_001,1780004224.286,2026-05-29 00:37:04,162,NORMAL,58.8,37.8035,32.8045,14.1597,16.8360,9.1652,36.9896,32.8152,11.9502,16.7308,0.5885,0.0000,0.0000,9.7940,0.0013,0.0000,0.0000,0.0000
4,hasta_001,1780004224.330,2026-05-29 00:37:04,163,NORMAL,58.8,37.8401,32.7665,14.3714,16.7820,9.1813,37.0236,32.8278,12.0055,16.7359,0.5863,0.0000,0.0000,9.7868,0.0013,0.0000,0.0000,0.0000
4,hasta_001,1780004224.376,2026-05-29 00:37:04,164,NORMAL,58.8,37.8690,32.7438,14.5163,16.7307,9.2080,37.0572,32.8409,12.0582,16.7403,0.5842,0.0000,0.0000,9.7797,0.0013,0.0000,0.0000,0.0000
4,hasta_001,1780004224.421,2026-05-29 00:37:04,165,NORMAL,58.8,37.9216,32.7487,14.6397,16.6901,9.2259,37.0901,32.8548,12.1063,16.7446,0.5819,0.0000,0.0000,9.7728,0.0013,0.0000,0.0000,0.0000
4,hasta_001,1780004224.475,2026-05-29 00:37:04,166,NORMAL,58.8,37.9238,32.7343,14.6890,16.6484,9.2315,37.1222,32.8687,12.1520,16.7486,0.5796,0.0000,0.0000,9.7660,0.0013,0.0000,0.0000,0.0000
4,hasta_001,1780004224.542,2026-05-29 00:37:04,167,NORMAL,58.8,38.0276,32.7085,15.0391,16.6139,9.2354,37.1553,32.8834,12.1975,16.7523,0.5773,0.0000,0.0000,9.7592,0.0013,0.0000,0.0000,0.0000
4,hasta_001,1780004224.623,2026-05-29 00:37:04,168,NORMAL,58.3,37.9364,32.5505,15.2818,16.5481,9.2433,37.1866,32.8968,12.2418,16.7554,0.5752,0.0000,0.0000,9.7524,0.0013,0.0000,0.0000,0.0000
4,hasta_001,1780004224.693,2026-05-29 00:37:04,169,NORMAL,58.8,37.8979,32.4188,15.5843,16.5615,9.2507,37.2165,32.9087,12.2868,16.7586,0.5730,0.0000,0.0000,9.7457,0.0013,0.0000,0.0000,0.0000
4,hasta_001,1780004224.758,2026-05-29 00:37:04,170,NORMAL,58.4,38.0661,32.3915,16.1080,16.5741,9.2494,37.2470,32.9201,12.3351,16.7617,0.5710,0.0000,0.0000,9.7388,0.0013,0.0000,0.0000,0.0000
4,hasta_001,1780004224.832,2026-05-29 00:37:04,171,NORMAL,58.8,38.1620,32.3705,16.4223,16.5152,9.2297,37.2784,32.9312,12.3865,16.7642,0.5693,0.0000,0.0000,9.7315,0.0012,0.0000,0.0000,0.0000
4,hasta_001,1780004224.866,2026-05-29 00:37:04,172,NORMAL,58.8,38.2488,32.3814,16.6145,16.4993,9.2322,37.3103,32.9422,12.4394,16.7663,0.5678,0.0000,0.0000,9.7240,0.0012,0.0000,0.0000,0.0000
4,hasta_001,1780004224.923,2026-05-29 00:37:04,173,NORMAL,58.8,38.2622,32.4010,16.5891,16.4604,9.2267,37.3420,32.9533,12.4914,16.7678,0.5667,0.0000,0.0000,9.7162,0.0012,0.0000,0.0000,0.0000
4,hasta_001,1780004224.984,2026-05-29 00:37:04,174,NORMAL,58.8,38.2333,32.3977,16.5242,16.4547,9.2157,37.3733,32.9642,12.5428,16.7693,0.5657,0.0000,0.0000,9.7081,0.0012,0.0000,0.0000,0.0000
4,hasta_001,1780004225.048,2026-05-29 00:37:05,175,NORMAL,58.9,38.1062,32.3410,16.3674,16.4344,9.2058,37.4018,32.9745,12.5885,16.7704,0.5649,0.0000,0.0000,9.6998,0.0012,0.0000,0.0000,0.0000
4,hasta_001,1780004225.109,2026-05-29 00:37:05,176,NORMAL,58.9,38.0197,32.3180,16.2123,16.4117,9.2011,37.4283,32.9840,12.6312,16.7710,0.5645,0.0000,0.0000,9.6913,0.0012,0.0000,0.0000,0.0000
4,hasta_001,1780004225.172,2026-05-29 00:37:05,177,NORMAL,58.9,38.0150,32.3484,16.1066,16.3800,9.1889,37.4535,32.9931,12.6716,16.7709,0.5646,0.0000,0.0000,9.6827,0.0012,0.0000,0.0000,0.0000
4,hasta_001,1780004225.250,2026-05-29 00:37:05,178,NORMAL,58.9,37.9511,32.2884,16.1239,16.5704,9.1884,37.4773,33.0014,12.7105,16.7721,0.5640,0.0000,0.0000,9.6740,0.0013,0.0000,0.0000,0.0000
4,hasta_001,1780004225.324,2026-05-29 00:37:05,179,NORMAL,58.0,37.8185,32.2734,15.8222,16.7146,9.1903,37.4986,33.0089,12.7450,16.7758,0.5622,0.0000,0.0000,9.6653,0.0012,0.0000,0.0000,0.0000
4,hasta_001,1780004225.381,2026-05-29 00:37:05,180,NORMAL,58.0,37.7897,32.3035,15.6541,16.7898,9.1840,37.5177,33.0164,12.7735,16.7803,0.5601,0.0000,0.0000,9.6566,0.0013,0.0000,0.0000,0.0000
4,hasta_001,1780004225.432,2026-05-29 00:37:05,181,NORMAL,58.3,37.6937,32.3015,15.4074,16.8298,9.1932,37.5345,33.0233,12.7978,16.7842,0.5588,0.0000,0.0000,9.6481,0.0012,0.0000,0.0000,0.0000
4,hasta_001,1780004225.510,2026-05-29 00:37:05,182,NORMAL,58.8,37.4542,32.3180,14.7227,17.0454,9.1884,37.5471,33.0295,12.8125,16.7891,0.5585,0.0000,0.0000,9.6396,0.0013,0.0000,0.0000,0.0000
4,hasta_001,1780004225.560,2026-05-29 00:37:05,183,NORMAL,58.8,37.2761,32.3324,14.2043,17.1380,9.1722,37.5556,33.0348,12.8191,16.7934,0.5592,0.0000,0.0000,9.6311,0.0013,0.0000,0.0000,0.0000
4,hasta_001,1780004225.588,2026-05-29 00:37:05,184,NORMAL,58.8,37.2519,32.2874,14.2782,17.1625,9.1732,37.5617,33.0386,12.8237,16.7963,0.5602,0.0000,0.0000,9.6228,0.0013,0.0000,0.0000,0.0000
4,hasta_001,1780004225.638,2026-05-29 00:37:05,185,NORMAL,58.8,37.2663,32.2093,14.5577,17.1763,9.1776,37.5661,33.0409,12.8284,16.7952,0.5593,0.0000,0.0000,9.6146,0.0013,0.0000,0.0000,0.0000
4,hasta_001,1780004225.684,2026-05-29 00:37:05,186,NORMAL,58.8,37.2773,32.1451,14.7855,17.1662,9.1813,37.5683,33.0416,12.8319,16.7899,0.5526,0.0000,0.0000,9.6066,0.0013,0.0000,0.0000,0.0000
4,hasta_001,1780004225.742,2026-05-29 00:37:05,187,NORMAL,58.8,37.2734,32.1054,14.8979,17.1528,9.1915,37.5688,33.0411,12.8352,16.7824,0.5414,0.0000,0.0000,9.5986,0.0013,0.0000,0.0000,0.0000
4,hasta_001,1780004225.827,2026-05-29 00:37:05,188,NORMAL,58.8,37.1328,32.0384,14.7299,17.1015,9.2004,37.5675,33.0397,12.8359,16.7722,0.5236,0.0000,0.0000,9.5906,0.0013,0.0000,0.0000,0.0000
4,hasta_001,1780004225.895,2026-05-29 00:37:05,189,NORMAL,58.8,37.1226,31.9420,15.0022,17.0238,9.1970,37.5655,33.0373,12.8380,16.7596,0.4986,0.0000,0.0000,9.5826,0.0014,0.0000,0.0000,0.0000
4,hasta_001,1780004225.940,2026-05-29 00:37:05,190,NORMAL,58.3,37.0506,31.8262,15.1702,16.9759,9.2006,37.5620,33.0334,12.8405,16.7463,0.4707,0.0000,0.0000,9.5748,0.0014,0.0000,0.0000,0.0000
4,hasta_001,1780004226.001,2026-05-29 00:37:06,191,NORMAL,58.3,37.0353,31.7740,15.2922,16.9234,9.1886,37.5577,33.0284,12.8446,16.7335,0.4439,0.0000,0.0000,9.5671,0.0014,0.0000,0.0000,0.0000
4,hasta_001,1780004226.041,2026-05-29 00:37:06,192,NORMAL,58.3,36.9926,31.7411,15.2809,16.8968,9.1801,37.5524,33.0224,12.8492,16.7217,0.4201,0.0000,0.0000,9.5593,0.0014,0.0000,0.0000,0.0000
4,hasta_001,1780004226.090,2026-05-29 00:37:06,193,NORMAL,58.8,36.8559,31.7650,14.8378,16.8793,9.1640,37.5451,33.0153,12.8517,16.7112,0.3996,0.0000,0.0000,9.5515,0.0014,0.0000,0.0000,0.0000
4,hasta_001,1780004226.133,2026-05-29 00:37:06,194,NORMAL,59.8,36.7588,31.7661,14.5721,16.9371,9.1493,37.5369,33.0075,12.8537,16.7024,0.3825,0.0000,0.0000,9.5437,0.0015,0.0000,0.0000,0.0000
4,hasta_001,1780004226.188,2026-05-29 00:37:06,195,NORMAL,59.8,36.6336,31.7848,14.1738,16.9755,9.1303,37.5275,32.9996,12.8531,16.6956,0.3703,0.0000,0.0000,9.5359,0.0015,0.0000,0.0000,0.0000
4,hasta_001,1780004226.231,2026-05-29 00:37:06,196,NORMAL,56.8,36.5141,31.7239,14.0397,17.0515,9.1156,37.5183,32.9915,12.8534,16.6906,0.3612,0.0000,0.0000,9.5283,0.0014,0.5000,0.0000,0.0000
4,hasta_001,1780004226.294,2026-05-29 00:37:06,197,NORMAL,56.8,36.3753,31.6409,13.9214,17.0912,9.1053,37.5091,32.9830,12.8549,16.6857,0.3517,0.0000,0.0000,9.5207,0.0015,0.5000,0.0000,0.0000
4,hasta_001,1780004226.351,2026-05-29 00:37:06,198,NORMAL,59.8,36.3164,31.6790,13.6403,17.1725,9.1054,37.5004,32.9750,12.8562,16.6816,0.3429,0.0000,0.0000,9.5130,0.0015,0.0000,0.0000,0.0000
4,hasta_001,1780004226.398,2026-05-29 00:37:06,199,NORMAL,59.8,36.4598,31.7446,13.8268,17.2249,9.0756,37.4937,32.9677,12.8606,16.6777,0.3341,0.0000,0.0000,9.5050,0.0016,0.0000,0.0000,0.0000
4,hasta_001,1780004226.462,2026-05-29 00:37:06,200,NORMAL,56.8,36.7980,31.9480,14.1100,17.2541,9.0199,37.4899,32.9619,12.8683,16.6741,0.3253,0.0000,0.0000,9.4964,0.0016,0.5000,0.0000,0.0000
4,hasta_001,1780004226.523,2026-05-29 00:37:06,201,NORMAL,57.3,37.1421,32.0473,14.7270,17.2113,8.9601,37.4892,32.9567,12.8826,16.6723,0.3218,0.0000,0.0000,9.4872,0.0017,0.5000,0.0000,0.0000
4,hasta_001,1780004226.582,2026-05-29 00:37:06,202,NORMAL,56.8,37.4350,32.1307,15.2498,17.1191,8.8962,37.4904,32.9516,12.9012,16.6713,0.3201,0.0000,0.0000,9.4774,0.0017,0.5000,0.0000,0.0000
4,hasta_001,1780004226.641,2026-05-29 00:37:06,203,NORMAL,56.8,37.5923,32.2587,15.2714,17.0234,8.8318,37.4920,32.9473,12.9188,16.6711,0.3199,0.0000,0.0000,9.4671,0.0018,0.5000,0.0000,0.0000
4,hasta_001,1780004226.686,2026-05-29 00:37:06,204,NORMAL,60.3,37.4569,32.2521,14.9330,16.9754,8.8039,37.4924,32.9430,12.9329,16.6723,0.3208,0.0000,0.0000,9.4566,0.0018,0.0000,0.0000,0.0000
4,hasta_001,1780004226.739,2026-05-29 00:37:06,205,NORMAL,60.3,37.0825,32.3341,13.6807,16.8015,8.7810,37.4895,32.9395,12.9357,16.6715,0.3203,0.0000,0.0000,9.4461,0.0018,0.0000,0.0000,0.0000
4,hasta_001,1780004226.780,2026-05-29 00:37:06,206,NORMAL,60.8,36.8412,32.5235,12.4493,16.6802,8.7834,37.4843,32.9377,12.9276,16.6698,0.3197,0.0000,0.0000,9.4356,0.0019,0.0000,0.0000,0.0000
4,hasta_001,1780004226.826,2026-05-29 00:37:06,207,NORMAL,61.0,36.4280,32.6986,10.7903,16.5411,8.8214,37.4761,32.9372,12.9067,16.6674,0.3196,0.0000,0.0000,9.4254,0.0018,0.0000,0.0000,0.0000
4,hasta_001,1780004226.872,2026-05-29 00:37:06,208,NORMAL,61.2,35.8382,32.8226,8.7839,16.4089,8.8863,37.4628,32.9376,12.8692,16.6638,0.3201,0.0000,0.0000,9.4158,0.0019,0.0000,0.0000,0.0000
4,hasta_001,1780004226.921,2026-05-29 00:37:06,209,NORMAL,61.2,35.2708,32.8053,7.2435,16.3386,8.9735,37.4439,32.9377,12.8174,16.6597,0.3211,0.0000,0.0000,9.4068,0.0019,0.0000,0.0000,0.0000
4,hasta_001,1780004226.963,2026-05-29 00:37:06,210,NORMAL,60.7,34.6722,32.6478,6.0144,16.2847,9.0705,37.4193,32.9359,12.7547,16.6548,0.3223,0.0000,0.0000,9.3988,0.0019,0.0000,0.0000,0.0000
4,hasta_001,1780004227.022,2026-05-29 00:37:07,211,NORMAL,60.2,33.5443,32.3534,3.6144,16.1835,9.2068,37.3854,32.9315,12.6732,16.6490,0.3244,0.0000,0.0000,9.3919,0.0019,0.0000,0.0000,0.0000
4,hasta_001,1780004227.100,2026-05-29 00:37:07,212,NORMAL,59.7,31.9775,31.6433,1.0506,16.0028,9.3520,37.3389,32.9209,12.5722,16.6422,0.3293,0.0000,0.0000,9.3863,0.0020,0.0000,0.0000,0.0000
4,hasta_001,1780004227.161,2026-05-29 00:37:07,213,NORMAL,59.7,30.9622,30.7729,0.6132,15.9552,9.5037,37.2853,32.9031,12.4711,16.6351,0.3348,0.0000,0.0000,9.3818,0.0020,0.0000,0.0000,0.0000
4,hasta_001,1780004227.224,2026-05-29 00:37:07,214,NORMAL,58.2,30.1395,29.8122,1.0918,15.8864,9.6759,37.2252,32.8776,12.3737,16.6281,0.3416,0.0000,0.0000,9.3787,0.0020,0.0000,0.0000,0.0000
4,hasta_001,1780004227.259,2026-05-29 00:37:07,215,NORMAL,58.2,29.7664,29.2731,1.6712,15.8087,9.7833,37.1618,32.8480,12.2797,16.6221,0.3495,0.0000,0.0000,9.3766,0.0021,0.0000,0.0000,0.0000
4,hasta_001,1780004227.319,2026-05-29 00:37:07,216,NORMAL,58.2,29.1182,28.2622,2.9838,15.6804,9.9761,37.0927,32.8102,12.1950,16.6156,0.3595,0.0000,0.0000,9.3761,0.0020,0.0000,0.0000,0.0000
4,hasta_001,1780004227.387,2026-05-29 00:37:07,217,NORMAL,57.2,28.5569,27.2868,4.5487,15.5977,10.2139,37.0194,32.7646,12.1237,16.6088,0.3708,0.0000,0.0000,9.3776,0.0020,0.0000,0.0000,0.0000
4,hasta_001,1780004227.429,2026-05-29 00:37:07,218,NORMAL,57.2,28.0552,26.6641,5.0847,15.5290,10.3642,36.9418,32.7137,12.0569,16.6013,0.3833,0.0000,0.0000,9.3802,0.0020,0.0000,0.0000,0.0000
4,hasta_001,1780004227.459,2026-05-29 00:37:07,219,NORMAL,57.2,27.6456,26.3554,4.7784,15.4515,10.4752,36.8601,32.6599,11.9866,16.5931,0.3970,0.0000,0.0000,9.3835,0.0021,0.0000,0.0000,0.0000
4,hasta_001,1780004227.517,2026-05-29 00:37:07,220,NORMAL,57.2,26.9686,25.8319,4.3053,15.3916,10.6954,36.7720,32.6015,11.9110,16.5847,0.4114,0.0000,0.0000,9.3884,0.0021,0.0000,0.0000,0.0000
4,hasta_001,1780004227.602,2026-05-29 00:37:07,221,NORMAL,57.2,26.6730,25.6022,4.0965,15.2926,10.9631,36.6812,32.5411,11.8334,16.5756,0.4275,0.0000,0.0000,9.3953,0.0021,0.0000,0.0000,0.0000
4,hasta_001,1780004227.648,2026-05-29 00:37:07,222,NORMAL,56.7,26.8279,25.7246,4.1988,15.2486,11.1029,36.5914,32.4816,11.7566,16.5669,0.4435,0.0000,0.0000,9.4032,0.0021,0.0000,0.0000,0.0000
4,hasta_001,1780004227.705,2026-05-29 00:37:07,223,NORMAL,56.7,27.0198,25.8694,4.3503,15.2129,11.2262,36.5027,32.4229,11.6806,16.5582,0.4595,0.0000,0.0000,9.4121,0.0021,0.0000,0.0000,0.0000
4,hasta_001,1780004227.782,2026-05-29 00:37:07,224,NORMAL,56.7,27.0967,26.0135,4.0791,15.1307,11.3108,36.4137,32.3644,11.6028,16.5495,0.4762,0.0000,0.0000,9.4218,0.0020,0.0000,0.0000,0.0000
4,hasta_001,1780004227.854,2026-05-29 00:37:07,225,NORMAL,56.7,27.6315,26.5087,4.1477,15.1470,11.2236,36.3289,32.3094,11.5272,16.5409,0.4919,0.0000,0.0000,9.4308,0.0019,0.0000,0.0000,0.0000
4,hasta_001,1780004227.893,2026-05-29 00:37:07,226,NORMAL,56.7,28.4249,27.0795,4.8476,15.1439,11.1108,36.2503,32.2581,11.4590,16.5327,0.5067,0.0000,0.0000,9.4389,0.0019,0.0000,0.0000,0.0000
4,hasta_001,1780004227.952,2026-05-29 00:37:07,227,NORMAL,57.2,29.1966,28.1124,3.7836,15.1555,10.9101,36.1776,32.2147,11.3831,16.5251,0.5202,0.0000,0.0000,9.4455,0.0019,0.0000,0.0000,0.0000
4,hasta_001,1780004228.024,2026-05-29 00:37:08,228,NORMAL,57.7,28.5999,27.9698,2.2277,15.1896,10.8109,36.1002,32.1696,11.2961,16.5178,0.5327,0.0000,0.0000,9.4514,0.0019,0.0000,0.0000,0.0000
4,hasta_001,1780004228.085,2026-05-29 00:37:08,229,NORMAL,57.2,30.4449,30.2808,0.5404,15.9193,11.2743,36.0379,32.1431,11.1967,16.5169,0.5336,0.0000,0.0000,9.4614,0.0017,0.0000,0.0000,0.0000
4,hasta_001,1780004228.130,2026-05-29 00:37:08,230,NORMAL,57.2,31.2455,30.6781,1.8326,16.2116,12.0341,35.9824,32.1192,11.1103,16.5186,0.5323,0.0000,0.0000,9.4779,0.0015,0.0000,0.0000,0.0000
4,hasta_001,1780004228.170,2026-05-29 00:37:08,231,NORMAL,56.2,31.5150,30.1727,4.3519,16.3988,12.7394,35.9284,32.0905,11.0445,16.5217,0.5305,0.0000,0.0000,9.5005,0.0014,0.0000,0.0000,0.0000
4,hasta_001,1780004228.227,2026-05-29 00:37:08,232,NORMAL,56.0,30.8745,27.6353,11.0722,16.4904,13.3500,35.8686,32.0407,11.0336,16.5256,0.5286,0.0000,0.0000,9.5285,0.0013,0.0000,0.0000,0.0000
4,hasta_001,1780004228.262,2026-05-29 00:37:08,233,NORMAL,51.4,29.1694,22.8334,24.3682,16.3309,13.4312,35.7946,31.9507,11.1339,16.5281,0.5269,0.0000,0.0000,9.5574,0.0013,0.0000,0.0000,0.0000
4,hasta_001,1780004228.294,2026-05-29 00:37:08,234,NORMAL,51.4,25.8737,15.0846,52.6830,15.8750,13.2508,35.6930,31.7960,11.4703,16.5265,0.5285,0.0000,0.0000,9.5851,0.0012,0.0000,0.0000,0.0000
4,hasta_001,1780004228.325,2026-05-29 00:37:08,235,NORMAL,51.4,23.6197,8.8177,91.2652,15.8500,12.5060,35.5720,31.5890,12.1268,16.5246,0.5306,0.0000,0.0000,9.6072,0.0011,0.0000,0.0000,0.0000
4,hasta_001,1780004228.356,2026-05-29 00:37:08,236,NORMAL,51.9,21.1732,5.5458,116.9762,16.0943,10.9005,35.4307,31.3543,12.9990,16.5244,0.5308,0.0000,0.0000,9.6164,0.0008,0.0000,0.0000,0.0000
4,hasta_001,1780004228.405,2026-05-29 00:37:08,237,NORMAL,54.4,17.8508,4.5465,118.8032,17.0613,7.7754,35.2623,31.1109,13.8893,16.5319,0.5319,0.0000,0.0000,9.5999,0.0005,0.0000,0.0000,0.0000
4,hasta_001,1780004228.449,2026-05-29 00:37:08,238,NORMAL,56.9,18.2272,3.8495,130.2522,18.9897,5.8240,35.0973,30.8616,14.8759,16.5549,0.5762,0.0000,0.0000,9.5674,0.0007,0.0000,0.0000,0.0000
4,hasta_001,1780004228.497,2026-05-29 00:37:08,239,NORMAL,56.9,18.6063,3.1949,141.3812,19.8574,5.1340,34.9365,30.6068,15.9579,16.5848,0.6491,0.0000,0.0000,9.5294,0.0007,0.0000,0.0000,0.0000
4,hasta_001,1780004228.540,2026-05-29 00:37:08,240,NORMAL,56.9,18.0648,2.6019,149.6406,21.2042,5.3326,34.7713,30.3469,17.1094,16.6254,0.7726,0.0000,0.0000,9.4931,0.0007,0.0000,0.0000,0.0000
4,hasta_001,1780004228.593,2026-05-29 00:37:08,241,NORMAL,56.9,17.5433,1.6916,164.8224,21.8840,5.9904,34.6015,30.0791,18.3881,16.6715,0.9081,0.0000,0.0000,9.4625,0.0006,0.0000,0.0000,0.0000
4,hasta_001,1780004228.673,2026-05-29 00:37:08,242,NORMAL,65.0,7.7614,7.0228,9.9915,20.6115,7.3552,34.3506,29.8551,18.3790,16.7067,0.9758,0.0000,0.0000,9.4433,0.0006,0.0000,0.0000,0.0000
4,hasta_001,1780004228.722,2026-05-29 00:37:08,243,NORMAL,57.3,8.5948,10.2851,17.9058,19.2038,8.3301,34.1076,29.6583,18.4386,16.7298,1.0014,12.5224,4.0937,9.4325,0.0008,0.0000,0.0000,0.0000
4,hasta_001,1780004228.776,2026-05-29 00:37:08,244,NORMAL,54.4,6.2450,9.2318,38.5969,16.3965,7.8934,33.8459,29.4526,18.6733,16.7294,1.0016,12.5224,4.0937,9.4183,0.0007,0.0000,0.0000,0.0000
4,hasta_001,1780004228.812,2026-05-29 00:37:08,245,NORMAL,54.4,5.1743,9.1540,55.5505,13.9381,7.5399,33.5761,29.2460,19.0524,16.7083,1.0330,12.5224,4.0937,9.4015,0.0008,0.0000,0.0000,0.0000
4,hasta_001,1780004228.858,2026-05-29 00:37:08,246,NORMAL,54.4,7.1283,11.1396,43.9166,10.9095,7.5061,33.3232,29.0550,19.3385,16.6619,1.1596,12.5224,4.0937,9.3848,0.0007,0.0000,0.0000,0.0000
4,hasta_001,1780004228.913,2026-05-29 00:37:08,247,NORMAL,64.7,6.5211,7.0724,8.1110,8.9454,8.0715,33.0657,28.8295,19.3297,16.5990,1.3552,12.5224,4.0937,9.3731,0.0005,0.0000,0.0000,0.0000
4,hasta_001,1780004228.982,2026-05-29 00:37:08,248,NORMAL,51.4,15.5298,11.6080,28.9027,8.6001,11.1568,32.8844,28.6418,19.4970,16.5328,1.5380,12.5224,4.0937,9.3873,0.0005,0.0000,0.0000,0.0000
4,hasta_001,1780004247.991,2026-05-29 00:37:27,249,NORMAL,51.4,31.1410,13.6697,77.9780,2.3489,11.5420,32.8343,28.4711,20.0767,16.4143,2.0070,6.2387,7.5995,9.4047,0.0026,0.0000,0.0000,0.0000
4,hasta_001,1780004248.124,2026-05-29 00:37:28,250,NORMAL,51.9,44.7057,31.1339,35.7909,9.2224,10.1744,32.8979,28.4461,20.3060,16.3527,2.1107,6.2387,7.5995,9.4109,0.0012,0.0000,0.0000,0.0000
4,hasta_001,1780004248.166,2026-05-29 00:37:28,251,NORMAL,57.7,48.1641,44.0230,8.9840,11.5099,9.8682,32.9900,28.5286,20.3110,16.3100,2.1559,6.2387,7.5995,9.4146,0.0005,0.0000,0.0000,0.0000
4,hasta_001,1780004248.215,2026-05-29 00:37:28,252,NORMAL,57.3,50.3663,57.0553,12.4537,15.3069,9.7354,33.0999,28.7201,20.3423,16.2988,2.1576,6.2387,7.5995,9.4172,0.0002,0.0000,0.0000,0.0000
4,hasta_001,1780004248.256,2026-05-29 00:37:28,253,NORMAL,54.2,50.5303,62.3178,20.8909,17.4081,9.7632,33.2104,28.9554,20.4418,16.3051,2.1597,6.2387,7.5995,9.4202,0.0009,0.0000,0.0000,0.0000
4,hasta_001,1780004248.299,2026-05-29 00:37:28,254,NORMAL,51.9,50.0543,64.6138,25.3942,19.1514,10.0524,33.3167,29.2100,20.5778,16.3256,2.1749,6.2387,7.5995,9.4259,0.0011,0.0000,0.0000,0.0000
4,hasta_001,1780004248.350,2026-05-29 00:37:28,255,NORMAL,51.9,51.6056,66.9809,25.9308,19.5920,10.1233,33.4359,29.4846,20.7175,16.3495,2.1948,6.2387,7.5995,9.4326,0.0012,0.0000,0.0000,0.0000
4,hasta_001,1780004248.398,2026-05-29 00:37:28,256,NORMAL,52.4,55.1863,69.6997,23.2426,18.6733,9.8374,33.5842,29.7818,20.8329,16.3655,2.2047,8.2025,7.6955,9.4373,0.0013,0.0000,0.0000,0.0000
4,hasta_001,1780004248.443,2026-05-29 00:37:28,257,NORMAL,56.2,59.6738,72.2303,19.0388,17.0586,9.2099,33.7697,30.1004,20.9119,16.3680,2.2053,8.2025,7.6955,9.4370,0.0013,0.0000,0.0000,0.0000
4,hasta_001,1780004248.485,2026-05-29 00:37:28,258,NORMAL,60.3,63.1707,73.3212,14.8734,15.5051,8.7707,33.9848,30.4290,20.9545,16.3577,2.2064,8.2025,7.6955,9.4332,0.0012,0.0000,0.0000,0.0000
4,hasta_001,1780004248.533,2026-05-29 00:37:28,259,NORMAL,64.5,66.1676,74.3365,11.6281,13.9495,8.2663,34.2249,30.7666,20.9689,16.3348,2.2170,8.2025,7.6955,9.4253,0.0012,0.0000,0.0000,0.0000
4,hasta_001,1780004248.580,2026-05-29 00:37:28,260,NORMAL,64.7,68.4534,75.2763,9.4940,12.7513,7.8676,34.4841,31.1126,20.9638,16.3020,2.2405,8.2025,7.6955,9.4143,0.0012,0.0000,0.0000,0.0000
4,hasta_001,1780004248.630,2026-05-29 00:37:28,261,NORMAL,65.2,67.1990,73.7467,9.2911,12.3586,7.3711,34.7331,31.4465,20.9559,16.2660,2.2687,8.2025,7.6955,9.3993,0.0013,0.0000,0.0000,0.0000
4,hasta_001,1780004248.690,2026-05-29 00:37:28,262,NORMAL,65.7,65.5443,72.1342,9.5729,13.0476,6.8553,34.9689,31.7680,20.9486,16.2358,2.2872,8.2025,7.6955,9.3801,0.0013,0.0000,0.0000,0.0000
4,hasta_001,1780004248.736,2026-05-29 00:37:28,263,NORMAL,65.0,63.6121,70.4160,10.1529,13.9263,6.5329,35.1894,32.0764,20.9447,16.2129,2.2964,8.2025,7.6955,9.3582,0.0007,0.0000,0.0000,0.0000
4,hasta_001,1780004248.779,2026-05-29 00:37:28,264,NORMAL,65.0,61.4101,68.2057,10.4858,14.9755,6.4365,35.3919,32.3671,20.9424,16.1988,2.2987,8.2025,7.6955,9.3355,0.0006,0.0000,0.0000,0.0000
4,hasta_001,1780004248.812,2026-05-29 00:37:28,265,NORMAL,65.5,60.2239,67.3510,11.1731,16.3235,6.5587,35.5846,32.6514,20.9441,16.1950,2.2982,8.2025,7.6955,9.3138,0.0010,0.0000,0.0000,0.0000
4,hasta_001,1780004248.856,2026-05-29 00:37:28,266,NORMAL,65.5,58.8429,65.3620,10.4973,17.9733,6.8698,35.7659,32.9195,20.9390,16.2043,2.3031,8.2025,7.6955,9.2948,0.0025,0.0000,0.0000,0.0000
4,hasta_001,1780004248.906,2026-05-29 00:37:28,267,NORMAL,65.2,57.5714,63.0356,9.0612,19.7318,7.0719,35.9362,33.1683,20.9206,16.2280,2.3245,8.2025,7.6955,9.2775,0.0036,0.0000,0.0000,0.0000
4,hasta_001,1780004248.953,2026-05-29 00:37:28,268,NORMAL,65.2,56.9686,60.7102,6.3591,21.3002,7.1667,36.1011,33.3982,20.8777,16.2647,2.3691,8.2025,7.6955,9.2609,0.0042,0.0000,0.0000,0.0000
4,hasta_001,1780004248.996,2026-05-29 00:37:28,269,NORMAL,65.2,56.6940,59.1440,4.2301,22.1365,6.5220,36.2636,33.6151,20.8160,16.3084,2.4279,10.0478,7.3889,9.2389,0.0038,0.0000,0.0000,0.0000
4,hasta_001,1780004249.044,2026-05-29 00:37:29,270,NORMAL,72.5,57.1042,55.7317,2.4328,22.3924,5.5574,36.4302,33.8041,20.7397,16.3541,2.4896,10.0478,7.3889,9.2089,0.0034,0.0000,0.0000,0.0000
4,hasta_001,1780004249.092,2026-05-29 00:37:29,271,NORMAL,72.0,59.9668,53.7324,10.9665,22.0403,4.7700,36.6214,33.9771,20.7349,16.3971,2.5423,10.0478,7.3889,9.1723,0.0030,0.0000,0.0000,0.0000
4,hasta_001,1780004249.136,2026-05-29 00:37:29,272,NORMAL,70.8,61.3485,52.5593,15.4320,22.3543,4.4995,36.8243,34.1406,20.7667,16.4426,2.5991,10.0478,7.3889,9.1334,0.0024,0.0000,0.0000,0.0000
4,hasta_001,1780004249.180,2026-05-29 00:37:29,273,NORMAL,65.9,61.7932,52.0423,17.1316,22.1649,4.4036,37.0308,34.3003,20.8110,16.4864,2.6503,10.0478,7.3889,9.0938,0.0019,0.0000,0.0000,0.0000
4,hasta_001,1780004249.227,2026-05-29 00:37:29,274,NORMAL,71.9,62.2434,53.9181,14.3341,21.7600,4.3136,37.2403,34.4761,20.8282,16.5265,2.6931,10.0478,7.3889,9.0535,0.0016,0.0000,0.0000,0.0000
4,hasta_001,1780004249.273,2026-05-29 00:37:29,275,NORMAL,72.5,62.5908,56.2474,10.6756,21.8667,4.3258,37.4521,34.6716,20.8129,16.5675,2.7362,10.0478,7.3889,9.0134,0.0011,0.0000,0.0000,0.0000
4,hasta_001,1780004249.322,2026-05-29 00:37:29,276,NORMAL,72.0,62.8396,57.7142,8.5030,21.7709,4.7462,37.6648,34.8790,20.7769,16.6073,2.7766,11.9272,7.0656,8.9768,0.0006,0.0000,0.0000,0.0000
4,hasta_001,1780004249.368,2026-05-29 00:37:29,277,NORMAL,72.0,62.8820,58.8460,6.6311,21.4710,5.5014,37.8767,35.0955,20.7232,16.6447,2.8114,11.9272,7.0656,8.9464,0.0004,0.0000,0.0000,0.0000
4,hasta_001,1780004249.413,2026-05-29 00:37:29,278,NORMAL,71.0,62.5906,60.2693,3.7789,21.0811,6.2977,38.0853,35.3238,20.6441,16.6790,2.8401,11.9272,7.0656,8.9227,0.0002,0.0000,0.0000,0.0000
4,hasta_001,1780004249.468,2026-05-29 00:37:29,279,NORMAL,65.7,61.6835,61.9912,0.4977,20.5191,7.1819,38.2857,35.5664,20.5358,16.7088,2.8614,11.9272,7.0656,8.9064,0.0001,0.0000,0.0000,0.0000
4,hasta_001,1780004249.521,2026-05-29 00:37:29,280,NORMAL,64.7,63.6638,67.8151,6.3147,19.4152,7.8159,38.5025,35.8578,20.4747,16.7294,2.8719,11.9272,7.0656,8.8953,0.0001,0.0000,0.0000,0.0000
4,hasta_001,1780004249.557,2026-05-29 00:37:29,281,NORMAL,64.7,67.5663,73.6027,8.5521,18.6250,8.0472,38.7510,36.1975,20.4303,16.7439,2.8770,11.9272,7.0656,8.8861,0.0001,0.0000,0.0000,0.0000
4,hasta_001,1780004249.599,2026-05-29 00:37:29,282,NORMAL,64.5,72.3626,80.0294,10.0619,17.4727,8.2030,39.0390,36.5910,20.3961,16.7492,2.8778,11.9272,7.0656,8.8780,0.0000,0.0000,0.0000,0.0000
4,hasta_001,1780004249.646,2026-05-29 00:37:29,283,NORMAL,65.0,74.3160,82.8348,10.8416,16.5487,7.5156,39.3429,37.0083,20.3667,16.7473,2.8778,13.7673,6.7456,8.8642,0.0001,0.0000,0.0000,0.0000
4,hasta_001,1780004249.690,2026-05-29 00:37:29,284,NORMAL,65.5,72.9835,80.7288,10.0777,15.2382,6.6703,39.6355,37.4081,20.3297,16.7348,2.8811,13.7673,6.7456,8.8430,0.0002,0.0000,0.0000,0.0000
4,hasta_001,1780004249.758,2026-05-29 00:37:29,285,NORMAL,57.9,59.9255,77.5827,25.6817,13.3896,5.4166,39.8189,37.7818,20.4217,16.7073,2.8971,13.7673,6.7456,8.8113,0.0002,0.0000,0.0000,0.0000
4,hasta_001,1780004249.801,2026-05-29 00:37:29,286,NORMAL,57.5,44.6968,74.3021,49.7573,12.1373,4.3459,39.8754,38.1282,20.7140,16.6697,2.9267,13.7673,6.7456,8.7706,0.0000,0.0000,0.0000,0.0000
4,hasta_001,1780004249.848,2026-05-29 00:37:29,287,NORMAL,57.6,35.3434,72.8771,69.3652,10.7798,3.3937,39.8530,38.4629,21.1667,16.6211,2.9753,13.7673,6.7456,8.7219,0.0001,0.0000,0.0000,0.0000
4,hasta_001,1780004249.898,2026-05-29 00:37:29,288,NORMAL,57.6,21.0150,68.5302,106.1257,9.6307,2.6225,39.7120,38.7627,21.9237,16.5635,3.0424,13.7673,6.7456,8.6667,0.0003,0.0000,0.0000,0.0000
4,hasta_001,1780004249.953,2026-05-29 00:37:29,289,NORMAL,57.6,12.0029,65.9566,138.4147,9.1304,2.4143,39.4962,39.0422,22.9473,16.5015,3.1166,13.7673,6.7456,8.6097,0.0003,0.0000,0.0000,0.0000
4,hasta_001,1780004250.000,2026-05-29 00:37:30,290,NORMAL,57.6,6.2830,66.2176,165.3355,8.9624,2.5990,39.2313,39.3241,24.1909,16.4381,3.1910,15.5534,6.4474,8.5543,0.0002,0.0000,0.0000,0.0000
4,hasta_001,1780004250.048,2026-05-29 00:37:30,291,NORMAL,57.6,3.7562,68.1822,179.1143,8.9300,2.9691,38.9446,39.6225,25.5466,16.3749,3.2632,15.5534,6.4474,8.5021,0.0002,0.0000,0.0000,0.0000
4,hasta_001,1780004250.095,2026-05-29 00:37:30,292,NORMAL,57.6,5.1934,74.1397,173.8147,9.4836,3.6389,38.6691,39.9705,26.8566,16.3164,3.3227,15.5534,6.4474,8.4555,0.0000,0.0000,0.0000,0.0000
4,hasta_001,1780004250.140,2026-05-29 00:37:30,293,NORMAL,57.5,8.9534,78.6942,159.1393,10.1658,4.5201,38.4249,40.3563,28.0445,16.2640,3.3694,15.5534,6.4474,8.4163,0.0002,0.0000,0.0000,0.0000
4,hasta_001,1780004250.192,2026-05-29 00:37:30,294,NORMAL,56.9,11.5258,83.0568,151.2562,11.0240,5.6809,38.2023,40.7785,29.1673,16.2187,3.4028,15.5534,6.4474,8.3869,0.0004,0.0000,0.0000,0.0000
4,hasta_001,1780004250.241,2026-05-29 00:37:30,295,NORMAL,54.9,13.9069,82.2790,142.1666,12.1023,6.7860,38.0007,41.1946,30.2156,16.1826,3.4233,15.5534,6.4474,8.3667,0.0005,0.0000,0.0000,0.0000
4,hasta_001,1780004250.284,2026-05-29 00:37:30,296,NORMAL,54.4,16.6661,81.4510,132.0563,12.7271,7.7615,37.8227,41.6040,31.1810,16.1519,3.4376,15.5534,6.4474,8.3547,0.0007,0.0000,0.0000,0.0000
4,hasta_001,1780004250.322,2026-05-29 00:37:30,297,NORMAL,54.4,17.3149,76.2991,126.0157,13.1664,8.5501,37.6502,41.9703,32.0969,16.1251,3.4482,15.5534,6.4474,8.3494,0.0008,0.0000,0.0000,0.0000
4,hasta_001,1780004250.369,2026-05-29 00:37:30,298,NORMAL,53.4,17.1424,63.0110,114.4520,13.7313,9.3704,37.4768,42.2263,32.9163,16.1015,3.4548,15.5534,6.4474,8.3509,0.0010,0.0000,0.0000,0.0000
4,hasta_001,1780004250.434,2026-05-29 00:37:30,299,NORMAL,51.9,16.8099,47.2283,95.0006,14.3862,10.2953,37.3018,42.3509,33.5761,16.0821,3.4578,15.5534,6.4474,8.3601,0.0011,0.0000,0.0000,0.0000
4,hasta_001,1780004250.491,2026-05-29 00:37:30,300,NORMAL,51.4,16.8462,35.9167,72.2873,14.8853,11.0594,37.1272,42.3811,34.0481,16.0662,3.4589,15.5534,6.4474,8.3757,0.0011,0.0000,0.0000,0.0000
4,hasta_001,1780004250.542,2026-05-29 00:37:30,301,NORMAL,51.4,16.2473,28.2317,53.8880,15.7988,11.5753,36.9485,42.3471,34.3688,16.0576,3.4583,15.5534,6.4474,8.3956,0.0011,0.0000,0.0000,0.0000
4,hasta_001,1780004250.599,2026-05-29 00:37:30,302,NORMAL,51.4,15.1401,23.9441,45.0515,16.3585,12.0660,36.7626,42.2774,34.6215,16.0519,3.4572,15.5534,6.4474,8.4196,0.0011,0.0000,0.0000,0.0000
4,hasta_001,1780004250.650,2026-05-29 00:37:30,303,NORMAL,51.4,13.5962,21.9261,46.8998,16.4261,12.3638,36.5652,42.1906,34.8940,16.0460,3.4560,15.5534,6.4474,8.4462,0.0011,0.0000,0.0000,0.0000
4,hasta_001,1780004250.695,2026-05-29 00:37:30,304,NORMAL,51.4,8.4533,20.3993,82.8072,16.3077,12.5781,36.3252,42.0916,35.4650,16.0388,3.4545,15.5534,6.4474,8.4745,0.0012,0.0000,0.0000,0.0000
4,hasta_001,1780004250.738,2026-05-29 00:37:30,305,NORMAL,51.4,6.6880,17.5878,89.8002,16.0582,12.8007,36.0704,41.9697,36.0921,16.0295,3.4530,15.5534,6.4474,8.5047,0.0012,0.0000,0.0000,0.0000
4,hasta_001,1780004250.793,2026-05-29 00:37:30,306,NORMAL,51.4,4.4949,16.3168,113.6081,16.1184,13.0707,35.7972,41.8378,36.9156,16.0208,3.4514,15.5534,6.4474,8.5371,0.0012,0.0000,0.0000,0.0000
4,hasta_001,1780004250.848,2026-05-29 00:37:30,307,NORMAL,51.4,3.4033,15.5662,128.2364,15.9638,13.4660,35.5150,41.7000,37.8601,16.0109,3.4498,17.0298,6.1518,8.5728,0.0013,0.0000,0.0000,0.0000
4,hasta_001,1780004250.893,2026-05-29 00:37:30,308,NORMAL,51.4,5.3229,13.4242,86.4277,15.7223,13.8338,35.2499,41.5449,38.4575,15.9994,3.4485,17.0298,6.1518,8.6114,0.0013,0.0000,0.0000,0.0000
4,hasta_001,1780004250.940,2026-05-29 00:37:30,309,NORMAL,51.4,4.3544,8.0817,59.9434,15.3401,14.0846,34.9768,41.3460,38.8321,15.9854,3.4477,17.0298,6.1518,8.6521,0.0013,0.0000,0.0000,0.0000
4,hasta_001,1780004250.986,2026-05-29 00:37:30,310,NORMAL,51.4,3.9414,5.5611,34.0899,14.9356,14.2892,34.7009,41.1272,38.9897,15.9684,3.4478,17.0298,6.1518,8.6945,0.0013,0.0000,0.0000,0.0000
4,hasta_001,1780004251.029,2026-05-29 00:37:31,311,NORMAL,51.4,2.6683,4.7377,55.8852,14.5313,14.5144,34.4145,40.9019,39.3280,15.9484,3.4491,17.0298,6.1518,8.7389,0.0013,0.0000,0.0000,0.0000
4,hasta_001,1780004251.060,2026-05-29 00:37:31,312,NORMAL,51.4,3.1250,4.7482,41.2328,14.3006,14.7166,34.1323,40.6769,39.5443,15.9268,3.4513,17.0298,6.1518,8.7850,0.0013,0.0000,0.0000,0.0000
4,hasta_001,1780004251.111,2026-05-29 00:37:31,313,NORMAL,51.4,6.3992,2.6737,82.1238,13.8909,14.9257,33.8785,40.4345,40.1050,15.9019,3.4551,17.0298,6.1518,8.8330,0.0013,0.0000,0.0000,0.0000
4,hasta_001,1780004251.154,2026-05-29 00:37:31,314,NORMAL,51.4,13.8704,5.1080,92.3406,13.5888,15.2595,33.6878,40.2123,40.7530,15.8740,3.4601,17.0298,6.1518,8.8840,0.0013,0.0000,0.0000,0.0000
4,hasta_001,1780004251.202,2026-05-29 00:37:31,315,NORMAL,51.4,18.2445,7.5930,82.4497,13.6495,15.7645,33.5345,40.0107,41.3220,15.8463,3.4645,17.0298,6.1518,8.9392,0.0013,0.0000,0.0000,0.0000
4,hasta_001,1780004251.248,2026-05-29 00:37:31,316,NORMAL,51.4,22.0543,13.0792,51.0913,13.5708,16.2668,33.4140,39.8554,41.6308,15.8173,3.4689,17.0298,6.1518,8.9988,0.0014,0.0000,0.0000,0.0000
4,hasta_001,1780004251.298,2026-05-29 00:37:31,317,NORMAL,51.4,28.1151,17.7199,45.3592,13.1291,16.8794,33.3452,39.7394,41.8928,15.7842,3.4754,17.0298,6.1518,9.0636,0.0014,0.0000,0.0000,0.0000
4,hasta_001,1780004251.357,2026-05-29 00:37:31,318,NORMAL,51.4,34.7144,20.9486,49.4611,12.6864,17.2523,33.3318,39.6499,42.1913,15.7469,3.4844,17.0298,6.1518,9.1315,0.0014,0.0000,0.0000,0.0000
4,hasta_001,1780004251.400,2026-05-29 00:37:31,319,NORMAL,51.4,38.5621,24.8642,43.1933,12.9471,17.7706,33.3493,39.5926,42.4360,15.7112,3.4910,17.0298,6.1518,9.2040,0.0014,0.0000,0.0000,0.0000
4,hasta_001,1780004251.445,2026-05-29 00:37:31,320,NORMAL,51.4,42.4943,28.6001,39.0866,13.4391,18.4320,33.3968,39.5647,42.6441,15.6794,3.4942,17.0298,6.1518,9.2824,0.0013,0.0000,0.0000,0.0000
4,hasta_001,1780004287.947,2026-05-29 00:38:07,321,NORMAL,54.4,67.5354,51.3534,27.2221,10.7790,7.6841,33.6501,39.7256,42.7482,15.6258,3.5195,17.0298,6.1518,9.2718,0.0001,0.0000,0.0000,0.0000
4,hasta_001,1780004287.984,2026-05-29 00:38:07,322,NORMAL,54.4,67.6760,51.3067,27.5154,10.8329,7.7390,33.9021,39.8854,42.8505,15.5734,3.5436,17.0298,6.1518,9.2621,0.0001,0.0000,0.0000,0.0000
4,hasta_001,1780004288.029,2026-05-29 00:38:08,323,NORMAL,54.4,68.0949,50.9116,28.8779,10.8273,7.8487,34.1563,40.0408,42.9638,15.5218,3.5671,8.7096,11.6625,9.2539,0.0001,0.0000,0.0000,0.0000
4,hasta_001,1780004288.076,2026-05-29 00:38:08,324,NORMAL,54.4,68.7320,50.8191,29.9670,10.7852,7.9625,34.4169,40.1956,43.0891,15.4702,3.5904,8.7096,11.6625,9.2469,0.0001,0.0000,0.0000,0.0000
4,hasta_001,1780004288.122,2026-05-29 00:38:08,325,NORMAL,54.4,69.2111,50.8403,30.6049,10.8511,8.2136,34.6847,40.3498,43.2302,15.4206,3.6127,8.7096,11.6625,9.2422,0.0001,0.0000,0.0000,0.0000
4,hasta_001,1780004288.171,2026-05-29 00:38:08,326,NORMAL,54.4,69.5905,51.2654,30.3256,11.1118,8.8463,34.9576,40.5060,43.3791,15.3742,3.6320,8.7096,11.6625,9.2427,0.0001,0.0000,0.0000,0.0000
4,hasta_001,1780004288.255,2026-05-29 00:38:08,327,NORMAL,52.4,69.8828,51.6822,29.9437,12.3171,9.7969,35.2364,40.6642,43.5387,15.3390,3.6409,8.7096,11.6625,9.2508,0.0002,0.0000,0.0000,0.0000
4,hasta_001,1780004288.304,2026-05-29 00:38:08,328,NORMAL,51.9,69.8901,51.9264,29.4930,13.1900,10.4783,35.5201,40.8234,43.7113,15.3122,3.6448,8.7096,11.6625,9.2641,0.0005,0.0000,0.0000,0.0000
4,hasta_001,1780004288.349,2026-05-29 00:38:08,329,NORMAL,51.9,69.6437,52.1855,28.6600,13.9953,10.9978,35.8066,40.9849,43.8898,15.2927,3.6455,9.5362,11.2790,9.2810,0.0007,0.0000,0.0000,0.0000
4,hasta_001,1780004288.398,2026-05-29 00:38:08,330,NORMAL,51.4,70.8046,54.2678,26.4435,14.6954,11.3017,36.1077,41.1650,44.0600,15.2794,3.6448,9.5362,11.2790,9.2996,0.0007,0.0000,0.0000,0.0000
4,hasta_001,1780004288.446,2026-05-29 00:38:08,331,NORMAL,53.2,73.3339,59.7393,20.4319,14.6598,11.1855,36.4392,41.3932,44.2002,15.2667,3.6443,9.5362,11.2790,9.3161,0.0007,0.0000,0.0000,0.0000
4,hasta_001,1780004288.509,2026-05-29 00:38:08,332,NORMAL,56.4,77.9243,66.2350,16.2172,14.0883,10.9513,36.8221,41.6815,44.3266,15.2508,3.6452,9.5362,11.2790,9.3294,0.0006,0.0000,0.0000,0.0000
4,hasta_001,1780004288.549,2026-05-29 00:38:08,333,NORMAL,51.9,78.4114,61.8494,23.6159,13.8013,10.6714,37.2175,41.9405,44.5183,15.2328,3.6470,9.5362,11.2790,9.3391,0.0006,0.0000,0.0000,0.0000
4,hasta_001,1780004288.601,2026-05-29 00:38:08,334,NORMAL,51.9,75.9445,59.0890,24.9650,12.8651,10.5217,37.5993,42.1844,44.7172,15.2076,3.6528,9.5362,11.2790,9.3462,0.0006,0.0000,0.0000,0.0000
4,hasta_001,1780004288.663,2026-05-29 00:38:08,335,NORMAL,52.4,79.5987,52.0771,41.8020,11.3811,9.9848,38.0145,42.3745,45.0516,15.1708,3.6689,10.3561,10.9244,9.3478,0.0006,0.0000,0.0000,0.0000
4,hasta_001,1780004288.725,2026-05-29 00:38:08,336,NORMAL,54.4,83.3049,52.9030,44.6404,9.9878,8.9150,38.4661,42.5798,45.3988,15.1233,3.6987,10.3561,10.9244,9.3390,0.0005,0.0000,0.0000,0.0000
4,hasta_001,1780004288.784,2026-05-29 00:38:08,337,NORMAL,54.4,83.6582,53.8340,43.3832,9.2838,8.4515,38.9253,42.8010,45.7224,15.0707,3.7363,10.3561,10.9244,9.3243,0.0004,0.0000,0.0000,0.0000
4,hasta_001,1780004288.844,2026-05-29 00:38:08,338,NORMAL,54.4,83.4670,55.4320,40.3675,8.8760,8.4172,39.3870,43.0408,46.0164,15.0153,3.7782,10.3561,10.9244,9.3081,0.0003,0.0000,0.0000,0.0000
4,hasta_001,1780004288.916,2026-05-29 00:38:08,339,NORMAL,54.4,84.0680,55.8638,40.3115,8.6248,8.5706,39.8572,43.2867,46.3125,14.9584,3.8223,10.3561,10.9244,9.2922,0.0003,0.0000,0.0000,0.0000
4,hasta_001,1780004288.956,2026-05-29 00:38:08,340,NORMAL,54.4,87.8980,56.2329,43.9393,8.5501,8.8218,40.3650,43.5400,46.6428,14.9014,3.8662,10.3561,10.9244,9.2766,0.0003,0.0000,0.0000,0.0000
4,hasta_001,1780004289.001,2026-05-29 00:38:09,341,NORMAL,53.4,91.4264,56.2485,47.6424,8.3766,9.5425,40.9046,43.7954,47.0057,14.8437,3.9112,10.3561,10.9244,9.2648,0.0003,0.0000,0.0000,0.0000
4,hasta_001,1780004289.045,2026-05-29 00:38:09,342,NORMAL,51.4,94.5191,55.9277,51.3023,8.1250,11.0425,41.4687,44.0471,47.3982,14.7844,3.9584,10.3561,10.9244,9.2643,0.0002,0.0000,0.0000,0.0000
4,hasta_001,1780004289.113,2026-05-29 00:38:09,343,NORMAL,51.4,97.6789,57.1087,52.4205,8.0308,15.0600,42.0575,44.3074,47.7988,14.7245,4.0055,10.3561,10.9244,9.2962,0.0002,0.0000,0.0000,0.0000
4,hasta_001,1780004289.170,2026-05-29 00:38:09,344,NORMAL,51.4,97.4457,57.3577,51.7922,8.0040,19.5056,42.6437,44.5686,48.1964,14.6651,4.0516,10.3561,10.9244,9.3645,0.0003,0.0000,0.0000,0.0000
4,hasta_001,1780004289.216,2026-05-29 00:38:09,345,NORMAL,51.4,97.5339,57.6121,51.4634,8.1613,23.5209,43.2262,44.8278,48.5907,14.6069,4.0942,10.3561,10.9244,9.4670,0.0003,0.0000,0.0000,0.0000
4,hasta_001,1780004289.263,2026-05-29 00:38:09,346,NORMAL,51.4,97.6085,57.8241,51.1918,8.3854,27.8409,43.8028,45.0840,48.9769,14.5506,4.1328,11.1231,10.5867,9.6064,0.0003,0.0000,0.0000,0.0000
4,hasta_001,1780004289.310,2026-05-29 00:38:09,347,NORMAL,51.4,97.3975,58.1171,50.5168,8.6811,31.6868,44.3711,45.3341,49.3664,14.4966,4.1666,11.1231,10.5867,9.7795,0.0003,0.0000,0.0000,0.0000
4,hasta_001,1780004289.354,2026-05-29 00:38:09,348,NORMAL,51.4,97.4007,59.3703,48.5171,9.0793,34.7750,44.9445,45.5957,49.7521,14.4457,4.1951,11.1231,10.5867,9.9792,0.0003,0.0000,0.0000,0.0000
4,hasta_001,1780004289.407,2026-05-29 00:38:09,349,NORMAL,51.4,95.0996,60.2144,44.9223,9.7192,37.1991,45.4832,45.8452,50.1219,14.3940,4.2148,11.1231,10.5867,10.1953,0.0003,0.0000,0.0000,0.0000
4,hasta_001,1780004289.475,2026-05-29 00:38:09,350,NORMAL,51.4,91.6954,62.3075,38.1654,10.1795,38.7954,45.9870,46.1088,50.4247,14.3438,4.2287,11.1231,10.5867,10.4183,0.0003,0.0000,0.0000,0.0000
4,hasta_001,1780004289.525,2026-05-29 00:38:09,351,NORMAL,51.4,88.8241,64.0113,32.4699,10.7540,39.4538,46.4646,46.3908,50.6590,14.2967,4.2370,11.1231,10.5867,10.6409,0.0003,0.0000,0.0000,0.0000
4,hasta_001,1780004289.571,2026-05-29 00:38:09,352,NORMAL,51.4,85.9628,65.4981,27.0231,11.2547,39.7767,46.9236,46.7063,50.7920,14.2531,4.2411,11.1231,10.5867,10.8611,0.0004,0.0000,0.0000,0.0000
4,hasta_001,1780004289.615,2026-05-29 00:38:09,353,NORMAL,51.4,84.8572,67.1293,23.3283,11.7001,40.0718,47.3877,47.0754,50.7833,14.2145,4.2431,11.1231,10.5867,11.0831,0.0004,0.0000,0.0000,0.0000
4,hasta_001,1780004289.660,2026-05-29 00:38:09,354,NORMAL,51.4,85.7683,68.1971,22.8249,11.9260,40.2106,47.8868,47.5180,50.5345,14.1816,4.2454,11.9113,10.2825,11.3078,0.0004,0.0000,0.0000,0.0000
4,hasta_001,1780004289.707,2026-05-29 00:38:09,355,NORMAL,53.8,87.0033,71.5245,19.5282,11.8271,40.7428,48.4150,48.0406,49.9367,14.1481,4.2480,11.9113,10.2825,11.5431,0.0004,0.0000,0.0000,0.0000
4,hasta_001,1780004289.749,2026-05-29 00:38:09,356,NORMAL,55.3,87.7308,75.5582,14.9093,11.6600,41.4492,48.9697,48.6240,49.0861,14.1111,4.2502,11.9113,10.2825,11.7977,0.0005,0.0000,0.0000,0.0000
4,hasta_001,1780004289.799,2026-05-29 00:38:09,357,NORMAL,56.2,90.8224,83.4173,8.4999,11.5197,42.9426,49.5778,49.2813,48.1669,14.0649,4.2480,11.9113,10.2825,12.0907,0.0004,0.0000,0.0000,0.0000
4,hasta_001,1780004289.837,2026-05-29 00:38:09,358,NORMAL,56.2,91.4968,90.4173,1.1869,11.3172,43.9471,50.1883,50.0027,47.0914,14.0010,4.2311,11.9113,10.2825,12.4084,0.0004,0.0000,0.0000,0.0000
4,hasta_001,1780004289.871,2026-05-29 00:38:09,359,NORMAL,56.2,93.7626,100.4943,6.9307,11.0524,44.7718,50.8147,50.8135,45.9709,13.9276,4.2052,11.9113,10.2825,12.7387,0.0004,0.0000,0.0000,0.0000
4,hasta_001,1780004289.928,2026-05-29 00:38:09,360,NORMAL,55.5,95.5176,112.0195,15.9026,10.5110,45.8767,51.4601,51.7253,44.8565,13.8385,4.1631,11.9113,10.2825,13.0766,0.0004,0.0000,0.0000,0.0000
4,hasta_001,1780004289.986,2026-05-29 00:38:09,361,NORMAL,54.2,93.1126,112.2430,18.6315,10.0789,47.1844,52.0898,52.6466,43.6382,13.7401,4.1110,11.9113,10.2825,13.4199,0.0005,0.0000,0.0000,0.0000
4,hasta_001,1780004290.034,2026-05-29 00:38:10,362,NORMAL,53.2,92.1640,112.8484,20.1786,9.6681,48.3340,52.7932,53.5284,43.7231,13.6490,4.0788,11.9113,10.2825,13.7614,0.0005,0.0000,0.0000,0.0000
4,hasta_001,1780004290.073,2026-05-29 00:38:10,363,NORMAL,53.8,90.1711,109.4353,19.3022,9.1557,49.8292,53.4730,54.3547,43.7347,13.5652,4.0670,11.9113,10.2825,14.1072,0.0005,0.0000,0.0000,0.0000
4,hasta_001,1780004290.131,2026-05-29 00:38:10,364,NORMAL,53.2,84.0713,103.9803,21.1739,8.6555,52.1328,54.1215,55.1443,43.5895,13.5007,4.0830,11.9113,10.2825,14.4759,0.0005,0.0000,0.0000,0.0000
4,hasta_001,1780004290.209,2026-05-29 00:38:10,365,NORMAL,54.3,81.0404,96.7614,17.6836,8.1216,55.1883,54.7538,55.8743,43.2740,13.4522,4.1119,11.9113,10.2825,14.8729,0.0005,0.0000,0.0000,0.0000
4,hasta_001,1780004290.272,2026-05-29 00:38:10,366,NORMAL,55.3,74.8604,87.0479,15.0548,7.9787,57.7541,55.3182,56.5069,43.0335,13.4278,4.1356,11.9113,10.2825,15.2917,0.0005,0.0000,0.0000,0.0000
4,hasta_001,1780004290.319,2026-05-29 00:38:10,367,NORMAL,54.2,65.2981,78.8862,18.8482,8.1814,61.0294,55.8080,57.1053,43.1230,13.4215,4.1431,11.9113,10.2825,15.7330,0.0006,0.0000,0.0000,0.0000
4,hasta_001,1780004302.054,2026-05-29 00:38:22,368,NORMAL,54.9,58.8697,79.9804,30.4079,11.0888,6.6090,56.1692,57.6751,43.1355,13.4422,4.1251,10.8544,10.1019,15.6951,0.0002,0.0000,0.0000,0.0000
4,hasta_001,1780004302.099,2026-05-29 00:38:22,369,NORMAL,54.4,50.9549,67.4705,27.8920,12.1466,6.4179,56.3343,58.1235,42.7181,13.5238,3.9997,10.8544,10.1019,15.6524,0.0006,0.0000,0.0000,0.0000
4,hasta_001,1780004302.168,2026-05-29 00:38:22,370,NORMAL,56.4,40.1756,55.6183,32.2416,13.2874,6.1294,56.2965,58.3275,42.6885,13.5577,3.9803,10.8544,10.1019,15.6187,0.0011,0.0000,0.0000,0.0000
4,hasta_001,1780004302.231,2026-05-29 00:38:22,371,NORMAL,56.9,35.7479,51.2112,35.5646,13.3760,5.7709,56.1931,58.3874,42.9100,13.5733,3.9760,10.8544,10.1019,15.5845,0.0015,0.0000,0.0000,0.0000
4,hasta_001,1780004302.281,2026-05-29 00:38:22,372,NORMAL,56.9,37.9607,54.9218,36.5216,12.5698,5.2540,56.0897,58.3696,43.1106,13.5505,3.9738,10.8544,10.1019,15.5472,0.0017,0.0000,0.0000,0.0000
4,hasta_001,1780004302.329,2026-05-29 00:38:22,373,NORMAL,57.5,42.5880,62.0675,37.2259,11.6804,4.6877,56.0235,58.3675,43.2467,13.5027,3.9616,10.8544,10.1019,15.5049,0.0018,0.0000,0.0000,0.0000
4,hasta_001,1780004302.383,2026-05-29 00:38:22,374,NORMAL,57.6,60.1315,84.1288,33.2695,10.5451,4.2756,56.1075,58.5302,43.3124,13.4310,3.9365,10.8544,10.1019,15.4568,0.0019,0.0000,0.0000,0.0000
4,hasta_001,1780004302.443,2026-05-29 00:38:22,375,NORMAL,68.2,114.3537,134.6214,16.2809,9.2262,4.5492,56.6304,59.0938,43.2319,13.3446,3.9140,10.8544,10.1019,15.4103,0.0021,0.0000,0.0000,0.0000
4,hasta_001,1780004302.573,2026-05-29 00:38:22,376,NORMAL,71.0,70.9325,73.5601,3.6369,11.6104,6.3530,56.7616,59.1260,43.0686,13.2858,3.8864,10.8544,10.1019,15.3813,0.0020,0.0000,0.0000,0.0000
4,hasta_001,1780004302.608,2026-05-29 00:38:22,377,NORMAL,66.2,57.4846,58.5889,1.9027,12.1563,6.8048,56.7434,59.0123,42.9258,13.2449,3.8723,11.5012,9.8549,15.3612,0.0019,0.0000,0.0000,0.0000
4,hasta_001,1780004302.637,2026-05-29 00:38:22,378,NORMAL,65.7,50.7117,50.5142,0.3901,13.1504,7.1273,56.6395,58.8223,42.8051,13.2253,3.8667,11.5012,9.8549,15.3475,0.0019,0.0000,0.0000,0.0000
4,hasta_001,1780004302.691,2026-05-29 00:38:22,379,NORMAL,65.7,43.2707,41.7830,3.4982,14.8689,7.4865,56.4487,58.5510,42.7373,13.2330,3.8691,11.5012,9.8549,15.3410,0.0020,0.0000,0.0000,0.0000
4,hasta_001,1780004302.750,2026-05-29 00:38:22,380,NORMAL,65.2,37.5943,34.2038,9.4446,15.9714,7.3420,56.1916,58.2087,42.7369,13.2598,3.8768,11.5012,9.8549,15.3367,0.0020,0.0000,0.0000,0.0000
4,hasta_001,1780004302.794,2026-05-29 00:38:22,381,NORMAL,55.9,34.0993,27.3401,22.0029,16.9360,6.8802,55.9157,57.8220,42.8428,13.2979,3.8903,11.5012,9.8549,15.3326,0.0019,0.0000,0.0000,0.0000
4,hasta_001,1780004302.848,2026-05-29 00:38:22,382,NORMAL,56.4,28.8472,20.1348,35.5736,18.2270,6.2760,55.6099,57.3887,43.0595,13.3411,3.9159,11.5012,9.8549,15.3277,0.0017,0.0000,0.0000,0.0000
4,hasta_001,1780004302.944,2026-05-29 00:38:22,383,NORMAL,71.3,42.9733,37.0051,14.9247,19.9564,5.5916,55.4379,57.1102,43.0993,13.3913,3.9615,12.1711,9.6294,15.3199,0.0009,0.0000,0.0000,0.0000
4,hasta_001,1780004302.974,2026-05-29 00:38:22,384,NORMAL,71.3,47.1517,41.3841,13.0290,20.6418,5.4178,55.3191,56.8867,43.1205,13.4386,4.0135,12.1711,9.6294,15.3114,0.0012,0.0000,0.0000,0.0000
4,hasta_001,1780004303.006,2026-05-29 00:38:23,385,NORMAL,72.0,51.4756,46.6253,9.8885,20.7899,5.2536,55.2462,56.7140,43.1098,13.4758,4.0605,12.1711,9.6294,15.3005,0.0004,0.0000,0.0000,0.0000
4,hasta_001,1780004303.059,2026-05-29 00:38:23,386,NORMAL,72.0,55.9705,51.8384,7.6656,20.3233,5.1127,55.2223,56.6013,43.0862,13.4954,4.0878,12.1711,9.6294,15.2859,0.0001,0.0000,0.0000,0.0000
4,hasta_001,1780004303.124,2026-05-29 00:38:23,387,NORMAL,72.0,59.1120,54.8505,7.4787,20.6284,5.0622,55.2351,56.5331,43.0730,13.5028,4.1000,12.1711,9.6294,15.2691,0.0003,0.0000,0.0000,0.0000
4,hasta_001,1780004303.159,2026-05-29 00:38:23,388,NORMAL,72.0,60.8079,56.6884,7.0122,20.9144,5.0802,55.2671,56.4996,43.0784,13.4996,4.0940,12.1711,9.6294,15.2518,0.0002,0.0000,0.0000,0.0000
4,hasta_001,1780004303.216,2026-05-29 00:38:23,389,NORMAL,72.0,62.2948,58.4379,6.3892,20.8138,5.1904,55.3138,56.4937,43.0964,13.4886,4.0724,12.1711,9.6294,15.2407,0.0001,0.0000,0.0000,0.0000
4,hasta_001,1780004303.279,2026-05-29 00:38:23,390,NORMAL,72.0,63.2075,59.5157,6.0165,21.1639,5.3739,55.3646,56.5252,43.1263,13.4784,4.0515,12.1711,9.6294,15.2391,0.0002,0.0000,0.0000,0.0000
4,hasta_001,1780004303.335,2026-05-29 00:38:23,391,NORMAL,72.0,65.1237,61.7314,5.3483,20.7341,5.7018,55.4076,56.5919,43.0795,13.4675,4.0302,12.8272,9.4157,15.2469,0.0004,0.0000,0.0000,0.0000
4,hasta_001,1780004303.385,2026-05-29 00:38:23,392,NORMAL,71.5,66.9336,63.9719,4.5250,20.1458,6.0761,55.4542,56.6870,42.9886,13.4491,3.9945,12.8272,9.4157,15.2600,0.0005,0.0000,0.0000,0.0000
4,hasta_001,1780004303.441,2026-05-29 00:38:23,393,NORMAL,66.2,67.8544,65.6341,3.3265,19.2942,6.5978,55.5047,56.8003,42.8735,13.4252,3.9506,12.8272,9.4157,15.2783,0.0006,0.0000,0.0000,0.0000
4,hasta_001,1780004303.514,2026-05-29 00:38:23,394,NORMAL,65.7,67.4669,67.3646,0.1517,18.1315,7.6463,55.5482,56.9123,42.7553,13.3949,3.9002,12.8272,9.4157,15.3061,0.0007,0.0000,0.0000,0.0000
4,hasta_001,1780004303.567,2026-05-29 00:38:23,395,NORMAL,63.2,66.7613,68.1213,2.0166,17.4181,8.4235,55.5830,57.0113,42.6832,13.3578,3.8402,12.8272,9.4157,15.3402,0.0009,0.0000,0.0000,0.0000
4,hasta_001,1780004303.606,2026-05-29 00:38:23,396,NORMAL,61.7,65.3204,67.6534,3.5089,17.3428,8.9799,55.6036,57.0941,42.6416,13.3209,3.7800,12.8272,9.4157,15.3755,0.0010,0.0000,0.0000,0.0000
4,hasta_001,1780004303.644,2026-05-29 00:38:23,397,NORMAL,59.2,62.7075,66.0179,5.1434,17.6870,9.5410,55.6022,57.1539,42.6292,13.2894,3.7273,12.8272,9.4157,15.4092,0.0011,0.0000,0.0000,0.0000
4,hasta_001,1780004303.708,2026-05-29 00:38:23,398,NORMAL,57.2,59.6182,63.7794,6.7444,17.9575,10.3795,55.5774,57.1831,42.6539,13.2634,3.6834,12.8272,9.4157,15.4432,0.0011,0.0000,0.0000,0.0000
4,hasta_001,1780004303.745,2026-05-29 00:38:23,399,NORMAL,57.2,57.5239,62.1895,7.7945,18.5431,10.8459,55.5427,57.1848,42.7147,13.2469,3.6553,12.8272,9.4157,15.4737,0.0011,0.0000,0.0000,0.0000
4,hasta_001,1780004303.793,2026-05-29 00:38:23,400,NORMAL,56.7,55.6859,60.6402,8.5180,19.3744,11.3028,55.4763,57.1250,42.7330,13.2466,3.6547,13.4665,9.2129,15.5028,0.0011,0.0000,0.0000,0.0000
4,hasta_001,1780004303.839,2026-05-29 00:38:23,401,NORMAL,56.5,54.2996,59.9416,9.8775,20.2673,11.6587,55.3657,57.0111,42.7441,13.2603,3.6778,13.4665,9.2129,15.5329,0.0010,0.0000,0.0000,0.0000
4,hasta_001,1780004303.907,2026-05-29 00:38:23,402,NORMAL,56.7,47.8425,51.0767,6.5391,21.0295,11.9147,55.1614,56.7699,42.7147,13.2899,3.7257,13.4665,9.2129,15.5638,0.0010,0.0000,0.0000,0.0000
4,hasta_001,1780004303.968,2026-05-29 00:38:23,403,NORMAL,56.7,45.7003,49.3539,7.6873,21.4898,12.0414,54.9229,56.4909,42.6884,13.3311,3.7882,13.4665,9.2129,15.6015,0.0010,0.0000,0.0000,0.0000
4,hasta_001,1780004304.004,2026-05-29 00:38:24,404,NORMAL,56.5,46.1040,51.3654,10.7959,21.5659,12.1479,54.6989,56.2462,42.6944,13.3838,3.8578,13.4665,9.2129,15.6472,0.0010,0.0000,0.0000,0.0000
4,hasta_001,1780004304.061,2026-05-29 00:38:24,405,NORMAL,54.3,48.3815,57.6946,17.5592,21.2509,12.4268,54.6027,56.0804,42.6267,13.4493,3.9235,13.4665,9.2129,15.7056,0.0009,0.0000,0.0000,0.0000
4,hasta_001,1780004304.115,2026-05-29 00:38:24,406,NORMAL,51.4,46.2390,66.2873,35.6330,20.9407,12.6923,54.6156,56.0136,42.5090,13.5227,3.9802,14.1216,9.0247,15.7751,0.0008,0.0000,0.0000,0.0000
4,hasta_001,1780004304.159,2026-05-29 00:38:24,407,NORMAL,51.4,45.4415,73.5868,47.2918,20.5227,12.9008,54.6997,56.0195,42.3251,13.6039,4.0226,14.1216,9.0247,15.8544,0.0007,0.0000,0.0000,0.0000
4,hasta_001,1780004304.213,2026-05-29 00:38:24,408,NORMAL,51.4,45.8249,79.5870,53.8420,19.9116,13.1299,54.9065,56.1117,41.8894,13.6895,4.0464,14.1216,9.0247,15.9419,0.0006,0.0000,0.0000,0.0000
4,hasta_001,1780004304.293,2026-05-29 00:38:24,409,NORMAL,51.4,45.8147,83.8642,58.6826,19.0030,13.0318,55.1882,56.2609,41.2250,13.7718,4.0533,14.1216,9.0247,16.0304,0.0007,0.0000,0.0000,0.0000
4,hasta_001,1780004304.340,2026-05-29 00:38:24,410,NORMAL,51.4,46.5286,87.4271,61.0628,18.3165,12.8701,55.5236,56.4377,40.3560,13.8498,4.0500,14.1216,9.0247,16.1160,0.0006,0.0000,0.0000,0.0000
4,hasta_001,1780004304.380,2026-05-29 00:38:24,411,NORMAL,51.4,47.4535,89.2799,61.1795,17.7857,12.6787,55.8877,56.6135,39.3732,13.9236,4.0403,14.1216,9.0247,16.1969,0.0007,0.0000,0.0000,0.0000
4,hasta_001,1780004304.422,2026-05-29 00:38:24,412,NORMAL,51.4,48.9208,90.2060,59.3489,17.1135,12.5353,56.2521,56.7474,38.4193,13.9871,4.0300,14.1216,9.0247,16.2711,0.0008,0.0000,0.0000,0.0000
4,hasta_001,1780004304.475,2026-05-29 00:38:24,413,NORMAL,51.4,50.8323,91.8094,57.4547,16.3136,12.4381,56.6011,56.8567,37.5720,14.0384,4.0201,14.1216,9.0247,16.3370,0.0008,0.0000,0.0000,0.0000
4,hasta_001,1780004304.532,2026-05-29 00:38:24,414,NORMAL,51.4,52.1342,92.1837,55.5017,15.6696,12.4707,56.9395,56.9327,36.7740,14.0771,4.0133,14.7553,8.8449,16.3936,0.0009,0.0000,0.0000,0.0000
4,hasta_001,1780004304.579,2026-05-29 00:38:24,415,NORMAL,51.4,52.6087,75.0329,35.1361,14.7980,12.6163,57.2621,56.8723,35.8821,14.0996,4.0097,14.7553,8.8449,16.4422,0.0009,0.0000,0.0000,0.0000
4,hasta_001,1780004304.618,2026-05-29 00:38:24,416,NORMAL,53.2,53.3368,65.6022,20.6246,13.8863,12.9295,57.5676,56.7403,34.9535,14.1092,4.0078,14.7553,8.8449,16.4853,0.0010,0.0000,0.0000,0.0000
4,hasta_001,1780004304.652,2026-05-29 00:38:24,417,NORMAL,54.8,54.3141,63.3443,15.3500,13.3123,13.3047,57.8760,56.6323,34.0313,14.1104,4.0075,14.7553,8.8449,16.5249,0.0010,0.0000,0.0000,0.0000
4,hasta_001,1780004304.700,2026-05-29 00:38:24,418,NORMAL,54.3,55.5129,46.6420,17.3675,13.1240,13.8144,58.1957,56.4959,33.2223,14.1054,4.0084,14.7553,8.8449,16.5619,0.0011,0.0000,0.0000,0.0000
4,hasta_001,1780004304.733,2026-05-29 00:38:24,419,NORMAL,51.4,56.8151,35.2669,46.8022,12.9655,14.2303,58.5291,56.3962,32.8206,14.0935,4.0096,14.7553,8.8449,16.5947,0.0011,0.0000,0.0000,0.0000
4,hasta_001,1780004304.776,2026-05-29 00:38:24,420,NORMAL,51.4,57.9280,30.7178,61.3908,12.7367,14.7315,58.8714,56.3529,32.7298,14.0756,4.0109,14.7553,8.8449,16.6253,0.0010,0.0000,0.0000,0.0000
4,hasta_001,1780004304.827,2026-05-29 00:38:24,421,NORMAL,51.4,60.7035,31.9711,62.0070,12.1611,15.2053,59.2419,56.3840,32.7975,14.0453,4.0115,14.7553,8.8449,16.6556,0.0010,0.0000,0.0000,0.0000
4,hasta_001,1780004304.867,2026-05-29 00:38:24,422,NORMAL,51.4,59.1058,34.7039,52.0243,12.1365,15.2719,59.6083,56.4737,32.8556,14.0101,4.0095,15.3975,8.6764,16.6823,0.0010,0.0000,0.0000,0.0000
4,hasta_001,1780004304.931,2026-05-29 00:38:24,423,NORMAL,51.4,57.9593,37.8982,41.8563,11.9929,14.9526,59.9780,56.6068,32.8135,13.9732,4.0075,15.3975,8.6764,16.7039,0.0010,0.0000,0.0000,0.0000
4,hasta_001,1780004304.975,2026-05-29 00:38:24,424,NORMAL,51.4,58.9898,41.7512,34.2237,11.3740,14.9253,60.3991,56.7847,32.4087,13.9321,4.0087,15.3975,8.6764,16.7234,0.0011,0.0000,0.0000,0.0000
4,hasta_001,1780004305.028,2026-05-29 00:38:25,425,NORMAL,51.4,56.6681,43.0246,27.3712,11.2151,14.5115,60.8156,56.9967,31.8884,13.8917,4.0114,15.3975,8.6764,16.7377,0.0010,0.0000,0.0000,0.0000
4,hasta_001,1780004305.094,2026-05-29 00:38:25,426,NORMAL,54.3,52.6914,44.1083,17.7337,11.1108,14.3250,61.2173,57.2283,31.0895,13.8500,4.0141,15.3975,8.6764,16.7481,0.0010,0.0000,0.0000,0.0000
4,hasta_001,1780004305.144,2026-05-29 00:38:25,427,NORMAL,55.3,50.7297,44.4521,13.1908,11.5020,14.4662,61.6117,57.4690,30.1308,13.8128,4.0150,15.3975,8.6764,16.7565,0.0010,0.0000,0.0000,0.0000
4,hasta_001,1780004305.195,2026-05-29 00:38:25,428,NORMAL,55.8,51.0073,45.1678,12.1435,11.9817,14.3426,61.9924,57.7336,29.5117,13.7816,4.0146,15.3975,8.6764,16.7607,0.0010,0.0000,0.0000,0.0000
4,hasta_001,1780004305.256,2026-05-29 00:38:25,429,NORMAL,56.0,52.4052,46.9917,10.8927,12.6435,13.6072,62.3928,58.0578,29.1030,13.7592,4.0134,15.3975,8.6764,16.7567,0.0010,0.0000,0.0000,0.0000
4,hasta_001,1780004305.319,2026-05-29 00:38:25,430,NORMAL,56.7,53.4559,49.0713,8.5530,13.2642,12.3410,62.8054,58.4204,28.8902,13.7452,4.0122,16.0130,8.5147,16.7405,0.0010,0.0000,0.0000,0.0000
4,hasta_001,1780004305.379,2026-05-29 00:38:25,431,NORMAL,56.7,57.4576,52.6555,8.7221,13.9929,11.1108,63.2620,58.8197,28.4971,13.7407,4.0116,16.0130,8.5147,16.7121,0.0009,0.0000,0.0000,0.0000
4,hasta_001,1780004305.416,2026-05-29 00:38:25,432,NORMAL,57.2,61.2111,55.6199,9.5715,14.5409,10.5673,63.7460,59.2436,28.2333,13.7427,4.0119,16.0130,8.5147,16.6775,0.0009,0.0000,0.0000,0.0000
4,hasta_001,1780004305.450,2026-05-29 00:38:25,433,NORMAL,57.2,64.5557,58.8055,9.3225,15.0407,10.1461,64.2307,59.7114,27.6266,13.7523,4.0136,16.0130,8.5147,16.6377,0.0008,0.0000,0.0000,0.0000
4,hasta_001,1780004305.503,2026-05-29 00:38:25,434,NORMAL,57.7,68.6958,62.4599,9.5091,15.6803,9.5558,64.6875,60.1893,26.9364,13.7698,4.0174,16.0130,8.5147,16.5902,0.0008,0.0000,0.0000,0.0000
4,hasta_001,1780004305.564,2026-05-29 00:38:25,435,NORMAL,60.7,72.6334,66.3541,9.0358,16.4890,9.0971,65.1408,60.6790,26.3246,13.7934,4.0250,16.0130,8.5147,16.5346,0.0008,0.0000,0.0000,0.0000
4,hasta_001,1780004305.626,2026-05-29 00:38:25,436,NORMAL,61.2,73.5648,68.4964,7.1355,17.3344,8.8398,65.5700,61.1408,25.9583,13.8248,4.0378,16.0130,8.5147,16.4727,0.0008,0.0000,0.0000,0.0000
4,hasta_001,1780004305.695,2026-05-29 00:38:25,437,NORMAL,61.2,72.4912,69.5561,4.1326,17.8864,8.6979,65.9398,61.5728,25.6147,13.8644,4.0541,16.0130,8.5147,16.4046,0.0008,0.0000,0.0000,0.0000
4,hasta_001,1780004305.748,2026-05-29 00:38:25,438,NORMAL,63.2,73.6324,71.7373,2.6072,18.2195,8.5913,66.2642,61.9960,25.2243,13.9105,4.0718,16.0130,8.5147,16.3324,0.0008,0.0000,0.0000,0.0000
4,hasta_001,1780004305.818,2026-05-29 00:38:25,439,NORMAL,61.7,76.2038,74.5585,2.1825,18.2295,8.7963,66.5778,62.4102,24.8825,13.9546,4.0897,16.0130,8.5147,16.2576,0.0008,0.0000,0.0000,0.0000
4,hasta_001,1780004305.867,2026-05-29 00:38:25,440,NORMAL,59.7,76.5471,75.6076,1.2350,18.3471,9.2625,66.8616,62.8019,24.5671,13.9955,4.1088,16.0130,8.5147,16.1812,0.0002,0.0000,0.0000,0.0000
4,hasta_001,1780004305.922,2026-05-29 00:38:25,441,NORMAL,57.7,77.3861,78.1620,0.9976,18.4912,10.0412,66.9437,63.0253,24.3485,14.0597,4.1183,16.5931,8.3591,16.2008,0.0002,0.0000,0.0000,0.0000
4,hasta_001,1780004305.987,2026-05-29 00:38:25,442,NORMAL,57.2,77.8060,79.0228,1.5517,18.8531,11.1235,67.0281,63.2563,24.1322,14.1266,4.1305,16.5931,8.3591,16.2290,0.0002,0.0000,0.0000,0.0000
4,hasta_001,1780004306.034,2026-05-29 00:38:26,443,NORMAL,57.2,77.2805,79.3159,2.5996,19.5828,11.9108,67.1047,63.4930,23.9132,14.1995,4.1489,16.5931,8.3591,16.2629,0.0002,0.0000,0.0000,0.0000
4,hasta_001,1780004306.066,2026-05-29 00:38:26,444,NORMAL,56.2,76.9008,79.2939,3.0642,20.1271,12.5168,67.1727,63.7302,23.6890,14.2774,4.1716,16.5931,8.3591,16.3008,0.0002,0.0000,0.0000,0.0000
4,hasta_001,1780004306.118,2026-05-29 00:38:26,445,NORMAL,56.2,76.4036,79.1482,3.5289,20.9767,13.2678,67.2327,63.9661,23.4634,14.3617,4.2038,16.5931,8.3591,16.3430,0.0002,0.0000,0.0000,0.0000
4,hasta_001,1780004306.184,2026-05-29 00:38:26,446,NORMAL,56.2,75.7989,78.6617,3.7069,21.3433,13.8519,67.2844,64.1944,23.2415,14.4470,4.2406,16.5931,8.3591,16.3847,0.0003,0.0000,0.0000,0.0000
4,hasta_001,1780004306.256,2026-05-29 00:38:26,447,NORMAL,56.2,75.4953,78.1232,3.4213,21.4705,14.1879,67.3312,64.4148,23.0205,14.5233,4.2837,16.5931,8.3591,16.4213,0.0011,0.0000,0.0000,0.0000
4,hasta_001,1780004306.295,2026-05-29 00:38:26,448,NORMAL,56.2,75.2116,77.6246,3.1576,21.4745,14.2186,67.3755,64.6289,22.8011,14.5923,4.3282,16.5931,8.3591,16.4524,0.0019,0.0000,0.0000,0.0000
4,hasta_001,1780004306.346,2026-05-29 00:38:26,449,NORMAL,56.2,74.9769,77.0861,2.7742,21.4648,14.1698,67.4200,64.8364,22.5853,14.6546,4.3726,16.5931,8.3591,16.4789,0.0020,0.0000,0.0000,0.0000
4,hasta_001,1780004306.385,2026-05-29 00:38:26,450,NORMAL,56.2,74.4945,76.5877,2.7710,21.4388,14.0598,67.4507,65.0224,22.3881,14.7108,4.4159,16.5931,8.3591,16.5018,0.0018,0.0000,0.0000,0.0000
4,hasta_001,1780004306.437,2026-05-29 00:38:26,451,NORMAL,56.2,73.0228,75.7237,3.6316,21.4811,13.9320,67.4481,65.1556,22.2481,14.7676,4.4586,16.5931,8.3591,16.5247,0.0017,0.0000,0.0000,0.0000
4,hasta_001,1780004306.505,2026-05-29 00:38:26,452,NORMAL,55.7,72.1448,75.0178,3.9045,22.0923,13.8531,67.4000,65.2288,22.1455,14.8343,4.5075,16.5931,8.3591,16.5489,0.0016,0.0000,0.0000,0.0000
4,hasta_001,1780004306.547,2026-05-29 00:38:26,453,NORMAL,55.7,72.7766,75.6203,3.8327,22.5265,13.7550,67.3530,65.3436,21.9806,14.9070,4.5603,16.5931,8.3591,16.5746,0.0016,0.0000,0.0000,0.0000
4,hasta_001,1780004306.597,2026-05-29 00:38:26,454,NORMAL,56.2,73.7840,76.9384,4.1857,22.9896,13.6536,67.3350,65.4923,21.8074,14.9914,4.6151,16.5931,8.3591,16.6007,0.0015,0.0000,0.0000,0.0000
4,hasta_001,1780004306.668,2026-05-29 00:38:26,455,NORMAL,56.2,75.9124,79.4622,4.5693,23.2464,13.6003,67.3043,65.7205,21.4972,15.0903,4.6635,16.5931,8.3591,16.6308,0.0013,0.0000,0.0000,0.0000
4,hasta_001,1780004306.734,2026-05-29 00:38:26,456,NORMAL,56.2,77.5612,82.3016,5.9305,23.2467,13.6629,67.2564,65.9655,21.1746,15.2008,4.6983,16.5931,8.3591,16.6704,0.0011,0.0000,0.0000,0.0000
4,hasta_001,1780004306.788,2026-05-29 00:38:26,457,NORMAL,56.2,80.3238,86.8056,7.7566,23.3234,13.8283,67.2286,66.2403,20.8777,15.3178,4.7242,17.1137,8.2079,16.7152,0.0008,0.0000,0.0000,0.0000
4,hasta_001,1780004306.844,2026-05-29 00:38:26,458,NORMAL,56.0,79.9955,88.1813,9.7348,23.4281,14.1424,67.1997,66.5132,20.6224,15.4390,4.7440,17.1137,8.2079,16.7629,0.0007,0.0000,0.0000,0.0000
4,hasta_001,1780004306.912,2026-05-29 00:38:26,459,NORMAL,56.0,78.6544,88.5696,11.8585,23.4209,14.7565,67.1546,66.7858,20.3853,15.5623,4.7576,17.1137,8.2079,16.8145,0.0006,0.0000,0.0000,0.0000
4,hasta_001,1780004306.981,2026-05-29 00:38:26,460,NORMAL,55.3,80.3967,92.1793,13.6550,23.3426,15.5227,67.0921,67.0853,20.1330,15.6856,4.7659,17.1137,8.2079,16.8703,0.0005,0.0000,0.0000,0.0000
4,hasta_001,1780004307.054,2026-05-29 00:38:27,461,NORMAL,55.8,86.0877,101.6474,16.5762,23.2562,16.7275,67.0476,67.4636,19.8741,15.8096,4.7677,17.1137,8.2079,16.9302,0.0005,0.0000,0.0000,0.0000
4,hasta_001,1780004307.107,2026-05-29 00:38:27,462,NORMAL,54.2,90.2943,109.1556,18.9133,23.0327,18.2113,67.0124,67.9072,19.6042,15.9338,4.7601,17.7336,8.0718,16.9899,0.0005,0.0000,0.0000,0.0000
4,hasta_001,1780004307.149,2026-05-29 00:38:27,463,NORMAL,53.2,97.6143,120.5344,21.0133,22.8352,19.8661,67.0118,68.4358,19.3424,16.0572,4.7455,17.7336,8.0718,17.0300,0.0005,0.0000,0.0000,0.0000
4,hasta_001,1780004307.205,2026-05-29 00:38:27,464,NORMAL,51.4,108.0502,135.7844,22.7484,22.4748,22.3184,67.1002,69.0893,19.1004,16.1778,4.7231,17.7336,8.0718,17.0534,0.0005,0.0000,0.0000,0.0000
4,hasta_001,1780004307.262,2026-05-29 00:38:27,465,NORMAL,51.4,103.6915,130.5608,22.9405,22.1141,25.2504,67.1515,69.6972,18.8627,16.2941,4.6960,17.7336,8.0718,17.0678,0.0005,0.0000,0.0000,0.0000
4,hasta_001,1780004307.303,2026-05-29 00:38:27,466,NORMAL,52.4,101.7307,127.1516,22.2131,21.7618,27.8010,67.1859,70.2749,18.6212,16.4055,4.6656,17.7336,8.0718,17.0675,0.0005,0.0000,0.0000,0.0000
4,hasta_001,1780004307.352,2026-05-29 00:38:27,467,NORMAL,52.4,101.1649,126.8595,22.5367,21.2281,30.9289,67.2173,70.8478,18.3881,16.5101,4.6318,17.7336,8.0718,17.0612,0.0005,0.0000,0.0000,0.0000
4,hasta_001,1780004307.404,2026-05-29 00:38:27,468,NORMAL,51.4,101.6199,134.2504,27.6681,20.6765,33.9656,67.2524,71.4718,18.2143,16.6067,4.5966,17.7336,8.0718,17.0544,0.0005,0.0000,0.0000,0.0000
4,hasta_001,1780004308.696,2026-05-29 00:38:28,469,NORMAL,51.4,85.1706,166.9239,64.8592,23.9222,72.1211,67.1697,72.3610,18.3805,16.7251,4.6006,18.0889,7.9282,17.3455,0.0028,0.0000,0.0000,0.0000
4,hasta_001,1780004308.743,2026-05-29 00:38:28,470,NORMAL,51.4,81.1130,163.5395,67.3825,23.5880,72.2003,67.0815,73.2046,18.6239,16.8368,4.6031,18.0889,7.9282,17.6238,0.0027,0.0000,0.0000,0.0000
4,hasta_001,1780004308.832,2026-05-29 00:38:28,471,NORMAL,51.4,70.3724,153.5251,74.2775,22.1383,71.0455,66.9277,73.9506,18.9723,16.9317,4.5940,18.0889,7.9282,17.8871,0.0026,0.0000,0.0000,0.0000
4,hasta_001,1780004308.907,2026-05-29 00:38:28,472,NORMAL,51.4,62.3931,140.7427,77.1400,21.2796,69.2000,66.7313,74.5776,19.3900,17.0152,4.5812,18.0889,7.9282,18.1323,0.0026,0.0000,0.0000,0.0000
4,hasta_001,1780004308.961,2026-05-29 00:38:28,473,NORMAL,51.4,53.9273,130.7038,83.1675,21.0685,67.1348,66.4736,75.1074,19.8886,17.0933,4.5698,18.0889,7.9282,18.3578,0.0025,0.0000,0.0000,0.0000
4,hasta_001,1780004309.023,2026-05-29 00:38:29,474,NORMAL,51.4,44.4960,115.5452,88.7886,22.0951,64.3352,66.1296,75.5020,20.4383,17.1780,4.5674,18.6906,7.8051,18.5588,0.0025,0.0000,0.0000,0.0000
4,hasta_001,1780004309.075,2026-05-29 00:38:29,475,NORMAL,51.4,40.1503,101.8214,86.8781,24.1568,61.6571,65.7392,75.7545,20.9996,17.2808,4.5846,18.6906,7.8051,18.7331,0.0023,0.0000,0.0000,0.0000
4,hasta_001,1780004309.132,2026-05-29 00:38:29,476,NORMAL,51.4,38.7285,94.8840,84.0573,24.6574,58.4267,65.3308,75.9155,21.5758,17.3891,4.6040,18.6906,7.8051,18.8746,0.0021,0.0000,0.0000,0.0000
4,hasta_001,1780004309.179,2026-05-29 00:38:29,477,NORMAL,51.4,37.4212,90.9120,83.3624,23.9423,55.4757,64.8858,75.9780,22.1997,17.4926,4.6105,18.6906,7.8051,18.9791,0.0019,0.0000,0.0000,0.0000
4,hasta_001,1780004309.223,2026-05-29 00:38:29,478,NORMAL,51.4,36.6297,88.5210,82.9260,22.6877,52.5766,64.4286,75.9622,22.8808,17.5874,4.5994,18.6906,7.8051,19.0510,0.0016,0.0000,0.0000,0.0000
4,hasta_001,1780004309.270,2026-05-29 00:38:29,479,NORMAL,51.4,36.4599,86.7146,81.5993,21.2232,49.6831,63.9511,75.8473,23.5031,17.6721,4.5719,18.6906,7.8051,19.0919,0.0013,0.0000,0.0000,0.0000
4,hasta_001,1780004309.308,2026-05-29 00:38:29,480,NORMAL,51.4,36.6380,86.5794,81.0624,20.0030,47.4303,63.4604,75.6353,24.0461,17.7512,4.5292,18.6906,7.8051,19.1048,0.0010,0.0000,0.0000,0.0000
4,hasta_001,1780004309.351,2026-05-29 00:38:29,481,NORMAL,51.4,36.2346,86.3236,81.7391,18.9359,45.2523,62.9864,75.4193,24.5720,17.8250,4.4754,18.6906,7.8051,19.0887,0.0008,0.0000,0.0000,0.0000
4,hasta_001,1780004309.394,2026-05-29 00:38:29,482,NORMAL,51.4,35.1807,86.2280,84.0916,18.5817,43.3137,62.5116,75.1975,25.1046,17.8993,4.4129,18.6906,7.8051,19.0469,0.0006,0.0000,0.0000,0.0000
4,hasta_001,1780004309.434,2026-05-29 00:38:29,483,NORMAL,51.4,34.6616,86.0174,85.1114,18.5376,41.5876,62.0490,75.0023,25.6530,17.9775,4.3398,18.6906,7.8051,18.9782,0.0003,0.0000,0.0000,0.0000
4,hasta_001,1780004309.463,2026-05-29 00:38:29,484,NORMAL,51.4,33.6247,85.5336,87.1259,18.6461,40.2195,61.6286,74.8486,26.2026,18.0608,4.2552,18.6906,7.8051,18.8789,0.0001,0.0000,0.0000,0.0000
4,hasta_001,1780004309.523,2026-05-29 00:38:29,485,NORMAL,51.4,32.0548,85.5443,90.9693,19.1302,37.9757,61.2204,74.7552,26.8133,18.1525,4.1575,18.6906,7.8051,18.7355,0.0001,0.0000,0.0000,0.0000
4,hasta_001,1780004309.601,2026-05-29 00:38:29,486,NORMAL,51.4,32.4405,86.1073,90.5403,20.0820,35.8338,60.8669,74.7473,27.4423,18.2534,4.0550,18.6906,7.8051,18.5528,0.0003,0.0000,0.0000,0.0000
4,hasta_001,1780004309.651,2026-05-29 00:38:29,487,NORMAL,51.4,33.1977,86.2509,88.8302,20.5268,34.3356,60.5994,74.8087,28.0255,18.3562,3.9535,18.6906,7.8051,18.3304,0.0033,0.0000,0.0000,0.0000
4,hasta_001,1780004309.707,2026-05-29 00:38:29,488,NORMAL,51.4,34.4911,86.5009,85.9723,20.3498,32.7390,60.3962,74.8630,28.4886,18.4334,3.9009,18.6906,7.8051,18.5481,0.0053,0.0000,0.0000,0.0000
4,hasta_001,1780004309.746,2026-05-29 00:38:29,489,NORMAL,51.4,35.7485,86.0295,82.5781,20.1303,31.4179,60.2695,75.0177,28.9443,18.4999,3.8610,18.6906,7.8051,18.7565,0.0066,0.0000,0.0000,0.0000
4,hasta_001,1780004309.824,2026-05-29 00:38:29,490,NORMAL,51.4,39.8661,85.0424,72.3351,19.2670,29.3228,60.2669,75.2629,29.2784,18.5498,3.8319,18.6906,7.8051,18.9498,0.0074,0.0000,0.0000,0.0000
4,hasta_001,1780004309.876,2026-05-29 00:38:29,491,NORMAL,51.4,43.3216,84.2759,64.1930,18.7211,27.5311,60.3301,75.5384,29.5170,18.5943,3.8024,18.6906,7.8051,19.1311,0.0073,0.0000,0.0000,0.0000
4,hasta_001,1780004309.923,2026-05-29 00:38:29,492,NORMAL,51.4,46.1097,82.9734,57.1162,18.3286,25.7928,60.3980,75.7722,29.6886,18.6423,3.7622,18.6906,7.8051,19.3022,0.0074,0.0000,0.0000,0.0000
4,hasta_001,1780004309.965,2026-05-29 00:38:29,493,NORMAL,51.4,48.7808,82.1454,50.9670,17.6836,23.9949,60.4496,75.9395,29.8031,18.6923,3.7089,18.6906,7.8051,19.4631,0.0080,0.0000,0.0000,0.0000
4,hasta_001,1780004310.011,2026-05-29 00:38:30,494,NORMAL,51.4,53.8197,78.6570,37.4968,16.8263,22.1452,60.3970,75.8939,29.8383,18.7447,3.6371,18.6906,7.8051,19.6120,0.0090,0.0000,0.0000,0.0000
4,hasta_001,1780004310.076,2026-05-29 00:38:30,495,NORMAL,54.2,59.3432,71.2180,18.1905,15.0530,19.8356,59.9386,75.3655,29.8542,18.7932,3.5475,18.6906,7.8051,19.7394,0.0088,0.0000,0.0000,0.0000
4,hasta_001,1780004310.124,2026-05-29 00:38:30,496,NORMAL,56.2,62.1560,66.7970,7.1980,13.6566,18.4490,59.8654,75.3092,29.8839,18.8103,3.5178,18.6906,7.8051,19.8402,0.0090,0.0000,0.0000,0.0000
4,hasta_001,1780004310.166,2026-05-29 00:38:30,497,NORMAL,56.2,62.1866,66.4761,6.6679,12.8298,17.7252,59.9046,75.3749,29.9236,18.8159,3.5077,18.6906,7.8051,19.9312,0.0090,0.0000,0.0000,0.0000
4,hasta_001,1780004310.222,2026-05-29 00:38:30,498,NORMAL,56.0,60.8202,67.4013,10.2652,12.3307,17.6441,59.9888,75.5156,30.0059,18.8091,3.5195,18.6906,7.8051,20.0189,0.0103,0.0000,0.0000,0.0000
4,hasta_001,1780004310.277,2026-05-29 00:38:30,499,NORMAL,55.3,58.8634,68.2549,14.7760,12.5541,17.6197,60.1188,75.7362,30.0999,18.7898,3.5472,18.6906,7.8051,20.1033,0.0101,0.0000,0.0000,0.0000
4,hasta_001,1780004310.323,2026-05-29 00:38:30,500,NORMAL,54.3,58.0038,69.3851,17.8685,13.1300,17.6500,60.2889,76.0294,30.1701,18.7661,3.5754,18.6906,7.8051,20.1892,0.0096,0.0000,0.0000,0.0000
4,hasta_001,1780004310.380,2026-05-29 00:38:30,501,NORMAL,52.4,56.4829,70.7893,22.4815,13.7864,17.7550,60.4754,76.3915,30.1741,18.7399,3.6002,18.6906,7.8051,20.2798,0.0095,0.0000,0.0000,0.0000
4,hasta_001,1780004310.455,2026-05-29 00:38:30,502,NORMAL,51.4,54.7443,72.2053,27.5085,15.2432,17.8077,60.6912,76.8254,30.1069,18.7150,3.6139,18.6906,7.8051,20.3759,0.0088,0.0000,0.0000,0.0000
4,hasta_001,1780004310.514,2026-05-29 00:38:30,503,NORMAL,51.4,53.5604,73.2136,31.0052,16.3287,17.8062,60.7794,77.1271,30.2409,18.6848,3.6186,18.6906,7.8051,20.4777,0.0123,0.0000,0.0000,0.0000
4,hasta_001,1780004310.558,2026-05-29 00:38:30,504,NORMAL,51.4,52.9698,73.7469,32.7929,17.3989,17.9069,60.8279,77.3968,30.4056,18.6577,3.6159,18.6906,7.8051,20.5818,0.0114,0.0000,0.0000,0.0000
4,hasta_001,1780004310.599,2026-05-29 00:38:30,505,NORMAL,51.4,52.9661,74.7762,34.1470,18.4736,18.0651,60.8403,77.6314,30.6077,18.6384,3.6107,18.6906,7.8051,20.6886,0.0117,0.0000,0.0000,0.0000
4,hasta_001,1780004310.667,2026-05-29 00:38:30,506,NORMAL,51.4,53.1875,75.9278,35.2247,19.9503,18.3631,60.8171,77.8322,30.8374,18.6353,3.6094,18.6906,7.8051,20.7990,0.0125,0.0000,0.0000,0.0000
4,hasta_001,1780004310.704,2026-05-29 00:38:30,507,NORMAL,51.4,53.0185,76.0451,35.6826,20.8159,18.5139,60.7664,78.0088,31.0724,18.6369,3.6103,18.6906,7.8051,20.9111,0.0122,0.0000,0.0000,0.0000
4,hasta_001,1780004310.764,2026-05-29 00:38:30,508,NORMAL,51.4,53.2872,76.3814,35.6204,21.3376,18.8504,60.7037,78.1729,31.3108,18.6404,3.6127,18.6906,7.8051,21.0258,0.0126,0.0000,0.0000,0.0000
4,hasta_001,1780004310.812,2026-05-29 00:38:30,509,NORMAL,51.4,55.6406,78.9225,34.6038,21.1658,19.1645,60.6482,78.3436,31.5459,18.6433,3.6146,18.6906,7.8051,21.1423,0.0124,0.0000,0.0000,0.0000
4,hasta_001,1780004310.845,2026-05-29 00:38:30,510,NORMAL,51.4,58.2520,81.7666,33.5878,20.8536,19.3890,60.6069,78.5290,31.7757,18.6408,3.6129,18.6906,7.8051,21.2591,0.0114,0.0000,0.0000,0.0000
4,hasta_001,1780004310.876,2026-05-29 00:38:30,511,NORMAL,51.4,60.3957,84.2073,32.9337,20.4748,19.5843,60.5675,78.7163,32.0056,18.6386,3.6118,18.6906,7.8051,21.3748,0.0105,0.0000,0.0000,0.0000
4,hasta_001,1780004310.910,2026-05-29 00:38:30,512,NORMAL,51.4,62.8516,86.5622,31.7381,19.9894,19.7213,60.5335,78.9046,32.2324,18.6373,3.6113,18.6906,7.8051,21.4885,0.0096,0.0000,0.0000,0.0000
4,hasta_001,1780004310.960,2026-05-29 00:38:30,513,NORMAL,51.4,64.8886,88.1508,30.4002,19.3107,19.9798,60.5088,79.0922,32.4580,18.6374,3.6113,18.6906,7.8051,21.6000,0.0092,0.0000,0.0000,0.0000
4,hasta_001,1780004311.005,2026-05-29 00:38:31,514,NORMAL,51.4,67.5117,90.0058,28.5607,18.5718,20.1501,60.5092,79.2809,32.6947,18.6411,3.6110,18.6906,7.8051,21.7042,0.0088,0.0000,0.0000,0.0000
4,hasta_001,1780004311.056,2026-05-29 00:38:31,515,NORMAL,51.4,69.9138,91.4795,26.7243,17.7989,20.3917,60.5354,79.4755,32.9006,18.6443,3.6101,18.6906,7.8051,21.8039,0.0083,0.0000,0.0000,0.0000
4,hasta_001,1780004311.112,2026-05-29 00:38:31,516,NORMAL,51.4,71.0510,91.9563,25.6495,16.8533,20.3756,60.5832,79.6781,33.0851,18.6402,3.6118,18.6906,7.8051,21.8989,0.0080,0.0000,0.0000,0.0000
4,hasta_001,1780004311.167,2026-05-29 00:38:31,517,NORMAL,51.4,70.4518,91.1321,25.5970,16.7818,20.4867,60.6477,79.8874,33.2556,18.6327,3.6148,18.6906,7.8051,21.9901,0.0078,0.0000,0.0000,0.0000
4,hasta_001,1780004311.203,2026-05-29 00:38:31,518,NORMAL,51.4,70.7664,91.1538,25.1821,16.4900,20.5228,60.7406,80.1155,33.4092,18.6204,3.6195,18.6906,7.8051,22.0746,0.0076,0.0000,0.0000,0.0000
4,hasta_001,1780004311.235,2026-05-29 00:38:31,519,NORMAL,51.4,70.7050,91.2109,25.3291,16.3887,20.6169,60.8505,80.3573,33.5553,18.6025,3.6252,18.6906,7.8051,22.1561,0.0074,0.0000,0.0000,0.0000
4,hasta_001,1780004311.270,2026-05-29 00:38:31,520,NORMAL,51.4,70.4731,90.9798,25.4027,16.3776,20.6078,60.9737,80.6102,33.6960,18.5775,3.6301,18.6906,7.8051,22.2336,0.0072,0.0000,0.0000,0.0000
4,hasta_001,1780004311.340,2026-05-29 00:38:31,521,NORMAL,51.4,70.1850,90.6253,25.4216,15.8582,20.3974,61.1061,80.8659,33.8256,18.5408,3.6351,18.6906,7.8051,22.3064,0.0069,0.0000,0.0000,0.0000
4,hasta_001,1780004311.392,2026-05-29 00:38:31,522,NORMAL,51.4,69.8029,90.4308,25.7474,15.8056,20.3214,61.2891,81.1938,33.9856,18.4972,3.6363,18.6906,7.8051,22.3765,0.0068,0.0000,0.0000,0.0000
4,hasta_001,1780004311.433,2026-05-29 00:38:31,523,NORMAL,51.4,70.2381,91.0860,25.8461,15.6063,20.1933,61.4936,81.5416,34.1370,18.4482,3.6353,18.6906,7.8051,22.4444,0.0067,0.0000,0.0000,0.0000
4,hasta_001,1780004311.489,2026-05-29 00:38:31,524,NORMAL,51.4,69.9786,90.9139,26.0240,15.5028,19.9834,61.6925,81.8711,34.2639,18.3977,3.6338,18.6906,7.8051,22.5097,0.0067,0.0000,0.0000,0.0000
4,hasta_001,1780004311.539,2026-05-29 00:38:31,525,NORMAL,51.4,70.4454,91.0497,25.5169,15.3640,19.4081,61.8764,82.1491,34.3302,18.3486,3.6346,18.6906,7.8051,22.5679,0.0067,0.0000,0.0000,0.0000
4,hasta_001,1780004311.589,2026-05-29 00:38:31,526,NORMAL,51.4,71.3160,91.2280,24.5005,15.1328,18.9473,62.0854,82.3569,34.2374,18.3002,3.6385,18.6906,7.8051,22.6200,0.0065,0.0000,0.0000,0.0000
4,hasta_001,1780004311.630,2026-05-29 00:38:31,527,NORMAL,51.4,71.2977,90.4025,23.6299,14.7989,18.5040,62.3008,82.4971,34.0402,18.2525,3.6465,18.6906,7.8051,22.6667,0.0061,0.0000,0.0000,0.0000
4,hasta_001,1780004311.686,2026-05-29 00:38:31,528,NORMAL,53.2,69.4832,86.0601,21.3147,14.0320,17.5269,62.4980,82.5510,33.7692,18.2035,3.6634,18.6906,7.8051,22.7033,0.0062,0.0000,0.0000,0.0000
4,hasta_001,1780004311.726,2026-05-29 00:38:31,529,NORMAL,53.2,66.8904,81.5845,19.7934,14.0354,17.7347,62.6736,82.5320,33.4451,18.1621,3.6821,18.6906,7.8051,22.7425,0.0060,0.0000,0.0000,0.0000
4,hasta_001,1780004311.771,2026-05-29 00:38:31,530,NORMAL,54.3,64.1721,76.1796,17.1105,13.8467,18.1685,62.8207,82.4383,33.0788,18.1249,3.7029,18.6906,7.8051,22.7867,0.0057,0.0000,0.0000,0.0000
4,hasta_001,1780004311.821,2026-05-29 00:38:31,531,NORMAL,55.9,60.7188,71.4861,16.2889,13.6761,18.7455,62.9312,82.2900,32.7047,18.0906,3.7248,18.6906,7.8051,22.8372,0.0059,0.0000,0.0000,0.0000
4,hasta_001,1780004311.889,2026-05-29 00:38:31,532,NORMAL,54.8,58.0635,67.6056,15.1862,13.6074,19.4877,63.0074,82.1017,32.3367,18.0614,3.7461,18.6906,7.8051,22.8952,0.0059,0.0000,0.0000,0.0000
4,hasta_001,1780004311.924,2026-05-29 00:38:31,533,NORMAL,55.3,56.1935,65.2966,14.9856,13.7884,19.8568,63.0521,81.8807,31.9828,18.0404,3.7629,18.6906,7.8051,22.9570,0.0058,0.0000,0.0000,0.0000
4,hasta_001,1780004311.979,2026-05-29 00:38:31,534,NORMAL,55.0,51.1768,59.9769,15.8340,14.4940,21.2173,63.0441,81.6123,31.6522,18.0306,3.7706,18.6906,7.8051,23.0299,0.0060,0.0000,0.0000,0.0000
4,hasta_001,1780004312.046,2026-05-29 00:38:32,535,NORMAL,53.2,43.9835,53.5571,19.6298,15.4384,25.4238,62.9722,81.4334,31.5230,18.0359,3.7664,18.6906,7.8051,23.1366,0.0056,0.0000,0.0000,0.0000
4,hasta_001,1780004312.705,2026-05-29 00:38:32,536,NORMAL,57.2,58.1990,56.7306,2.5552,24.9948,11.4992,63.0127,81.3594,31.3724,18.1285,3.7997,18.6906,7.8051,23.1247,0.0056,0.0000,0.0000,0.0000
4,hasta_001,1780004312.759,2026-05-29 00:38:32,537,NORMAL,57.7,58.9380,56.8743,3.5638,24.9450,10.5348,63.0513,81.3055,31.2742,18.2254,3.8239,18.6906,7.8051,23.1016,0.0055,0.0000,0.0000,0.0000
4,hasta_001,1780004312.824,2026-05-29 00:38:32,538,NORMAL,57.7,59.5631,56.8978,4.5771,25.0189,9.5526,63.0850,81.3910,31.1676,18.3245,3.8445,18.6906,7.8051,23.0661,0.0053,0.0000,0.0000,0.0000
4,hasta_001,1780004312.858,2026-05-29 00:38:32,539,NORMAL,60.7,59.8580,56.8723,5.1157,24.9942,9.0976,63.1104,81.5710,30.8202,18.4248,3.8602,18.6906,7.8051,23.0233,0.0051,0.0000,0.0000,0.0000
4,hasta_001,1780004312.907,2026-05-29 00:38:32,540,NORMAL,61.2,60.4122,57.1051,5.6283,24.9467,8.7707,63.1311,81.7909,30.3556,18.5265,3.8699,18.6906,7.8051,22.9737,0.0048,0.0000,0.0000,0.0000
4,hasta_001,1780004312.937,2026-05-29 00:38:32,541,NORMAL,62.7,60.8054,57.4089,5.7463,24.9405,8.4612,63.1319,82.0029,29.8867,18.6330,3.8691,18.6906,7.8051,22.9175,0.0047,0.0000,0.0000,0.0000
4,hasta_001,1780004312.969,2026-05-29 00:38:32,542,NORMAL,62.7,61.1455,58.0389,5.2132,25.1826,8.5071,63.1489,82.1974,29.4966,18.7417,3.8683,18.6906,7.8051,22.8611,0.0045,0.0000,0.0000,0.0000
4,hasta_001,1780004313.027,2026-05-29 00:38:33,543,NORMAL,61.2,61.5529,59.1377,4.0024,25.7140,8.7054,63.1789,82.3744,29.1812,18.8561,3.8699,18.6906,7.8051,22.8090,0.0044,0.0000,0.0000,0.0000
4,hasta_001,1780004313.091,2026-05-29 00:38:33,544,NORMAL,61.7,61.7900,60.3735,2.3190,26.3926,8.7831,63.2022,82.5296,28.9153,18.9812,3.8688,18.6906,7.8051,22.7578,0.0043,0.0000,0.0000,0.0000
4,hasta_001,1780004313.145,2026-05-29 00:38:33,545,NORMAL,61.7,62.2022,61.7318,0.7593,26.6666,8.8246,63.2483,82.6854,28.6935,19.1100,3.8653,18.6906,7.8051,22.7104,0.0039,0.0000,0.0000,0.0000
4,hasta_001,1780004313.207,2026-05-29 00:38:33,546,NORMAL,61.7,62.7970,63.2964,0.7921,26.5329,8.8359,63.3325,82.8453,28.5524,19.2385,3.8535,18.6906,7.8051,22.6647,0.0037,0.0000,0.0000,0.0000
4,hasta_001,1780004313.248,2026-05-29 00:38:33,547,NORMAL,61.7,63.0418,64.4386,2.1914,26.1868,8.8898,63.4351,83.0119,28.4607,19.3609,3.8390,18.6906,7.8051,22.6182,0.0036,0.0000,0.0000,0.0000
4,hasta_001,1780004313.276,2026-05-29 00:38:33,548,NORMAL,61.7,63.0344,65.2641,3.4757,25.7766,8.7249,63.5354,83.1794,28.3885,19.4758,3.8229,18.6906,7.8051,22.5714,0.0034,0.0000,0.0000,0.0000
4,hasta_001,1780004313.306,2026-05-29 00:38:33,549,NORMAL,62.7,62.7382,65.9359,4.9703,25.4246,8.5233,63.6215,83.3372,28.3391,19.5824,3.8090,18.6906,7.8051,22.5291,0.0034,0.0000,0.0000,0.0000
4,hasta_001,1780004313.339,2026-05-29 00:38:33,550,NORMAL,64.2,62.0696,66.4871,6.8725,24.8618,8.3314,63.6932,83.4824,28.3251,19.6790,3.7946,18.6906,7.8051,22.4956,0.0032,0.0000,0.0000,0.0000
4,hasta_001,1780004313.379,2026-05-29 00:38:33,551,NORMAL,64.7,61.0491,66.8112,9.0131,23.8717,8.1642,63.7232,83.6003,28.3275,19.7613,3.7775,18.6906,7.8051,22.4711,0.0031,0.0000,0.0000,0.0000
4,hasta_001,1780004313.421,2026-05-29 00:38:33,552,NORMAL,64.5,59.6820,66.6221,10.9895,22.7065,8.1985,63.7104,83.6920,28.3393,19.8294,3.7563,18.6906,7.8051,22.4513,0.0030,0.0000,0.0000,0.0000
4,hasta_001,1780004313.489,2026-05-29 00:38:33,553,NORMAL,61.8,57.2576,65.9199,14.0648,20.5886,8.5728,63.6496,83.7513,28.3789,19.8756,3.7312,18.6906,7.8051,22.4382,0.0029,0.0000,0.0000,0.0000
4,hasta_001,1780004313.566,2026-05-29 00:38:33,554,NORMAL,59.9,55.5951,65.2935,16.0452,18.6376,8.9866,63.5404,83.7749,28.4333,19.9002,3.7131,18.6906,7.8051,22.4335,0.0027,0.0000,0.0000,0.0000
4,hasta_001,1780004313.639,2026-05-29 00:38:33,555,NORMAL,58.2,54.3852,64.3103,16.7238,17.3755,9.5043,63.3884,83.7579,28.4974,19.9076,3.7072,18.6906,7.8051,22.4369,0.0027,0.0000,0.0000,0.0000
4,hasta_001,1780004313.675,2026-05-29 00:38:33,556,NORMAL,56.8,53.7665,63.6144,16.7793,16.8470,9.7556,63.2234,83.7172,28.5778,19.9036,3.7103,18.6906,7.8051,22.4445,0.0027,0.0000,0.0000,0.0000
4,hasta_001,1780004313.706,2026-05-29 00:38:33,557,NORMAL,56.9,53.1853,62.6288,16.3080,16.6754,9.8037,63.0625,83.6595,28.6792,19.8935,3.7174,18.6906,7.8051,22.4537,0.0027,0.0000,0.0000,0.0000
4,hasta_001,1780004313.769,2026-05-29 00:38:33,558,NORMAL,58.3,52.3507,60.8118,14.9537,17.0179,9.5179,62.8852,83.5684,28.7821,19.8835,3.7235,18.6906,7.8051,22.4615,0.0027,0.0000,0.0000,0.0000
4,hasta_001,1780004313.815,2026-05-29 00:38:33,559,NORMAL,60.3,51.9835,59.1636,12.9199,17.7491,8.9773,62.6833,83.4401,28.8716,19.8795,3.7255,18.6906,7.8051,22.4630,0.0026,0.0000,0.0000,0.0000
4,hasta_001,1780004313.867,2026-05-29 00:38:33,560,NORMAL,64.5,51.7775,57.3619,10.2335,19.1007,7.9437,62.4769,83.2881,28.9466,19.8857,3.7236,18.6906,7.8051,22.4520,0.0025,0.0000,0.0000,0.0000
4,hasta_001,1780004313.904,2026-05-29 00:38:33,561,NORMAL,64.7,52.0871,56.5300,8.1809,19.6436,7.8265,62.2661,83.1078,29.0064,19.8953,3.7214,18.6906,7.8051,22.4335,0.0024,0.0000,0.0000,0.0000
4,hasta_001,1780004313.944,2026-05-29 00:38:33,562,NORMAL,64.7,52.6683,56.3121,6.6870,20.2902,8.0302,62.0566,82.9186,29.0492,19.9073,3.7204,18.6906,7.8051,22.4077,0.0022,0.0000,0.0000,0.0000
4,hasta_001,1780004313.998,2026-05-29 00:38:33,563,NORMAL,64.2,52.8795,56.4539,6.5384,20.8107,8.4021,61.8533,82.7281,29.0821,19.9176,3.7211,18.6906,7.8051,22.3785,0.0021,0.0000,0.0000,0.0000
4,hasta_001,1780004314.052,2026-05-29 00:38:34,564,NORMAL,62.7,53.0923,56.8483,6.8328,21.4151,8.5341,61.6549,82.5410,29.1135,19.9283,3.7236,18.6906,7.8051,22.3453,0.0020,0.0000,0.0000,0.0000
4,hasta_001,1780004314.094,2026-05-29 00:38:34,565,NORMAL,64.7,53.7101,57.4319,6.6974,22.0998,8.3045,61.4657,82.3600,29.1399,19.9377,3.7276,18.6906,7.8051,22.3040,0.0020,0.0000,0.0000,0.0000
4,hasta_001,1780004314.126,2026-05-29 00:38:34,566,NORMAL,64.7,54.1789,58.0897,6.9670,22.8953,7.9183,61.2856,82.1886,29.1670,19.9506,3.7352,18.3182,7.6771,22.2545,0.0020,0.0000,0.0000,0.0000
4,hasta_001,1780004314.183,2026-05-29 00:38:34,567,NORMAL,65.2,54.6176,58.9571,7.6418,24.0227,7.2390,61.1116,82.0289,29.2022,19.9719,3.7510,18.3182,7.6771,22.1966,0.0021,0.0000,0.0000,0.0000
4,hasta_001,1780004314.221,2026-05-29 00:38:34,568,NORMAL,65.7,55.0539,59.5555,7.8556,24.7046,6.7935,60.9436,81.8783,29.2414,19.9988,3.7732,18.3182,7.6771,22.1347,0.0020,0.0000,0.0000,0.0000
4,hasta_001,1780004314.271,2026-05-29 00:38:34,569,NORMAL,68.5,55.3652,60.0776,8.1640,25.3108,6.3860,60.7802,81.7366,29.2863,20.0308,3.8017,18.3182,7.6771,22.0699,0.0021,0.0000,0.0000,0.0000
4,hasta_001,1780004314.337,2026-05-29 00:38:34,570,NORMAL,71.5,56.0028,60.9797,8.5087,25.4499,6.0873,60.6261,81.6065,29.3341,20.0642,3.8315,18.3182,7.6771,22.0034,0.0021,0.0000,0.0000,0.0000
4,hasta_001,1780004314.390,2026-05-29 00:38:34,571,NORMAL,71.0,56.8962,61.6639,8.0426,25.2529,6.1648,60.4917,81.4893,29.3708,20.0957,3.8584,18.3182,7.6771,21.9387,0.0020,0.0000,0.0000,0.0000
4,hasta_001,1780004314.419,2026-05-29 00:38:34,572,NORMAL,70.5,57.5757,62.0649,7.5045,25.0408,6.3475,60.3703,81.3814,29.4008,20.1202,3.8803,18.3182,7.6771,21.8761,0.0018,0.0000,0.0000,0.0000
4,hasta_001,1780004314.452,2026-05-29 00:38:34,573,NORMAL,65.7,58.4159,62.3995,6.5945,24.7923,6.5831,60.2506,81.2712,29.4239,20.1391,3.8975,18.3182,7.6771,21.8164,0.0017,0.0000,0.0000,0.0000
4,hasta_001,1780004314.506,2026-05-29 00:38:34,574,NORMAL,65.2,59.3391,62.4609,5.1262,24.6749,6.9597,60.1302,81.1506,29.4317,20.1532,3.9107,18.3182,7.6771,21.7606,0.0017,0.0000,0.0000,0.0000
4,hasta_001,1780004314.562,2026-05-29 00:38:34,575,NORMAL,65.7,60.4451,62.5521,3.4262,24.3248,6.9757,60.0013,81.0097,29.4222,20.1622,3.9191,18.3182,7.6771,21.7054,0.0015,0.0000,0.0000,0.0000
4,hasta_001,1780004314.613,2026-05-29 00:38:34,576,NORMAL,66.2,61.2806,62.5772,2.0937,23.9424,6.7789,59.8657,80.8453,29.3902,20.1680,3.9241,18.3182,7.6771,21.6480,0.0015,0.0000,0.0000,0.0000
4,hasta_001,1780004314.690,2026-05-29 00:38:34,577,NORMAL,71.0,62.2600,62.6917,0.6909,23.5569,6.3684,59.7151,80.6443,29.3313,20.1699,3.9257,18.3182,7.6771,21.5859,0.0015,0.0000,0.0000,0.0000
4,hasta_001,1780004314.748,2026-05-29 00:38:34,578,NORMAL,72.5,62.5239,62.3886,0.2167,23.6098,6.0349,59.5695,80.4294,29.2520,20.1714,3.9270,18.3182,7.6771,21.5183,0.0015,0.0000,0.0000,0.0000
4,hasta_001,1780004314.788,2026-05-29 00:38:34,579,NORMAL,72.5,62.8714,62.4927,0.6042,23.6122,5.5214,59.4380,80.2121,29.1582,20.1730,3.9284,18.3182,7.6771,21.4413,0.0015,0.0000,0.0000,0.0000
4,hasta_001,1780004314.838,2026-05-29 00:38:34,580,NORMAL,72.5,63.2916,62.7324,0.8874,23.6095,4.6317,59.2955,79.9667,29.0518,20.1752,3.9303,18.3182,7.6771,21.3506,0.0015,0.0000,0.0000,0.0000
4,hasta_001,1780004314.872,2026-05-29 00:38:34,581,NORMAL,73.1,63.5174,63.0290,0.7718,23.6117,3.8374,59.1074,79.6449,28.9201,20.1782,3.9327,18.3182,7.6771,21.2432,0.0014,0.0000,0.0000,0.0000
4,hasta_001,1780004314.917,2026-05-29 00:38:34,582,NORMAL,73.1,63.6994,63.6430,0.0886,23.6636,2.8289,58.8858,79.2656,28.7632,20.1835,3.9370,18.3182,7.6771,21.1150,0.0014,0.0000,0.0000,0.0000
4,hasta_001,1780004314.960,2026-05-29 00:38:34,583,NORMAL,73.1,63.5858,64.1993,0.9601,23.7566,2.3228,58.6022,78.7962,28.5961,20.1911,3.9430,18.3182,7.6771,20.9688,0.0014,0.0000,0.0000,0.0000
4,hasta_001,1780004315.006,2026-05-29 00:38:35,584,NORMAL,72.6,63.1740,64.1245,1.4933,23.9300,2.1219,58.2282,78.1990,28.4190,20.2033,3.9522,18.3182,7.6771,20.8005,0.0014,0.0000,0.0000,0.0000
4,hasta_001,1780004315.055,2026-05-29 00:38:35,585,NORMAL,72.6,62.9484,64.0578,1.7470,24.0218,2.1164,57.8887,77.6448,28.2424,20.2192,3.9637,18.3182,7.6771,20.6077,0.0014,0.0000,0.0000,0.0000
4,hasta_001,1780004315.138,2026-05-29 00:38:35,586,NORMAL,73.1,62.7316,63.4716,1.1727,24.0347,2.3042,57.5637,77.1141,28.0671,20.2381,3.9765,18.3182,7.6771,20.3952,0.0014,0.0000,0.0000,0.0000
4,hasta_001,1780004315.217,2026-05-29 00:38:35,587,NORMAL,72.6,62.4115,62.7555,0.5498,23.8828,2.1608,57.2408,76.5799,27.8838,20.2602,3.9893,18.3182,7.6771,20.1555,0.0014,0.0000,0.0000,0.0000
4,hasta_001,1780004315.266,2026-05-29 00:38:35,588,NORMAL,72.6,62.2991,62.4442,0.2326,23.7138,1.8737,56.9131,75.9815,27.6552,20.2855,4.0014,18.3182,7.6771,19.8881,0.0114,0.0000,0.0000,0.0000
4,hasta_001,1780004315.315,2026-05-29 00:38:35,589,NORMAL,72.6,62.0082,62.3281,0.5145,23.4636,1.4052,56.7201,75.1099,27.1190,20.2817,3.9982,18.3182,7.6771,19.2988,0.0113,0.0000,0.0000,0.0000
4,hasta_001,1780004315.384,2026-05-29 00:38:35,590,NORMAL,72.6,61.1249,62.1615,1.6817,23.1552,1.4259,56.5535,74.2651,26.5715,20.2781,3.9954,18.3182,7.6771,18.7090,0.0112,0.0000,0.0000,0.0000
4,hasta_001,1780004315.444,2026-05-29 00:38:35,591,NORMAL,72.6,61.4908,62.2136,1.1687,22.7810,1.7178,56.4795,73.5042,25.9622,20.2835,3.9983,19.9039,7.6103,18.1312,0.0111,0.0000,0.0000,0.0000
4,hasta_001,1780004315.479,2026-05-29 00:38:35,592,NORMAL,72.6,61.0281,61.8408,1.3229,22.6238,2.0605,56.4681,72.8467,25.3304,20.2947,4.0030,19.9039,7.6103,17.5717,0.0108,0.0000,0.0000,0.0000
4,hasta_001,1780004315.535,2026-05-29 00:38:35,593,NORMAL,73.1,59.9489,60.6498,1.1623,22.3534,2.7752,56.5183,72.2629,24.6471,20.3054,4.0067,19.9039,7.6103,17.0354,0.0108,0.0000,0.0000,0.0000
4,hasta_001,1780004315.597,2026-05-29 00:38:35,594,NORMAL,73.1,58.5829,58.9683,0.6557,22.0504,3.6578,56.6357,71.7914,23.9126,20.3050,4.0066,19.9039,7.6103,16.5298,0.0105,0.0000,0.0000,0.0000
4,hasta_001,1780004315.648,2026-05-29 00:38:35,595,NORMAL,72.5,57.7228,58.0207,0.5147,21.7997,4.4741,56.7821,71.4264,23.1929,20.2854,3.9934,19.9039,7.6103,16.0532,0.0100,0.0000,0.0000,0.0000
4,hasta_001,1780004315.680,2026-05-29 00:38:35,596,NORMAL,72.5,57.3923,57.7387,0.6017,21.6167,5.0453,56.9377,71.1168,22.4975,20.2600,3.9752,19.9039,7.6103,15.6084,0.0092,0.0000,0.0000,0.0000
4,hasta_001,1780004315.710,2026-05-29 00:38:35,597,NORMAL,72.5,57.3983,57.6108,0.3696,21.4856,5.6491,57.1041,70.8393,21.8059,20.2395,3.9625,19.9039,7.6103,15.1932,0.0083,0.0000,0.0000,0.0000
4,hasta_001,1780004315.740,2026-05-29 00:38:35,598,NORMAL,71.5,57.6062,57.6918,0.1484,21.3892,6.2252,57.2789,70.5824,21.1160,20.2287,3.9575,19.9039,7.6103,14.8069,0.0076,0.0000,0.0000,0.0000
4,hasta_001,1780004315.779,2026-05-29 00:38:35,599,NORMAL,66.2,58.0553,57.9746,0.1392,21.3554,6.8979,57.4589,70.3429,20.4372,20.2298,3.9578,19.9039,7.6103,14.4504,0.0069,0.0000,0.0000,0.0000
4,hasta_001,1780004315.818,2026-05-29 00:38:35,600,NORMAL,65.7,58.7160,58.6068,0.1861,21.4599,7.5558,57.6429,70.1098,19.7632,20.2420,3.9594,19.9039,7.6103,14.1181,0.0064,0.0000,0.0000,0.0000
4,hasta_001,1780004315.875,2026-05-29 00:38:35,601,NORMAL,65.2,59.8876,59.7547,0.2221,21.8583,8.2901,57.8400,69.8884,19.0839,20.2663,3.9602,19.9039,7.6103,13.8101,0.0059,0.0000,0.0000,0.0000
4,hasta_001,1780004315.961,2026-05-29 00:38:35,602,NORMAL,61.2,61.2870,60.7175,0.9337,22.5682,9.0833,58.0575,69.6758,18.3909,20.2995,3.9627,19.9039,7.6103,13.5248,0.0054,0.0000,0.0000,0.0000
4,hasta_001,1780004316.008,2026-05-29 00:38:36,603,NORMAL,59.7,62.1802,61.4435,1.1919,23.1670,9.4858,58.2869,69.4710,17.6916,20.3381,3.9679,19.9039,7.6103,13.2573,0.0049,0.0000,0.0000,0.0000
4,hasta_001,1780004316.057,2026-05-29 00:38:36,604,NORMAL,58.2,62.8972,62.0992,1.2769,23.9331,9.8722,58.5308,69.2758,16.9762,20.3822,3.9782,19.9039,7.6103,13.0044,0.0043,0.0000,0.0000,0.0000
4,hasta_001,1780004316.125,2026-05-29 00:38:36,605,NORMAL,57.7,63.7498,62.7922,1.5136,24.9956,10.2141,58.7949,69.0862,16.2307,20.4311,3.9985,19.9039,7.6103,12.7731,0.0037,0.0000,0.0000,0.0000
4,hasta_001,1780004316.199,2026-05-29 00:38:36,606,NORMAL,57.7,64.1717,63.0981,1.6871,25.7180,10.3977,59.0594,68.8944,15.4903,20.4780,4.0271,19.9039,7.6103,12.5611,0.0030,0.0000,0.0000,0.0000
4,hasta_001,1780004316.259,2026-05-29 00:38:36,607,NORMAL,57.7,63.9938,63.0991,1.4079,25.9253,10.4821,59.3160,68.7015,14.7618,20.5230,4.0574,19.9039,7.6103,12.3623,0.0025,0.0000,0.0000,0.0000
4,hasta_001,1780004316.291,2026-05-29 00:38:36,608,NORMAL,57.7,63.6419,63.1272,0.8119,25.9630,10.5075,59.5589,68.5067,14.0521,20.5698,4.0874,19.9039,7.6103,12.1770,0.0021,0.0000,0.0000,0.0000
4,hasta_001,1780004316.353,2026-05-29 00:38:36,609,NORMAL,57.7,63.5364,63.3791,0.2478,25.8650,10.4820,59.7905,68.3179,13.3660,20.6176,4.1154,19.9039,7.6103,12.0026,0.0018,0.0000,0.0000,0.0000
4,hasta_001,1780004316.405,2026-05-29 00:38:36,610,NORMAL,57.7,63.6540,63.6304,0.0370,25.7389,10.3791,59.9887,68.1395,12.7635,20.6715,4.1397,19.9039,7.6103,11.8447,0.0016,0.0000,0.0000,0.0000
4,hasta_001,1780004316.451,2026-05-29 00:38:36,611,NORMAL,57.7,63.9258,63.6420,0.4449,25.5661,10.2349,60.1604,67.9676,12.2323,20.7285,4.1596,19.9039,7.6103,11.7006,0.0014,0.0000,0.0000,0.0000
4,hasta_001,1780004316.500,2026-05-29 00:38:36,612,NORMAL,58.2,64.3359,63.7673,0.8878,25.3791,9.9390,60.3123,67.8075,11.7637,20.7873,4.1750,19.9039,7.6103,11.5685,0.0011,0.0000,0.0000,0.0000
4,hasta_001,1780004316.568,2026-05-29 00:38:36,613,NORMAL,59.7,64.9443,64.1018,1.3057,25.0959,9.4855,60.4470,67.6571,11.3499,20.8491,4.1835,19.9039,7.6103,11.4476,0.0008,0.0000,0.0000,0.0000
4,hasta_001,1780004316.642,2026-05-29 00:38:36,614,NORMAL,61.2,65.0047,63.7452,1.9566,24.8268,9.1247,60.5402,67.5329,11.0537,20.9157,4.1826,19.9039,7.6103,11.3391,0.0007,0.0000,0.0000,0.0000
4,hasta_001,1780004316.703,2026-05-29 00:38:36,615,NORMAL,63.2,63.0829,64.0108,1.4602,24.5792,8.6269,60.5714,67.4728,10.9143,20.9951,4.1609,19.7768,7.6051,11.2456,0.0005,0.0000,0.0000,0.0000
4,hasta_001,1780004316.745,2026-05-29 00:38:36,616,NORMAL,65.2,64.3718,65.9637,2.4427,24.3461,8.2686,60.5898,67.4659,10.8747,21.0842,4.1170,19.7768,7.6051,11.1608,0.0003,0.0000,0.0000,0.0000
4,hasta_001,1780004316.809,2026-05-29 00:38:36,617,NORMAL,65.2,66.4631,67.6973,1.8399,24.1227,7.7967,60.6255,67.4761,10.8344,21.1783,4.0559,19.7768,7.6051,11.0781,0.0001,0.0000,0.0000,0.0000
4,hasta_001,1780004316.852,2026-05-29 00:38:36,618,NORMAL,65.7,67.4502,68.9690,2.2266,24.0411,7.0826,60.6807,67.4891,10.7675,21.2759,3.9820,19.7768,7.6051,10.9901,0.0004,0.0000,0.0000,0.0000
4,hasta_001,1780004316.907,2026-05-29 00:38:36,619,NORMAL,71.5,67.9712,69.8954,2.7913,24.0118,6.2181,60.7566,67.5028,10.6676,21.3714,3.9084,19.7768,7.6051,10.8950,0.0004,0.0000,0.0000,0.0000
4,hasta_001,1780004316.961,2026-05-29 00:38:36,620,NORMAL,72.5,68.2662,70.0507,2.5803,23.9659,5.8284,60.8421,67.5083,10.5402,21.4617,3.8416,19.7768,7.6051,10.7965,0.0004,0.0000,0.0000,0.0000
4,hasta_001,1780004317.022,2026-05-29 00:38:37,621,NORMAL,72.5,67.9550,69.3457,2.0258,23.8943,5.6806,60.9377,67.4963,10.3697,21.5459,3.7827,19.7768,7.6051,10.6959,0.0005,0.0000,0.0000,0.0000
4,hasta_001,1780004317.089,2026-05-29 00:38:37,622,NORMAL,72.5,67.3321,68.6053,1.8732,23.9404,5.6275,61.0426,67.4663,10.1561,21.6184,3.7444,19.7768,7.6051,10.5944,0.0006,0.0000,0.0000,0.0000
4,hasta_001,1780004317.145,2026-05-29 00:38:37,623,NORMAL,72.5,67.0458,68.2576,1.7912,23.8699,5.6824,61.1550,67.4250,9.9126,21.6812,3.7183,19.7768,7.6051,10.4934,0.0008,0.0000,0.0000,0.0000
4,hasta_001,1780004317.188,2026-05-29 00:38:37,624,NORMAL,72.5,66.8897,68.1118,1.8105,23.8022,5.7207,61.2710,67.3780,9.6545,21.7346,3.7024,19.7768,7.6051,10.3918,0.0009,0.0000,0.0000,0.0000
4,hasta_001,1780004317.236,2026-05-29 00:38:37,625,NORMAL,72.5,66.8057,67.7797,1.4473,23.7219,5.8004,61.3863,67.3197,9.3820,21.7783,3.6946,19.7768,7.6051,10.2896,0.0011,0.0000,0.0000,0.0000
4,hasta_001,1780004317.288,2026-05-29 00:38:37,626,NORMAL,72.5,66.6872,67.5364,1.2654,23.5660,5.8233,61.4988,67.2498,9.0990,21.8085,3.6943,19.7768,7.6051,10.1851,0.0013,0.0000,0.0000,0.0000
4,hasta_001,1780004317.350,2026-05-29 00:38:37,627,NORMAL,72.5,66.2469,67.3533,1.6562,23.5276,5.8565,61.6091,67.1774,8.8154,21.8311,3.6964,19.7768,7.6051,10.0796,0.0011,0.0000,0.0000,0.0000
4,hasta_001,1780004317.423,2026-05-29 00:38:37,628,NORMAL,72.5,66.1057,67.4137,1.9592,23.4408,5.9731,61.7159,67.1027,8.5349,21.8486,3.6990,19.7768,7.6051,9.9723,0.0008,0.0000,0.0000,0.0000
4,hasta_001,1780004317.482,2026-05-29 00:38:37,629,NORMAL,72.0,66.1069,67.4031,1.9417,23.3311,6.0921,61.8031,67.0067,8.2627,21.8666,3.7010,19.7768,7.6051,9.8634,0.0006,0.0000,0.0000,0.0000
4,hasta_001,1780004317.523,2026-05-29 00:38:37,630,NORMAL,72.0,66.0811,67.3831,1.9511,23.2576,6.1319,61.8684,66.8868,7.9991,21.8867,3.7019,19.7768,7.6051,9.7529,0.0004,0.0000,0.0000,0.0000
4,hasta_001,1780004317.570,2026-05-29 00:38:37,631,NORMAL,72.0,65.6762,67.2216,2.3256,23.1452,6.0567,61.9124,66.7452,7.7440,21.9089,3.7014,19.7768,7.6051,9.6402,0.0002,0.0000,0.0000,0.0000
4,hasta_001,1780004317.599,2026-05-29 00:38:37,632,NORMAL,72.5,65.4974,67.3004,2.7153,23.0270,5.9836,61.9344,66.5847,7.5022,21.9342,3.6986,19.7768,7.6051,9.5257,0.0000,0.0000,0.0000,0.0000
4,hasta_001,1780004317.633,2026-05-29 00:38:37,633,NORMAL,72.5,64.7029,66.9218,3.3716,23.0111,5.9437,61.9329,66.4078,7.2769,21.9651,3.6920,19.7768,7.6051,9.4087,0.0004,0.0000,0.0000,0.0000
4,hasta_001,1780004317.663,2026-05-29 00:38:37,634,NORMAL,72.0,63.1773,65.9664,4.3193,23.4030,5.9498,61.8967,66.2075,7.0749,22.0053,3.6811,19.7768,7.6051,9.2904,0.0010,0.0000,0.0000,0.0000
4,hasta_001,1780004317.721,2026-05-29 00:38:37,635,NORMAL,71.5,59.5959,62.7151,5.1005,25.3027,6.0843,61.8108,65.9678,6.8947,22.0679,3.6728,19.7768,7.6051,9.1712,0.0013,0.0000,0.0000,0.0000
4,hasta_001,1780004317.801,2026-05-29 00:38:37,636,NORMAL,71.0,55.6484,58.0912,4.2953,27.4050,6.1825,61.6824,65.6856,6.7168,22.1558,3.6732,19.7768,7.6051,9.0529,0.0013,0.0000,0.0000,0.0000
4,hasta_001,1780004317.849,2026-05-29 00:38:37,637,NORMAL,71.5,53.8528,57.0829,5.8233,28.2080,6.1433,61.5441,65.4018,6.5520,22.2510,3.6808,19.7768,7.6051,8.9334,0.0014,0.0000,0.0000,0.0000
4,hasta_001,1780004317.914,2026-05-29 00:38:37,638,NORMAL,71.5,53.6714,57.0968,6.1849,28.5943,6.1183,61.4016,65.1180,6.3937,22.3519,3.6874,19.7768,7.6051,8.8133,0.0013,0.0000,0.0000,0.0000
4,hasta_001,1780004317.962,2026-05-29 00:38:37,639,NORMAL,71.0,54.3354,57.6398,5.9020,28.8070,6.2479,61.2652,64.8383,6.2318,22.4554,3.6928,19.7768,7.6051,8.6936,0.0012,0.0000,0.0000,0.0000
4,hasta_001,1780004318.001,2026-05-29 00:38:38,640,NORMAL,65.2,55.1245,58.3502,5.6853,28.7968,6.4778,61.1373,64.5664,6.0675,22.5589,3.6951,19.7768,7.6051,8.5758,0.0012,0.0000,0.0000,0.0000
4,hasta_001,1780004318.030,2026-05-29 00:38:38,641,NORMAL,65.7,55.9015,59.0180,5.4239,28.7747,6.7269,61.0183,64.3030,5.9008,22.6665,3.6864,19.7768,7.6051,8.4619,0.0010,0.0000,0.0000,0.0000
4,hasta_001,1780004318.088,2026-05-29 00:38:38,642,NORMAL,65.2,57.2482,60.1853,5.0021,28.5973,7.3095,60.9137,64.0509,5.7279,22.7731,3.6714,19.7768,7.6051,8.3535,0.0008,0.0000,0.0000,0.0000
4,hasta_001,1780004318.143,2026-05-29 00:38:38,643,NORMAL,64.7,58.5520,61.1628,4.3618,28.4040,7.8421,60.8163,63.8016,5.5489,22.8797,3.6475,19.7768,7.6051,8.2506,0.0005,0.0000,0.0000,0.0000
4,hasta_001,1780004318.218,2026-05-29 00:38:38,644,NORMAL,62.7,59.7246,62.0906,3.8845,27.8490,8.5494,60.7308,63.5614,5.3644,22.9826,3.6119,19.7768,7.6051,8.1553,0.0003,0.0000,0.0000,0.0000
4,hasta_001,1780004318.267,2026-05-29 00:38:38,645,NORMAL,61.7,60.4468,62.4380,3.2407,27.4262,8.9544,60.6475,63.3229,5.1788,23.0831,3.5660,19.7768,7.6051,8.0682,0.0002,0.0000,0.0000,0.0000
4,hasta_001,1780004318.296,2026-05-29 00:38:38,646,NORMAL,60.2,60.9651,62.5246,2.5256,27.1229,9.1974,60.5612,63.0837,4.9956,23.1831,3.5094,19.7768,7.6051,7.9869,0.0002,0.0000,0.0000,0.0000
4,hasta_001,1780004318.332,2026-05-29 00:38:38,647,NORMAL,59.7,61.6425,62.5157,1.4067,26.7676,9.4719,60.4808,62.8513,4.8105,23.2828,3.4391,19.7768,7.6051,7.9117,0.0001,0.0000,0.0000,0.0000
4,hasta_001,1780004318.375,2026-05-29 00:38:38,648,NORMAL,58.2,62.4274,62.5405,0.1810,26.3037,9.7557,60.4220,62.6554,4.6343,23.3851,3.3436,19.7768,7.6051,7.8469,0.0001,0.0000,0.0000,0.0000
4,hasta_001,1780004318.410,2026-05-29 00:38:38,649,NORMAL,58.2,63.0108,62.5166,0.7875,26.0014,9.9704,60.3897,62.4965,4.4760,23.4848,3.2401,19.7768,7.6051,7.7822,0.0001,0.0000,0.0000,0.0000
4,hasta_001,1780004318.454,2026-05-29 00:38:38,650,NORMAL,57.7,63.6681,62.5237,1.8137,25.6858,10.1853,60.3855,62.3827,4.3485,23.5834,3.1233,19.7768,7.6051,7.7157,0.0005,0.0000,0.0000,0.0000
4,hasta_001,1780004318.508,2026-05-29 00:38:38,651,NORMAL,57.7,64.2742,62.3965,2.9646,25.4309,10.4033,60.4151,62.3069,4.2374,23.6814,2.9926,19.7768,7.6051,7.6461,0.0008,0.0000,0.0000,0.0000
4,hasta_001,1780004318.590,2026-05-29 00:38:38,652,NORMAL,57.2,64.7182,62.0982,4.1320,25.4538,10.8116,60.4705,62.2610,4.1453,23.7801,2.8507,19.7768,7.6051,7.5738,0.0009,0.0000,0.0000,0.0000
4,hasta_001,1780004318.638,2026-05-29 00:38:38,653,NORMAL,57.2,64.7993,61.7767,4.7759,25.4738,10.9924,60.5423,62.2317,4.0602,23.8775,2.7035,19.7768,7.6051,7.5000,0.0013,0.0000,0.0000,0.0000
4,hasta_001,1780004318.691,2026-05-29 00:38:38,654,NORMAL,56.7,64.7128,61.3131,5.3952,25.4500,11.0854,60.6551,62.2428,3.9733,23.9688,2.5666,19.7768,7.6051,7.4155,0.0012,0.0000,0.0000,0.0000
4,hasta_001,1780004318.764,2026-05-29 00:38:38,655,NORMAL,56.7,64.5554,60.8295,5.9432,25.3528,11.1499,60.8265,62.3034,3.8592,24.0514,2.4475,19.7768,7.6051,7.2966,0.0022,0.0000,0.0000,0.0000
4,hasta_001,1780004318.833,2026-05-29 00:38:38,656,NORMAL,56.7,64.7457,60.4938,6.7901,25.1575,11.0562,60.8810,62.3348,3.8945,24.0528,2.4480,19.7768,7.6051,7.2929,0.0021,0.0000,0.0000,0.0000
4,hasta_001,1780004318.869,2026-05-29 00:38:38,657,NORMAL,57.2,64.9725,60.2059,7.6157,24.9832,11.0007,60.9313,62.3625,3.9283,24.0531,2.4482,19.7768,7.6051,7.2968,0.0020,0.0000,0.0000,0.0000
4,hasta_001,1780004318.920,2026-05-29 00:38:38,658,NORMAL,57.2,65.3153,59.5896,9.1681,24.8095,10.9596,60.9793,62.3850,3.9665,24.0513,2.4475,19.7768,7.6051,7.3085,0.0019,0.0000,0.0000,0.0000
4,hasta_001,1780004318.988,2026-05-29 00:38:38,659,NORMAL,57.0,65.5580,58.8690,10.7517,24.2868,10.8526,61.0268,62.4016,4.0135,24.0454,2.4461,19.7768,7.6051,7.3231,0.0016,0.0000,0.0000,0.0000
4,hasta_001,1780004319.045,2026-05-29 00:38:39,660,NORMAL,57.0,65.4731,58.2884,11.6106,23.6198,10.7238,61.0689,62.4115,4.0633,24.0344,2.4450,19.7768,7.6051,7.3394,0.0017,0.0000,0.0000,0.0000
4,hasta_001,1780004319.103,2026-05-29 00:38:39,661,NORMAL,56.8,65.1442,57.5243,12.4236,22.6531,10.4881,61.1051,62.4124,4.1190,24.0153,2.4468,19.7768,7.6051,7.3563,0.0018,0.0000,0.0000,0.0000
4,hasta_001,1780004319.150,2026-05-29 00:38:39,662,NORMAL,56.3,64.7593,56.9902,12.7624,21.8566,10.1684,61.1352,62.4037,4.1819,23.9876,2.4522,19.7768,7.6051,7.3701,0.0019,0.0000,0.0000,0.0000
4,hasta_001,1780004319.189,2026-05-29 00:38:39,663,NORMAL,56.8,64.3273,56.6760,12.6464,21.1321,9.7551,61.1583,62.3832,4.2539,23.9494,2.4607,19.7768,7.6051,7.3789,0.0020,0.0000,0.0000,0.0000
4,hasta_001,1780004319.243,2026-05-29 00:38:39,664,NORMAL,60.3,63.7483,56.3459,12.3277,20.3072,9.0672,61.1746,62.3496,4.3373,23.8987,2.4725,19.7768,7.6051,7.3813,0.0021,0.0000,0.0000,0.0000
4,hasta_001,1780004319.281,2026-05-29 00:38:39,665,NORMAL,62.5,63.3021,56.1570,11.9624,19.7167,8.5178,61.1838,62.3032,4.4307,23.8408,2.4884,19.7768,7.6051,7.3787,0.0022,0.0000,0.0000,0.0000
4,hasta_001,1780004319.343,2026-05-29 00:38:39,666,NORMAL,64.5,62.7257,56.0029,11.3248,18.9055,7.7009,61.1832,62.2424,4.5185,23.7772,2.5160,19.7768,7.6051,7.3692,0.0023,0.0000,0.0000,0.0000
4,hasta_001,1780004319.400,2026-05-29 00:38:39,667,NORMAL,65.0,62.5802,56.0211,11.0607,17.9310,6.9432,61.1794,62.1722,4.5924,23.7084,2.5617,19.7768,7.6051,7.3530,0.0025,0.0000,0.0000,0.0000
4,hasta_001,1780004319.467,2026-05-29 00:38:39,668,NORMAL,71.0,62.6007,56.0645,11.0163,16.3246,6.1615,61.1758,62.0956,4.6552,23.6297,2.6410,19.7768,7.6051,7.3317,0.0026,0.0000,0.0000,0.0000
4,hasta_001,1780004319.524,2026-05-29 00:38:39,669,NORMAL,72.0,62.6496,55.9745,11.2543,15.3688,5.6306,61.1750,62.0126,4.7076,23.5459,2.7403,19.7768,7.6051,7.3076,0.0027,0.0000,0.0000,0.0000
4,hasta_001,1780004319.604,2026-05-29 00:38:39,670,NORMAL,72.0,62.8972,55.9653,11.6638,14.6269,5.2706,61.1819,61.9249,4.7475,23.4606,2.8549,19.7768,7.6051,7.2820,0.0029,0.0000,0.0000,0.0000
4,hasta_001,1780004319.660,2026-05-29 00:38:39,671,NORMAL,72.0,63.1724,55.9722,12.0865,14.4459,4.9881,61.1996,61.8346,4.7731,23.3820,2.9699,19.7768,7.6051,7.2556,0.0031,0.0000,0.0000,0.0000
4,hasta_001,1780004319.713,2026-05-29 00:38:39,672,NORMAL,71.8,63.4001,56.0762,12.2600,14.4798,4.6437,61.2306,61.7467,4.7837,23.3135,3.0777,19.7768,7.6051,7.2260,0.0033,0.0000,0.0000,0.0000
4,hasta_001,1780004319.771,2026-05-29 00:38:39,673,NORMAL,72.4,63.5548,56.1868,12.3066,14.6751,4.2732,61.2831,61.6656,4.7690,23.2642,3.1670,19.7768,7.6051,7.1901,0.0033,0.0000,0.0000,0.0000
4,hasta_001,1780004319.818,2026-05-29 00:38:39,674,NORMAL,72.6,63.5730,56.3071,12.1219,14.8906,4.2101,61.3496,61.5907,4.7364,23.2330,3.2303,19.7768,7.6051,7.1503,0.0034,0.0000,0.0000,0.0000
4,hasta_001,1780004319.849,2026-05-29 00:38:39,675,NORMAL,68.1,63.5836,56.3671,12.0326,15.0549,4.2652,61.4262,61.5245,4.6973,23.2136,3.2720,19.7768,7.6051,7.1067,0.0035,0.5000,0.0000,0.0000
4,hasta_001,1780004319.903,2026-05-29 00:38:39,676,NORMAL,67.5,63.5769,56.5376,11.7210,15.3556,4.4890,61.5080,61.4655,4.6551,23.2012,3.2988,19.7768,7.6051,7.0628,0.0036,0.5000,0.0000,0.0000
4,hasta_001,1780004319.950,2026-05-29 00:38:39,677,NORMAL,67.5,63.8588,57.0546,11.2547,15.6924,4.8308,61.5969,61.4191,4.6130,23.1930,3.3162,19.7768,7.6051,7.0213,0.0036,0.5000,0.0000,0.0000
4,hasta_001,1780004320.021,2026-05-29 00:38:40,678,NORMAL,72.0,63.9511,57.7454,10.1986,16.2118,5.3254,61.6936,61.3935,4.5734,23.1863,3.3295,19.7768,7.6051,6.9864,0.0037,0.0000,0.0000,0.0000
4,hasta_001,1780004320.079,2026-05-29 00:38:40,679,NORMAL,72.0,64.1355,58.0424,9.9742,16.6606,5.5725,61.7948,61.3842,4.5488,23.1772,3.3458,19.7768,7.6051,6.9580,0.0036,0.0000,0.0000,0.0000
4,hasta_001,1780004320.115,2026-05-29 00:38:40,680,NORMAL,72.0,64.7115,58.4657,10.1411,16.9119,5.6827,61.9026,61.3934,4.5481,23.1590,3.3738,24.1252,6.9609,6.9392,0.0033,0.0000,0.0000,0.0000
4,hasta_001,1780004320.167,2026-05-29 00:38:40,681,NORMAL,72.0,65.6583,58.7755,11.0626,17.2107,5.7924,62.0157,61.4121,4.5721,23.1387,3.4020,24.1252,6.9609,6.9222,0.0031,0.0000,0.0000,0.0000
4,hasta_001,1780004320.213,2026-05-29 00:38:40,682,NORMAL,72.0,66.5497,59.3204,11.4869,17.5840,5.8709,62.1314,61.4371,4.6121,23.1162,3.4297,24.1252,6.9609,6.9042,0.0029,0.0000,0.0000,0.0000
4,hasta_001,1780004320.261,2026-05-29 00:38:40,683,NORMAL,71.3,67.3580,59.3856,12.5804,18.0950,5.8864,62.2520,61.4616,4.6624,23.0935,3.4537,24.1252,6.9609,6.8833,0.0027,0.0000,0.0000,0.0000
4,hasta_001,1780004320.327,2026-05-29 00:38:40,684,NORMAL,71.3,68.2942,59.1441,14.3602,18.7020,5.9669,62.3787,61.4807,4.7251,23.0709,3.4734,24.1252,6.9609,6.8619,0.0027,0.0000,0.0000,0.0000
4,hasta_001,1780004320.362,2026-05-29 00:38:40,685,NORMAL,67.0,68.7005,58.7430,15.6265,18.9663,6.0738,62.5037,61.4916,4.7996,23.0448,3.4924,24.1252,6.9609,6.8433,0.0026,0.0000,0.0000,0.0000
4,hasta_001,1780004320.413,2026-05-29 00:38:40,686,NORMAL,63.3,69.0062,57.9241,17.4616,19.1201,6.2385,62.6272,61.4902,4.8870,23.0134,3.5105,24.1252,6.9609,6.8293,0.0028,0.0000,0.0000,0.0000
4,hasta_001,1780004320.458,2026-05-29 00:38:40,687,NORMAL,57.8,69.1212,57.2422,18.8014,19.2719,6.4057,62.7481,61.4760,4.9800,22.9738,3.5257,24.1252,6.9609,6.8223,0.0028,0.0000,0.0000,0.0000
4,hasta_001,1780004320.509,2026-05-29 00:38:40,688,NORMAL,56.8,69.1648,56.4822,20.1877,19.3857,6.5824,62.8657,61.4503,5.0828,22.9294,3.5371,24.1252,6.9609,6.8206,0.0029,0.0000,0.0000,0.0000
4,hasta_001,1780004320.571,2026-05-29 00:38:40,689,NORMAL,56.2,68.9338,55.9645,20.7678,19.3395,6.4428,62.9787,61.4161,5.1878,22.8797,3.5452,24.1252,6.9609,6.8211,0.0028,0.0000,0.0000,0.0000
4,hasta_001,1780004320.639,2026-05-29 00:38:40,690,NORMAL,62.7,68.2797,55.5648,20.5338,19.3129,5.9849,63.0810,61.3709,5.2880,22.8285,3.5520,24.1252,6.9609,6.8202,0.0028,0.0000,0.0000,0.0000
4,hasta_001,1780004320.692,2026-05-29 00:38:40,691,NORMAL,62.7,67.4150,55.2079,19.9099,19.3079,5.4558,63.1687,61.3171,5.3869,22.7790,3.5593,24.1252,6.9609,6.8143,0.0028,0.0000,0.0000,0.0000
4,hasta_001,1780004320.743,2026-05-29 00:38:40,692,NORMAL,63.7,66.3668,54.8704,18.9651,19.3616,4.8431,63.2420,61.2572,5.4824,22.7317,3.5667,24.1252,6.9609,6.8018,0.0028,0.0000,0.0000,0.0000
4,hasta_001,1780004320.791,2026-05-29 00:38:40,693,NORMAL,65.9,65.2583,54.3862,18.1741,19.4498,4.1556,63.2990,61.1904,5.5789,22.6871,3.5740,24.1252,6.9609,6.7815,0.0028,0.0000,0.0000,0.0000
4,hasta_001,1780004320.853,2026-05-29 00:38:40,694,NORMAL,66.0,64.2845,54.0844,17.2345,19.5264,3.3692,63.3402,61.1206,5.6798,22.6442,3.5808,24.1252,6.9609,6.7516,0.0027,0.0000,0.0000,0.0000
4,hasta_001,1780004320.889,2026-05-29 00:38:40,695,NORMAL,68.7,63.6961,53.8951,16.6696,19.5730,2.8356,63.3673,61.0485,5.7902,22.6046,3.5882,24.1252,6.9609,6.7171,0.0027,0.0000,0.0000,0.0000
4,hasta_001,1780004320.923,2026-05-29 00:38:40,696,NORMAL,68.8,63.3108,53.7823,16.2750,19.6304,2.3191,63.3842,60.9752,5.9084,22.5687,3.5963,24.1252,6.9609,6.6799,0.0027,0.0000,0.0000,0.0000
4,hasta_001,1780004320.965,2026-05-29 00:38:40,697,NORMAL,68.7,63.1523,53.8669,15.8699,19.6839,1.7911,63.3916,60.9016,6.0348,22.5364,3.6046,24.1252,6.9609,6.6418,0.0028,0.0000,0.0000,0.0000
4,hasta_001,1780004321.016,2026-05-29 00:38:41,698,NORMAL,70.9,63.3705,54.2748,15.4629,19.7584,1.5325,63.3987,60.8340,6.1619,22.5043,3.6120,24.1252,6.9609,6.6043,0.0028,0.0000,0.0000,0.0000
4,hasta_001,1780004321.064,2026-05-29 00:38:41,699,NORMAL,70.9,63.7213,54.7857,15.0802,19.8078,1.4482,63.4058,60.7698,6.2825,22.4726,3.6189,24.1252,6.9609,6.5703,0.0027,0.0000,0.0000,0.0000
4,hasta_001,1780004321.124,2026-05-29 00:38:41,700,NORMAL,71.4,64.2344,55.5423,14.5138,19.8629,1.4722,63.4136,60.7099,6.3961,22.4414,3.6251,24.1252,6.9609,6.5440,0.0026,0.0000,0.0000,0.0000
4,hasta_001,1780004321.173,2026-05-29 00:38:41,701,NORMAL,71.4,64.6374,56.1185,14.1091,19.8654,1.4643,63.4230,60.6523,6.5072,22.4102,3.6310,24.1252,6.9609,6.5242,0.0027,0.0000,0.0000,0.0000
4,hasta_001,1780004321.212,2026-05-29 00:38:41,702,NORMAL,71.4,64.9382,56.5782,13.7595,19.8789,1.4264,63.4333,60.5934,6.6211,22.3787,3.6364,24.1252,6.9609,6.5125,0.0027,0.0000,0.0000,0.0000
4,hasta_001,1780004321.274,2026-05-29 00:38:41,703,NORMAL,71.4,65.1727,57.0193,13.3451,19.8628,1.3495,63.4465,60.5336,6.7244,22.3462,3.6413,24.1252,6.9609,6.5044,0.0027,0.0000,0.0000,0.0000
4,hasta_001,1780004321.331,2026-05-29 00:38:41,704,NORMAL,71.9,65.2290,57.3111,12.9230,19.9102,1.2484,63.4636,60.4768,6.8196,22.3127,3.6451,24.1252,6.9609,6.4972,0.0026,0.0000,0.0000,0.0000
4,hasta_001,1780004321.372,2026-05-29 00:38:41,705,NORMAL,72.9,65.1150,57.4564,12.4965,20.0039,1.1427,63.4817,60.4218,6.9092,22.2792,3.6477,24.1252,6.9609,6.4890,0.0028,0.0000,0.0000,0.0000
4,hasta_001,1780004321.410,2026-05-29 00:38:41,706,NORMAL,72.9,65.0223,57.5275,12.2314,20.1218,1.0152,63.5008,60.3723,7.0013,22.2466,3.6494,24.1252,6.9609,6.4783,0.0027,0.0000,0.0000,0.0000
4,hasta_001,1780004321.466,2026-05-29 00:38:41,707,NORMAL,73.1,64.8577,57.5754,11.8961,20.3064,0.8248,63.5212,60.3291,7.0959,22.2168,3.6505,24.1252,6.9609,6.4672,0.0028,0.0000,0.0000,0.0000
4,hasta_001,1780004321.513,2026-05-29 00:38:41,708,NORMAL,73.1,64.7191,57.5656,11.6997,20.4004,0.6717,63.5413,60.2884,7.1915,22.1892,3.6516,24.1252,6.9609,6.4571,0.0028,0.0000,0.0000,0.0000
4,hasta_001,1780004321.561,2026-05-29 00:38:41,709,NORMAL,73.1,64.5159,57.4754,11.5425,20.4832,0.5471,63.5622,60.2480,7.2834,22.1644,3.6530,24.1252,6.9609,6.4500,0.0028,0.0000,0.0000,0.0000
4,hasta_001,1780004321.613,2026-05-29 00:38:41,710,NORMAL,73.1,64.2950,57.3708,11.3824,20.5527,0.4589,63.5886,60.2081,7.3642,22.1427,3.6547,24.1252,6.9609,6.4419,0.0028,0.0000,0.0000,0.0000
4,hasta_001,1780004321.678,2026-05-29 00:38:41,711,NORMAL,73.1,64.0554,57.2160,11.2796,20.6079,0.4449,63.6100,60.1664,7.4484,22.1246,3.6569,24.1252,6.9609,6.4313,0.0029,0.0000,0.0000,0.0000
4,hasta_001,1780004321.730,2026-05-29 00:38:41,712,NORMAL,73.1,63.9088,57.1153,11.2268,20.6504,0.4538,63.6340,60.1271,7.5310,22.1081,3.6591,24.1252,6.9609,6.4179,0.0029,0.0000,0.0000,0.0000
4,hasta_001,1780004321.783,2026-05-29 00:38:41,713,NORMAL,73.1,63.8435,57.1094,11.1352,20.7750,0.4622,63.6665,60.0975,7.6141,22.0950,3.6610,24.1252,6.9609,6.3987,0.0029,0.0000,0.0000,0.0000
4,hasta_001,1780004321.849,2026-05-29 00:38:41,714,NORMAL,73.1,63.7874,57.1163,11.0354,20.9182,0.4957,63.7099,60.0821,7.7006,22.0855,3.6626,24.1252,6.9609,6.3723,0.0029,0.0000,0.0000,0.0000
4,hasta_001,1780004321.905,2026-05-29 00:38:41,715,NORMAL,73.1,63.7096,57.1216,10.9044,20.9694,0.5544,63.7597,60.0746,7.7872,22.0786,3.6639,24.1252,6.9609,6.3397,0.0029,0.0000,0.0000,0.0000
4,hasta_001,1780004321.954,2026-05-29 00:38:41,716,NORMAL,73.1,63.6646,57.0290,10.9959,21.0038,0.5934,63.8120,60.0687,7.8738,22.0735,3.6649,24.1252,6.9609,6.3026,0.0030,0.0000,0.0000,0.0000
4,hasta_001,1780004322.034,2026-05-29 00:38:42,717,NORMAL,73.1,63.6584,56.7267,11.5159,21.0056,0.5870,63.8642,60.0613,7.9667,22.0695,3.6658,24.1252,6.9609,6.2604,0.0030,0.0000,0.0000,0.0000
4,hasta_001,1780004322.091,2026-05-29 00:38:42,718,NORMAL,72.9,63.6734,56.3346,12.2305,21.0326,0.5044,63.9147,60.0500,8.0674,22.0665,3.6665,24.1252,6.9609,6.2127,0.0030,0.0000,0.0000,0.0000
4,hasta_001,1780004322.136,2026-05-29 00:38:42,719,NORMAL,72.4,63.7037,55.9468,12.9660,21.0993,0.3948,63.9618,60.0331,8.1742,22.0644,3.6670,24.1252,6.9609,6.1585,0.0030,0.0000,0.0000,0.0000
4,hasta_001,1780004322.186,2026-05-29 00:38:42,720,NORMAL,66.4,63.7850,55.4885,13.9117,21.1375,0.3244,64.0041,60.0071,8.2886,22.0617,3.6676,24.1252,6.9609,6.0982,0.0030,1.0000,0.0000,0.0000
4,hasta_001,1780004322.221,2026-05-29 00:38:42,721,NORMAL,66.4,63.8886,55.0547,14.8539,21.0539,0.3364,64.0374,59.9680,8.4106,22.0550,3.6687,24.1252,6.9609,6.0320,0.0031,1.0000,0.0000,0.0000
4,hasta_001,1780004322.284,2026-05-29 00:38:42,722,NORMAL,66.9,64.0941,54.3493,16.4548,20.8961,0.4346,64.0608,59.9149,8.5399,22.0411,3.6699,24.1252,6.9609,5.9599,0.0031,1.0000,0.0000,0.0000
4,hasta_001,1780004322.342,2026-05-29 00:38:42,723,NORMAL,66.2,64.3793,53.8676,17.7794,20.8383,0.5642,64.0791,59.8518,8.6781,22.0217,3.6700,24.1252,6.9609,5.8855,0.0031,1.0000,0.0000,0.0000
4,hasta_001,1780004322.394,2026-05-29 00:38:42,724,NORMAL,65.6,64.6146,53.5264,18.7712,20.7822,0.6935,64.0934,59.7803,8.8239,21.9954,3.6675,24.1252,6.9609,5.8091,0.0030,1.0000,0.0000,0.0000
4,hasta_001,1780004322.446,2026-05-29 00:38:42,725,NORMAL,64.1,64.8794,53.2960,19.6038,20.7224,0.8174,64.1028,59.7012,8.9747,21.9598,3.6590,24.1252,6.9609,5.7307,0.0030,1.0000,0.0000,0.0000
4,hasta_001,1780004322.488,2026-05-29 00:38:42,726,NORMAL,62.6,65.1091,53.1443,20.2359,20.6694,0.9414,64.1106,59.6183,9.1292,21.9177,3.6445,24.1252,6.9609,5.6519,0.0030,1.0000,0.0000,0.0000
4,hasta_001,1780004322.561,2026-05-29 00:38:42,727,NORMAL,61.6,65.4140,52.9709,21.0214,20.5473,1.1030,64.1225,59.5339,9.2927,21.8729,3.6280,24.1252,6.9609,5.5738,0.0030,1.0000,0.0000,0.0000
4,hasta_001,1780004322.634,2026-05-29 00:38:42,728,NORMAL,60.6,65.6459,52.9674,21.3780,20.5023,1.2381,64.1392,59.4492,9.4641,21.8274,3.6106,24.1252,6.9609,5.4965,0.0030,1.0000,0.0000,0.0000
4,hasta_001,1780004322.697,2026-05-29 00:38:42,729,NORMAL,60.1,65.7227,53.0199,21.3955,20.5000,1.3324,64.1574,59.3629,9.6403,21.7827,3.5935,24.1252,6.9609,5.4203,0.0030,1.0000,0.0000,0.0000
4,hasta_001,1780004322.740,2026-05-29 00:38:42,730,NORMAL,60.1,65.7911,53.0781,21.3900,20.4856,1.3850,64.1752,59.2749,9.8182,21.7389,3.5770,24.1252,6.9609,5.3453,0.0030,1.0000,0.0000,0.0000
4,hasta_001,1780004322.784,2026-05-29 00:38:42,731,NORMAL,60.1,65.8568,53.1971,21.2673,20.4246,1.4347,64.1913,59.1879,9.9918,21.6961,3.5617,24.1252,6.9609,5.2720,0.0030,1.0000,0.0000,0.0000
4,hasta_001,1780004322.840,2026-05-29 00:38:42,732,NORMAL,60.1,66.0000,53.3602,21.1792,20.3828,1.4918,64.2052,59.1012,10.1609,21.6544,3.5475,24.1252,6.9609,5.2016,0.0031,1.0000,0.0000,0.0000
4,hasta_001,1780004322.875,2026-05-29 00:38:42,733,NORMAL,60.6,66.0466,53.4703,21.0453,20.3000,1.5268,64.2144,59.0126,10.3254,21.6145,3.5355,24.1252,6.9609,5.1353,0.0031,1.0000,0.0000,0.0000
4,hasta_001,1780004322.933,2026-05-29 00:38:42,734,NORMAL,60.6,66.1108,53.6898,20.7361,20.1533,1.5923,64.2236,58.9288,10.4818,21.5755,3.5257,24.1252,6.9609,5.0725,0.0032,1.0000,0.0000,0.0000
4,hasta_001,1780004322.992,2026-05-29 00:38:42,735,NORMAL,61.6,66.0456,53.7448,20.5372,20.0541,1.6372,64.2483,58.8432,10.6408,21.5378,3.5175,24.1252,6.9609,5.0143,0.0033,1.0000,0.0000,0.0000
4,hasta_001,1780004323.032,2026-05-29 00:38:43,736,NORMAL,61.6,66.0309,53.8395,20.3411,20.0110,1.6557,64.2621,58.7422,10.7900,21.5017,3.5108,24.1252,6.9609,4.9592,0.0033,1.0000,0.0000,0.0000
4,hasta_001,1780004323.077,2026-05-29 00:38:43,737,NORMAL,61.6,66.0393,53.9615,20.1295,19.9775,1.6714,64.2586,58.6277,10.9424,21.4672,3.5052,24.1252,6.9609,4.9081,0.0032,1.0000,0.0000,0.0000
4,hasta_001,1780004323.127,2026-05-29 00:38:43,738,NORMAL,61.6,66.0555,54.1388,19.8290,19.9660,1.6961,64.2469,58.5041,11.0891,21.4332,3.4998,24.1252,6.9609,4.8632,0.0033,1.0000,0.0000,0.0000
4,hasta_001,1780004323.192,2026-05-29 00:38:43,739,NORMAL,61.6,66.1115,54.2476,19.7142,19.9655,1.7402,64.2314,58.3737,11.2301,21.3995,3.4943,24.1252,6.9609,4.8259,0.0034,1.0000,0.0000,0.0000
4,hasta_001,1780004323.247,2026-05-29 00:38:43,740,NORMAL,61.6,66.1114,54.2728,19.6680,19.9684,1.7834,64.2135,58.2423,11.3725,21.3662,3.4887,24.1252,6.9609,4.7922,0.0034,1.0000,0.0000,0.0000
4,hasta_001,1780004323.299,2026-05-29 00:38:43,741,NORMAL,61.6,66.1003,54.2727,19.6515,19.9655,1.8303,64.1980,58.1166,11.5194,21.3334,3.4833,24.1252,6.9609,4.7601,0.0034,1.0000,0.0000,0.0000
4,hasta_001,1780004323.341,2026-05-29 00:38:43,742,NORMAL,62.1,66.0401,54.3001,19.5113,19.9851,1.8730,64.1873,57.9974,11.6664,21.3005,3.4772,24.1252,6.9609,4.7288,0.0035,1.0000,0.0000,0.0000
4,hasta_001,1780004323.400,2026-05-29 00:38:43,743,NORMAL,62.1,65.9770,54.2598,19.4901,20.0479,1.9003,64.1784,57.8808,11.8139,21.2686,3.4710,24.1252,6.9609,4.6973,0.0034,1.0000,0.0000,0.0000
4,hasta_001,1780004323.455,2026-05-29 00:38:43,744,NORMAL,62.1,66.0271,54.3006,19.4908,20.1277,1.9221,64.1712,57.7657,11.9612,21.2380,3.4647,24.1252,6.9609,4.6657,0.0034,1.0000,0.0000,0.0000
4,hasta_001,1780004323.514,2026-05-29 00:38:43,745,NORMAL,62.1,66.0436,54.3268,19.4679,20.2247,1.9512,64.1648,57.6536,12.1114,21.2089,3.4584,24.1252,6.9609,4.6336,0.0034,1.0000,0.0000,0.0000
4,hasta_001,1780004323.578,2026-05-29 00:38:43,746,NORMAL,62.6,66.0527,54.4970,19.1718,20.2843,1.9861,64.1595,57.5449,12.2606,21.1815,3.4526,24.1252,6.9609,4.6016,0.0035,1.0000,0.0000,0.0000
4,hasta_001,1780004323.618,2026-05-29 00:38:43,747,NORMAL,62.6,66.1064,54.6054,19.0553,20.3788,2.0029,64.1584,57.4387,12.4056,21.1553,3.4466,24.1252,6.9609,4.5695,0.0035,1.0000,0.0000,0.0000
4,hasta_001,1780004323.674,2026-05-29 00:38:43,748,NORMAL,63.1,66.1886,54.7569,18.9038,20.4941,2.0361,64.1590,57.3332,12.5468,21.1307,3.4408,24.1252,6.9609,4.5367,0.0035,1.0000,0.0000,0.0000
4,hasta_001,1780004323.712,2026-05-29 00:38:43,749,NORMAL,63.1,66.2350,54.8676,18.7732,20.5793,2.0696,64.1601,57.2288,12.6870,21.1078,3.4352,24.1252,6.9609,4.5032,0.0036,1.0000,0.0000,0.0000
4,hasta_001,1780004323.768,2026-05-29 00:38:43,750,NORMAL,62.4,66.2839,55.1181,18.3948,20.6485,2.1336,64.1618,57.1265,12.8241,21.0860,3.4298,24.1252,6.9609,4.4699,0.0036,1.0000,0.0000,0.0000
4,hasta_001,1780004323.828,2026-05-29 00:38:43,751,NORMAL,62.9,66.3796,55.4107,18.0128,20.7527,2.2149,64.1677,57.0281,12.9548,21.0661,3.4247,24.1252,6.9609,4.4378,0.0037,1.0000,0.0000,0.0000
4,hasta_001,1780004323.867,2026-05-29 00:38:43,752,NORMAL,63.9,66.3782,55.4200,17.9941,20.8320,2.2610,64.1750,56.9291,13.0821,21.0478,3.4200,24.1252,6.9609,4.4068,0.0040,0.5000,0.0000,0.0000
4,hasta_001,1780004323.898,2026-05-29 00:38:43,753,NORMAL,65.9,66.3420,55.3952,17.9843,20.8785,2.2995,64.1887,56.8331,13.2039,21.0300,3.4153,24.1252,6.9609,4.3764,0.0044,0.0000,0.0000,0.0000
4,hasta_001,1780004323.954,2026-05-29 00:38:43,754,NORMAL,66.0,66.2852,55.4277,17.8412,20.8680,2.3637,64.2146,56.7452,13.3166,21.0089,3.4084,24.1252,6.9609,4.3466,0.0048,0.0000,0.0000,0.0000
4,hasta_001,1780004324.008,2026-05-29 00:38:44,755,NORMAL,66.0,66.2641,55.4852,17.7068,20.8884,2.4256,64.2701,56.6850,13.4216,20.9721,3.3856,24.1252,6.9609,4.3161,0.0049,0.0000,0.0000,0.0000
4,hasta_001,1780004324.051,2026-05-29 00:38:44,756,NORMAL,66.0,66.2760,55.5582,17.5941,20.8874,2.4640,64.3587,56.6639,13.5325,20.9178,3.3339,24.1252,6.9609,4.2851,0.0050,0.0000,0.0000,0.0000
4,hasta_001,1780004324.109,2026-05-29 00:38:44,757,NORMAL,66.0,66.1923,55.5997,17.3946,20.8306,2.5068,64.4615,56.6515,13.6289,20.8563,3.2662,24.1252,6.9609,4.2548,0.0050,0.0000,0.0000,0.0000
4,hasta_001,1780004324.175,2026-05-29 00:38:44,758,NORMAL,66.0,66.1896,55.7103,17.1933,20.7923,2.5662,64.5658,56.6400,13.7206,20.7913,3.1882,24.1252,6.9609,4.2252,0.0049,0.0000,0.0000,0.0000
4,hasta_001,1780004324.222,2026-05-29 00:38:44,759,NORMAL,66.0,66.2759,55.7506,17.2508,20.7747,2.6122,64.6653,56.6242,13.8152,20.7244,3.1024,24.1252,6.9609,4.1949,0.0048,0.0000,0.0000,0.0000
4,hasta_001,1780004324.253,2026-05-29 00:38:44,760,NORMAL,66.0,66.3141,55.6292,17.5244,20.7513,2.6369,64.7586,56.6016,13.9138,20.6573,3.0129,24.1252,6.9609,4.1629,0.0047,0.0000,0.0000,0.0000
4,hasta_001,1780004324.283,2026-05-29 00:38:44,761,NORMAL,66.0,66.3929,55.5367,17.8074,20.7430,2.6486,64.8460,56.5725,14.0170,20.5904,2.9196,24.1252,6.9609,4.1289,0.0046,0.0000,0.0000,0.0000
4,hasta_001,1780004324.314,2026-05-29 00:38:44,762,NORMAL,65.9,66.4600,55.4505,18.0615,20.7247,2.6616,64.9228,56.5331,14.1259,20.5248,2.8259,24.1252,6.9609,4.0902,0.0046,0.0000,0.0000,0.0000
4,hasta_001,1780004324.344,2026-05-29 00:38:44,763,NORMAL,65.4,66.6192,55.3827,18.4202,20.7279,2.6785,64.9900,56.4849,14.2430,20.4608,2.7321,24.1252,6.9609,4.0471,0.0045,0.0000,0.0000,0.0000
4,hasta_001,1780004324.374,2026-05-29 00:38:44,764,NORMAL,65.4,66.7642,55.3339,18.7231,20.7728,2.6926,65.0487,56.4286,14.3667,20.4019,2.6471,24.1252,6.9609,3.9983,0.0044,0.0000,0.0000,0.0000
4,hasta_001,1780004324.404,2026-05-29 00:38:44,765,NORMAL,65.4,66.8821,55.3516,18.8663,20.8291,2.7124,65.1023,56.3696,14.4969,20.3469,2.5679,24.1252,6.9609,3.9463,0.0043,0.0000,0.0000,0.0000
4,hasta_001,1780004324.440,2026-05-29 00:38:44,766,NORMAL,64.9,66.9732,55.3599,18.9864,20.8494,2.7459,65.1524,56.3099,14.6341,20.2946,2.4922,24.1252,6.9609,3.8925,0.0042,0.0000,0.0000,0.0000
4,hasta_001,1780004324.494,2026-05-29 00:38:44,767,NORMAL,64.9,67.0358,55.3692,19.0624,20.8518,2.7989,65.1973,56.2503,14.7812,20.2453,2.4211,24.1252,6.9609,3.8369,0.0041,0.0000,0.0000,0.0000
4,hasta_001,1780004324.563,2026-05-29 00:38:44,768,NORMAL,65.4,67.1023,55.5702,18.8013,20.8809,2.8654,65.2363,56.1922,14.9364,20.2001,2.3574,24.1252,6.9609,3.7795,0.0040,0.0000,0.0000,0.0000
4,hasta_001,1780004324.609,2026-05-29 00:38:44,769,NORMAL,65.9,67.0347,55.8116,18.2717,20.9322,2.9295,65.2698,56.1363,15.0821,20.1579,2.2977,24.1252,6.9609,3.7208,0.0039,0.0000,0.0000,0.0000
4,hasta_001,1780004324.660,2026-05-29 00:38:44,770,NORMAL,66.0,66.9552,56.1336,17.5834,21.1124,3.0046,65.2972,56.0831,15.2135,20.1198,2.2430,24.1252,6.9609,3.6610,0.0039,0.0000,0.0000,0.0000
4,hasta_001,1780004324.706,2026-05-29 00:38:44,771,NORMAL,68.7,66.8044,56.3953,16.8980,21.2409,3.0739,65.3183,56.0331,15.3296,20.0848,2.1921,24.1252,6.9609,3.5999,0.0038,0.0000,0.0000,0.0000
4,hasta_001,1780004324.760,2026-05-29 00:38:44,772,NORMAL,68.8,66.6442,56.7847,15.9759,21.3854,3.1944,65.3343,55.9888,15.4283,20.0509,2.1396,24.1252,6.9609,3.5364,0.0037,0.0000,0.0000,0.0000
4,hasta_001,1780004324.818,2026-05-29 00:38:44,773,NORMAL,71.9,66.5782,57.3245,14.9370,21.5332,3.3131,65.3492,55.9517,15.5130,20.0181,2.0857,24.1252,6.9609,3.4725,0.0036,0.0000,0.0000,0.0000
4,hasta_001,1780004324.865,2026-05-29 00:38:44,774,NORMAL,71.9,66.4859,57.8315,13.9232,21.5678,3.4029,65.3639,55.9227,15.5840,19.9858,2.0306,24.1252,6.9609,3.4084,0.0035,0.0000,0.0000,0.0000
4,hasta_001,1780004324.945,2026-05-29 00:38:44,775,NORMAL,71.9,66.5251,58.6689,12.5503,21.6476,3.5037,65.3803,55.9047,15.6391,19.9549,1.9762,24.1252,6.9609,3.3447,0.0034,0.0000,0.0000,0.0000
4,hasta_001,1780004324.998,2026-05-29 00:38:44,776,NORMAL,72.6,66.5325,58.9598,12.0689,21.6091,3.5584,65.3952,55.8919,15.6831,19.9253,1.9240,24.1252,6.9609,3.2822,0.0033,0.0000,0.0000,0.0000
4,hasta_001,1780004325.050,2026-05-29 00:38:45,777,NORMAL,72.6,66.5669,59.3094,11.5312,21.6224,3.6008,65.4085,55.8844,15.7157,19.8973,1.8740,24.1252,6.9609,3.2206,0.0033,0.0000,0.0000,0.0000
4,hasta_001,1780004325.105,2026-05-29 00:38:45,778,NORMAL,72.6,66.5968,59.6180,11.0586,21.5922,3.6270,65.4192,55.8847,15.7315,19.8705,1.8259,24.1252,6.9609,3.1595,0.0033,0.0000,0.0000,0.0000
4,hasta_001,1780004325.171,2026-05-29 00:38:45,779,NORMAL,72.6,66.6967,59.8651,10.7956,21.4832,3.6396,65.4287,55.8930,15.7318,19.8471,1.7867,24.1252,6.9609,3.0993,0.0032,0.0000,0.0000,0.0000
4,hasta_001,1780004325.232,2026-05-29 00:38:45,780,NORMAL,72.6,67.0678,60.3456,10.5518,21.3408,3.6420,65.4420,55.9101,15.7230,19.8281,1.7584,24.1252,6.9609,3.0403,0.0029,0.0000,0.0000,0.0000
4,hasta_001,1780004325.269,2026-05-29 00:38:45,781,NORMAL,72.6,67.3910,60.6950,10.4554,21.2491,3.6408,65.4607,55.9365,15.7066,19.8164,1.7442,24.1252,6.9609,2.9833,0.0027,0.0000,0.0000,0.0000
4,hasta_001,1780004325.300,2026-05-29 00:38:45,782,NORMAL,72.6,67.5586,60.8344,10.4743,21.1720,3.6415,65.4840,55.9686,15.6875,19.8107,1.7386,24.1252,6.9609,2.9289,0.0024,0.0000,0.0000,0.0000
4,hasta_001,1780004325.343,2026-05-29 00:38:45,783,NORMAL,72.6,67.7231,60.8029,10.7686,21.1462,3.6402,65.5123,56.0030,15.6719,19.8108,1.7387,24.1252,6.9609,2.8779,0.0022,0.0000,0.0000,0.0000
4,hasta_001,1780004325.381,2026-05-29 00:38:45,784,NORMAL,72.6,67.7552,60.6827,11.0131,21.2812,3.6231,65.5457,56.0391,15.6609,19.8190,1.7433,24.1252,6.9609,2.8326,0.0020,0.0000,0.0000,0.0000
4,hasta_001,1780004325.434,2026-05-29 00:38:45,785,NORMAL,72.6,67.9289,60.5054,11.5600,21.5118,3.5412,65.5843,56.0753,15.6576,19.8339,1.7500,24.1252,6.9609,2.7911,0.0018,0.0000,0.0000,0.0000
4,hasta_001,1780004325.473,2026-05-29 00:38:45,786,NORMAL,72.4,68.3320,60.4955,12.1660,21.8223,3.4623,65.6310,56.1128,15.6646,19.8582,1.7572,24.1252,6.9609,2.7558,0.0016,0.0000,0.0000,0.0000
4,hasta_001,1780004325.519,2026-05-29 00:38:45,787,NORMAL,71.9,69.0194,60.4558,13.2282,22.0464,3.3291,65.6847,56.1497,15.6827,19.8925,1.7594,24.1252,6.9609,2.7256,0.0015,0.0000,0.0000,0.0000
4,hasta_001,1780004325.573,2026-05-29 00:38:45,788,NORMAL,71.9,69.5446,60.0112,14.7171,22.1511,3.1774,65.7425,56.1826,15.7135,19.9411,1.7406,24.1252,6.9609,2.7008,0.0014,0.0000,0.0000,0.0000
4,hasta_001,1780004325.615,2026-05-29 00:38:45,789,NORMAL,69.5,69.5822,59.3327,15.9012,22.3469,3.1461,65.8003,56.2106,15.7522,19.9992,1.7030,24.1252,6.9609,2.6801,0.0013,0.0000,0.0000,0.0000
4,hasta_001,1780004325.663,2026-05-29 00:38:45,790,NORMAL,66.0,69.6617,58.5655,17.3071,22.5705,3.0757,65.8567,56.2323,15.7993,20.0654,1.6464,24.1252,6.9609,2.6618,0.0013,0.0000,0.0000,0.0000
4,hasta_001,1780004325.717,2026-05-29 00:38:45,791,NORMAL,65.4,69.7036,57.6998,18.8438,22.8293,2.8867,65.9111,56.2467,15.8556,20.1353,1.5831,24.1252,6.9609,2.6443,0.0011,0.0000,0.0000,0.0000
4,hasta_001,1780004325.776,2026-05-29 00:38:45,792,NORMAL,63.9,69.6726,57.1653,19.7217,23.0690,2.5503,65.9634,56.2557,15.9177,20.2069,1.5186,24.1252,6.9609,2.6268,0.0010,0.0000,0.0000,0.0000
4,hasta_001,1780004325.813,2026-05-29 00:38:45,793,NORMAL,64.4,69.8631,57.4456,19.5077,23.2330,2.2971,66.0159,56.2662,15.9778,20.2782,1.4568,24.1252,6.9609,2.6104,0.0009,0.0000,0.0000,0.0000
4,hasta_001,1780004325.844,2026-05-29 00:38:45,794,NORMAL,66.1,69.9069,57.8394,18.8929,23.3973,2.1300,66.0687,56.2790,16.0342,20.3491,1.3988,24.1252,6.9609,2.5930,0.0009,0.0000,0.0000,0.0000
4,hasta_001,1780004325.893,2026-05-29 00:38:45,795,NORMAL,66.7,69.9312,58.8642,17.1854,23.6574,1.9545,66.1216,56.2998,16.0771,20.4208,1.3450,24.1252,6.9609,2.5738,0.0008,0.0000,0.0000,0.0000
4,hasta_001,1780004325.943,2026-05-29 00:38:45,796,NORMAL,68.7,69.9797,59.7571,15.7590,23.8909,1.8586,66.1750,56.3266,16.1108,20.4919,1.3002,24.1252,6.9609,2.5519,0.0006,0.0000,0.0000,0.0000
4,hasta_001,1780004325.985,2026-05-29 00:38:45,797,NORMAL,71.4,69.4638,60.0393,14.5548,24.0633,1.8817,66.2217,56.3515,16.1383,20.5616,1.2649,24.1252,6.9609,2.5273,0.0005,0.0000,0.0000,0.0000
4,hasta_001,1780004326.033,2026-05-29 00:38:46,798,NORMAL,71.4,68.5316,60.1388,13.0455,24.1125,2.0488,66.2598,56.3715,16.1620,20.6275,1.2422,24.1252,6.9609,2.5000,0.0005,0.0000,0.0000,0.0000
4,hasta_001,1780004326.086,2026-05-29 00:38:46,799,NORMAL,72.1,67.1046,59.8849,11.3704,24.0828,2.2382,66.2846,56.3868,16.1736,20.6893,1.2278,24.1252,6.9609,2.4722,0.0004,0.0000,0.0000,0.0000
4,hasta_001,1780004326.150,2026-05-29 00:38:46,800,NORMAL,72.6,65.2500,59.4895,9.2360,23.8851,2.3552,66.2891,56.3953,16.1661,20.7474,1.2126,24.1252,6.9609,2.4445,0.0003,0.0000,0.0000,0.0000
4,hasta_001,1780004326.201,2026-05-29 00:38:46,801,NORMAL,72.6,63.4642,59.0194,7.2579,23.6702,2.2841,66.2708,56.3974,16.1344,20.8013,1.1977,24.1252,6.9609,2.4152,0.0002,0.0000,0.0000,0.0000
4,hasta_001,1780004326.253,2026-05-29 00:38:46,802,NORMAL,72.1,62.1319,58.0791,6.7428,23.5236,2.1625,66.2340,56.3870,16.0948,20.8508,1.1864,24.1252,6.9609,2.3843,0.0001,0.0000,0.0000,0.0000
4,hasta_001,1780004326.315,2026-05-29 00:38:46,803,NORMAL,72.1,61.2011,57.3083,6.5695,23.4233,2.0678,66.1827,56.3697,16.0448,20.8952,1.1821,24.1252,6.9609,2.3525,0.0000,0.0000,0.0000,0.0000
4,hasta_001,1780004326.372,2026-05-29 00:38:46,804,NORMAL,72.1,60.7788,57.1956,6.0745,23.4624,1.9974,66.1200,56.3535,15.9757,20.9348,1.1877,24.1252,6.9609,2.3194,0.0000,0.0000,0.0000,0.0000
4,hasta_001,1780004326.422,2026-05-29 00:38:46,805,NORMAL,72.1,60.9370,57.4498,5.8913,23.7689,1.9519,66.0553,56.3427,15.8946,20.9749,1.2015,24.1252,6.9609,2.2851,0.0001,0.0000,0.0000,0.0000
4,hasta_001,1780004326.483,2026-05-29 00:38:46,806,NORMAL,72.1,61.3058,57.7275,6.0124,24.9281,1.9102,65.9912,56.3411,15.7992,21.0233,1.2422,24.1252,6.9609,2.2490,0.0001,0.0000,0.0000,0.0000
4,hasta_001,1780004326.522,2026-05-29 00:38:46,807,NORMAL,72.1,61.6789,57.7869,6.5158,25.8555,1.9280,65.9292,56.3456,15.6968,21.0781,1.3073,24.1252,6.9609,2.2117,0.0002,0.0000,0.0000,0.0000
4,hasta_001,1780004326.551,2026-05-29 00:38:46,808,NORMAL,72.1,62.1122,57.9800,6.8817,26.5813,1.9512,65.8704,56.3581,15.5859,21.1381,1.3906,24.1252,6.9609,2.1731,0.0001,0.0000,0.0000,0.0000
4,hasta_001,1780004326.582,2026-05-29 00:38:46,809,NORMAL,72.1,62.7085,58.0506,7.7145,27.0807,1.8277,65.8185,56.3755,15.4771,21.2026,1.4822,24.1252,6.9609,2.1346,0.0002,0.0000,0.0000,0.0000
4,hasta_001,1780004326.614,2026-05-29 00:38:46,810,NORMAL,72.1,63.7281,58.4910,8.5701,27.3190,1.7092,65.7806,56.3999,15.3774,21.2693,1.5731,24.1252,6.9609,2.0990,0.0003,0.0000,0.0000,0.0000
4,hasta_001,1780004326.646,2026-05-29 00:38:46,811,NORMAL,72.1,64.7159,58.8591,9.4790,27.3857,1.5502,65.7581,56.4303,15.2905,21.3366,1.6582,24.1252,6.9609,2.0665,0.0004,0.0000,0.0000,0.0000
4,hasta_001,1780004326.698,2026-05-29 00:38:46,812,NORMAL,72.1,65.2926,58.3147,11.2904,27.7610,1.3192,65.7491,56.4590,15.2266,21.4066,1.7482,24.1252,6.9609,2.0371,0.0005,0.0000,0.0000,0.0000
4,hasta_001,1780004326.737,2026-05-29 00:38:46,813,NORMAL,71.4,65.4357,56.7733,14.1764,27.6954,1.3121,65.7506,56.4789,15.1932,21.4753,1.8301,24.1252,6.9609,2.0134,0.0006,0.0000,0.0000,0.0000
4,hasta_001,1780004326.767,2026-05-29 00:38:46,814,NORMAL,66.7,65.3536,54.8092,17.5502,27.4159,1.3960,65.7595,56.4849,15.1959,21.5411,1.8993,24.1252,6.9609,1.9969,0.0007,0.0000,0.0000,0.0000
4,hasta_001,1780004326.822,2026-05-29 00:38:46,815,NORMAL,61.3,65.2006,51.6880,23.1205,26.7977,1.3744,65.7721,56.4665,15.2496,21.6013,1.9498,24.1252,6.9609,1.9848,0.0007,0.0000,0.0000,0.0000
4,hasta_001,1780004326.861,2026-05-29 00:38:46,816,NORMAL,60.3,65.2216,50.9835,24.5050,26.7627,1.3215,65.7880,56.4432,15.3182,21.6607,1.9969,24.1252,6.9609,1.9765,0.0008,0.0000,0.0000,0.0000
4,hasta_001,1780004326.912,2026-05-29 00:38:46,817,NORMAL,61.3,65.6882,51.2037,24.7827,26.9752,1.0821,65.8091,56.4210,15.3925,21.7215,2.0462,24.1252,6.9609,1.9706,0.0009,0.0000,0.0000,0.0000
4,hasta_001,1780004326.954,2026-05-29 00:38:46,818,NORMAL,61.3,66.4012,51.7709,24.7610,27.4649,0.8630,65.8344,56.4001,15.4700,21.7857,2.1037,24.1252,6.9609,1.9650,0.0008,0.0000,0.0000,0.0000
4,hasta_001,1780004326.983,2026-05-29 00:38:46,819,NORMAL,63.3,67.0812,52.6774,24.0548,27.9651,0.7348,65.8624,56.3826,15.5448,21.8537,2.1695,24.1252,6.9609,1.9590,0.0008,0.0000,0.0000,0.0000
4,hasta_001,1780004327.046,2026-05-29 00:38:47,820,NORMAL,64.8,67.9720,54.5668,21.8791,29.1387,0.5788,65.8935,56.3744,15.6061,21.9310,2.2605,24.1252,6.9609,1.9516,0.0009,0.0000,0.0000,0.0000
4,hasta_001,1780004327.095,2026-05-29 00:38:47,821,NORMAL,67.1,68.1617,55.9928,19.6029,30.0513,0.6533,65.9229,56.3734,15.6519,22.0159,2.3699,24.1252,6.9609,1.9448,0.0010,0.0000,0.0000,0.0000
4,hasta_001,1780004327.142,2026-05-29 00:38:47,822,NORMAL,67.7,67.7914,57.1473,17.0390,30.6992,0.8733,65.9467,56.3781,15.6792,22.1060,2.4897,24.1252,6.9609,1.9402,0.0011,0.0000,0.0000,0.0000
4,hasta_001,1780004327.196,2026-05-29 00:38:47,823,NORMAL,72.4,67.1364,58.1714,14.3088,31.1435,1.1445,65.9630,56.3877,15.6873,22.2000,2.6131,24.1252,6.9609,1.9385,0.0012,0.0000,0.0000,0.0000
4,hasta_001,1780004327.238,2026-05-29 00:38:47,824,NORMAL,71.9,65.9689,58.4048,12.1634,31.4384,1.4361,65.9692,56.3969,15.6809,22.2961,2.7362,24.1252,6.9609,1.9401,0.0014,0.0000,0.0000,0.0000
4,hasta_001,1780004327.305,2026-05-29 00:38:47,825,NORMAL,72.1,62.8902,57.2293,9.4254,31.8163,1.6236,65.9507,56.3950,15.6554,22.3945,2.8616,24.1252,6.9609,1.9441,0.0016,0.0000,0.0000,0.0000
4,hasta_001,1780004327.345,2026-05-29 00:38:47,826,NORMAL,72.1,58.7142,55.1763,6.2129,31.8773,1.7178,65.8981,56.3754,15.6052,22.4925,2.9808,24.1252,6.9609,1.9499,0.0018,0.0000,0.0000,0.0000
4,hasta_001,1780004327.376,2026-05-29 00:38:47,827,NORMAL,73.1,55.3531,53.5642,3.2847,31.9093,1.7403,65.8189,56.3419,15.5334,22.5892,3.0944,24.1252,6.9609,1.9576,0.0020,0.0000,0.0000,0.0000
4,hasta_001,1780004327.433,2026-05-29 00:38:47,828,NORMAL,73.1,50.7530,50.7138,0.0771,31.9767,1.7789,65.7025,56.2848,15.4366,22.6857,3.2032,24.1252,6.9609,1.9668,0.0022,0.0000,0.0000,0.0000
4,hasta_001,1780004327.472,2026-05-29 00:38:47,829,NORMAL,73.1,48.9342,49.6065,1.3644,32.0418,1.7838,65.5727,56.2193,15.3518,22.7820,3.3076,24.1252,6.9609,1.9771,0.0024,0.0000,0.0000,0.0000
4,hasta_001,1780004327.518,2026-05-29 00:38:47,830,NORMAL,73.1,48.0168,49.2989,2.6349,32.1728,1.7262,65.4370,56.1520,15.2789,22.8788,3.4094,24.1252,6.9609,1.9877,0.0026,0.0000,0.0000,0.0000
4,hasta_001,1780004327.591,2026-05-29 00:38:47,831,NORMAL,73.1,47.5956,48.1292,1.1147,32.3007,1.3991,65.2998,56.0763,15.1942,22.9763,3.5088,21.9717,7.0074,1.9956,0.0027,0.0000,0.0000,0.0000
4,hasta_001,1780004327.643,2026-05-29 00:38:47,832,NORMAL,73.6,47.4306,46.7558,1.4331,32.1944,1.2306,65.1625,55.9900,15.1125,23.0725,3.6007,21.9717,7.0074,2.0021,0.0028,0.0000,0.0000,0.0000
4,hasta_001,1780004327.687,2026-05-29 00:38:47,833,NORMAL,74.1,47.8989,46.3707,3.2424,32.0793,1.0614,65.0296,55.9005,15.0468,23.1667,3.6863,21.9717,7.0074,2.0071,0.0028,0.0000,0.0000,0.0000
4,hasta_001,1780004327.737,2026-05-29 00:38:47,834,NORMAL,73.6,48.9454,47.4039,3.1998,31.8552,1.0782,64.9060,55.8195,14.9815,23.2578,3.7639,21.9717,7.0074,2.0119,0.0028,0.0000,0.0000,0.0000
4,hasta_001,1780004327.767,2026-05-29 00:38:47,835,NORMAL,73.6,49.8052,48.3518,2.9615,31.6033,1.1364,64.7901,55.7464,14.9153,23.3464,3.8335,21.9717,7.0074,2.0168,0.0029,0.0000,0.0000,0.0000
4,hasta_001,1780004327.810,2026-05-29 00:38:47,836,NORMAL,72.6,51.4646,49.7105,3.4674,31.1176,1.4043,64.6884,55.6855,14.8525,23.4307,3.8918,21.9717,7.0074,2.0235,0.0029,0.0000,0.0000,0.0000
4,hasta_001,1780004327.841,2026-05-29 00:38:47,837,NORMAL,72.6,52.7435,51.1858,2.9976,30.7038,1.6370,64.5975,55.6393,14.7816,23.5115,3.9410,21.9717,7.0074,2.0323,0.0029,0.0000,0.0000,0.0000
4,hasta_001,1780004327.875,2026-05-29 00:38:47,838,NORMAL,72.6,54.5444,52.7063,3.4277,30.2241,1.8585,64.5214,55.6090,14.7082,23.5881,3.9812,21.9717,7.0074,2.0436,0.0029,0.0000,0.0000,0.0000
4,hasta_001,1780004327.918,2026-05-29 00:38:47,839,NORMAL,72.6,56.7734,54.8450,3.4554,29.6410,2.0414,64.4636,55.5999,14.6290,23.6593,4.0123,21.9717,7.0074,2.0573,0.0029,0.0000,0.0000,0.0000
4,hasta_001,1780004327.969,2026-05-29 00:38:47,840,NORMAL,72.6,58.9949,56.9395,3.5458,28.9660,2.2088,64.4237,55.6120,14.5426,23.7245,4.0344,21.9717,7.0074,2.0730,0.0030,0.0000,0.0000,0.0000
4,hasta_001,1780004328.034,2026-05-29 00:38:48,841,NORMAL,72.1,61.5056,58.4110,5.1612,28.0970,2.2183,64.4039,55.6399,14.4618,23.7832,4.0463,21.9717,7.0074,2.0887,0.0029,0.0000,0.0000,0.0000
4,hasta_001,1780004328.070,2026-05-29 00:38:48,842,NORMAL,72.6,63.1093,59.6199,5.6864,27.5645,2.2911,64.3957,55.6838,14.3721,23.8388,4.0521,21.9717,7.0074,2.1041,0.0029,0.0000,0.0000,0.0000
4,hasta_001,1780004328.126,2026-05-29 00:38:48,843,NORMAL,72.6,64.7913,60.7162,6.4938,26.8431,2.3485,64.3991,55.7409,14.2780,23.8888,4.0518,21.9717,7.0074,2.1190,0.0029,0.0000,0.0000,0.0000
4,hasta_001,1780004328.197,2026-05-29 00:38:48,844,NORMAL,72.6,65.9085,62.0140,6.0888,26.1076,2.4771,64.4099,55.8117,14.1723,23.9332,4.0467,21.9717,7.0074,2.1339,0.0029,0.0000,0.0000,0.0000
4,hasta_001,1780004328.257,2026-05-29 00:38:48,845,NORMAL,72.6,66.7425,62.5566,6.4748,25.5572,2.4582,64.4254,55.8888,14.0629,23.9735,4.0386,21.9717,7.0074,2.1476,0.0029,0.0000,0.0000,0.0000
4,hasta_001,1780004328.292,2026-05-29 00:38:48,846,NORMAL,72.6,67.9324,63.6335,6.5351,25.1388,2.5677,64.4489,55.9762,13.9487,24.0108,4.0285,21.9431,7.0064,2.1611,0.0029,0.0000,0.0000,0.0000
4,hasta_001,1780004328.362,2026-05-29 00:38:48,847,NORMAL,72.6,68.6109,64.7812,5.7421,24.4497,2.8259,64.4756,56.0747,13.8214,24.0433,4.0162,21.9431,7.0064,2.1755,0.0029,0.0000,0.0000,0.0000
4,hasta_001,1780004328.403,2026-05-29 00:38:48,848,NORMAL,72.6,68.7492,65.4635,4.8963,23.9952,3.0565,64.5014,56.1788,13.6841,24.0724,4.0030,21.9431,7.0064,2.1906,0.0029,0.0000,0.0000,0.0000
4,hasta_001,1780004328.497,2026-05-29 00:38:48,849,NORMAL,72.6,59.2165,56.6021,4.5146,25.5221,2.4114,64.4472,56.2086,13.5434,24.1142,3.9917,21.9431,7.0064,2.1996,0.0029,0.0000,0.0000,0.0000
4,hasta_001,1780004328.545,2026-05-29 00:38:48,850,NORMAL,72.1,55.9398,53.0104,5.3775,26.7569,2.1046,64.3651,56.2081,13.4100,24.1665,3.9849,21.9431,7.0064,2.2056,0.0028,0.0000,0.0000,0.0000
4,hasta_001,1780004328.607,2026-05-29 00:38:48,851,NORMAL,72.1,53.7293,50.4880,6.2203,27.1980,1.7092,64.2641,56.1855,13.2846,24.2229,3.9795,21.9431,7.0064,2.2079,0.0030,0.0000,0.0000,0.0000
4,hasta_001,1780004328.666,2026-05-29 00:38:48,852,NORMAL,72.1,52.5903,49.1952,6.6712,27.2906,1.3752,64.1523,56.1508,13.1637,24.2805,3.9734,21.9431,7.0064,2.2069,0.0031,0.0000,0.0000,0.0000
4,hasta_001,1780004328.707,2026-05-29 00:38:48,853,NORMAL,72.6,52.0134,48.6536,6.6751,27.3249,1.2218,64.0354,56.1107,13.0439,24.3390,3.9661,21.9431,7.0064,2.2044,0.0032,0.0000,0.0000,0.0000
4,hasta_001,1780004328.762,2026-05-29 00:38:48,854,NORMAL,73.1,51.4263,48.1092,6.6653,27.2607,1.0937,63.9130,56.0641,12.9267,24.3983,3.9562,21.9431,7.0064,2.2002,0.0033,0.0000,0.0000,0.0000
4,hasta_001,1780004328.817,2026-05-29 00:38:48,855,NORMAL,73.1,51.0886,47.9852,6.2649,27.1032,1.0136,63.7884,56.0161,12.8077,24.4570,3.9436,21.9431,7.0064,2.1950,0.0033,0.0000,0.0000,0.0000
4,hasta_001,1780004328.861,2026-05-29 00:38:48,856,NORMAL,73.1,52.0677,48.5201,7.0536,26.8861,1.0024,63.6720,55.9718,12.6970,24.5143,3.9285,21.9431,7.0064,2.1896,0.0034,0.0000,0.0000,0.0000
4,hasta_001,1780004328.916,2026-05-29 00:38:48,857,NORMAL,73.1,53.8091,49.9987,7.3411,26.3464,1.0674,63.5701,55.9388,12.5904,24.5674,3.9098,21.9431,7.0064,2.1846,0.0035,0.0000,0.0000,0.0000
4,hasta_001,1780004328.993,2026-05-29 00:38:48,858,NORMAL,72.6,56.2354,52.5543,6.7674,25.4905,1.2956,63.4882,55.9256,12.4816,24.6134,3.8878,21.9431,7.0064,2.1812,0.0035,0.0000,0.0000,0.0000
4,hasta_001,1780004329.065,2026-05-29 00:38:49,859,NORMAL,72.1,58.9929,55.6425,5.8454,24.3947,1.5828,63.4289,55.9372,12.3660,24.6503,3.8645,21.9431,7.0064,2.1799,0.0036,0.0000,0.0000,0.0000
4,hasta_001,1780004330.533,2026-05-29 00:38:50,860,NORMAL,57.9,54.1833,71.8166,27.9894,19.0077,4.9487,63.3295,56.0834,12.4353,24.6423,3.8752,21.9431,7.0064,2.2063,0.0017,0.0000,0.0000,0.0000
4,hasta_001,1780004330.599,2026-05-29 00:38:50,861,NORMAL,57.9,54.0923,72.2487,28.7419,19.9818,5.0726,63.2295,56.2332,12.5111,24.6425,3.8750,21.9431,7.0064,2.2333,0.0008,0.0000,0.0000,0.0000
4,hasta_001,1780004330.640,2026-05-29 00:38:50,862,NORMAL,57.9,54.1712,72.3464,28.7315,21.3138,5.1886,63.1305,56.3836,12.5879,24.6535,3.8636,21.9431,7.0064,2.2609,0.0002,0.0000,0.0000,0.0000
4,hasta_001,1780004330.690,2026-05-29 00:38:50,863,NORMAL,57.9,54.3035,72.1957,28.2882,22.9286,5.3986,63.0333,56.5331,12.6613,24.6775,3.8438,21.9431,7.0064,2.2901,0.0004,0.0000,0.0000,0.0000
4,hasta_001,1780004330.750,2026-05-29 00:38:50,864,NORMAL,57.9,54.4181,71.6931,27.3965,24.3438,5.6206,62.9365,56.6780,12.7271,24.7127,3.8212,21.9431,7.0064,2.3209,0.0008,0.0000,0.0000,0.0000
4,hasta_001,1780004330.805,2026-05-29 00:38:50,865,NORMAL,57.9,54.5992,70.9794,26.0875,24.9641,5.5375,62.8412,56.8168,12.7823,24.7522,3.7991,21.9431,7.0064,2.3508,0.0012,0.0000,0.0000,0.0000
4,hasta_001,1780004330.882,2026-05-29 00:38:50,866,NORMAL,59.4,55.0814,69.9757,23.8199,25.3527,4.9497,62.7497,56.9458,12.8210,24.7944,3.7773,21.9431,7.0064,2.3755,0.0014,0.0000,0.0000,0.0000
4,hasta_001,1780004330.917,2026-05-29 00:38:50,867,NORMAL,61.5,55.4433,69.4185,22.3851,25.4264,4.5050,62.6609,57.0692,12.8488,24.8365,3.7559,21.9431,7.0064,2.3963,0.0017,0.0000,0.0000,0.0000
4,hasta_001,1780004330.967,2026-05-29 00:38:50,868,NORMAL,63.9,55.9499,68.5915,20.3011,25.4108,3.7868,62.5755,57.1845,12.8604,24.8774,3.7351,21.9431,7.0064,2.4109,0.0020,0.0000,0.0000,0.0000
4,hasta_001,1780004331.014,2026-05-29 00:38:51,869,NORMAL,65.4,56.4547,67.9257,18.4451,25.3458,3.1199,62.4940,57.2933,12.8577,24.9172,3.7144,21.9431,7.0064,2.4197,0.0022,0.0000,0.0000,0.0000
4,hasta_001,1780004331.068,2026-05-29 00:38:51,870,NORMAL,68.7,56.9879,67.4854,16.8670,25.2488,2.5846,62.4166,57.3964,12.8450,24.9555,3.6939,21.9431,7.0064,2.4234,0.0023,0.0000,0.0000,0.0000
4,hasta_001,1780004331.130,2026-05-29 00:38:51,871,NORMAL,69.0,57.4128,67.2641,15.8028,25.1926,2.2810,62.3419,57.4952,12.8265,24.9925,3.6738,21.9431,7.0064,2.4240,0.0025,0.0000,0.0000,0.0000
4,hasta_001,1780004331.191,2026-05-29 00:38:51,872,NORMAL,70.9,57.7528,67.2777,15.2362,25.2340,2.0716,62.2700,57.5940,12.8036,25.0292,3.6540,21.9431,7.0064,2.4224,0.0027,0.0000,0.0000,0.0000
4,hasta_001,1780004331.236,2026-05-29 00:38:51,873,NORMAL,71.4,57.9460,67.2447,14.8553,25.1181,1.8197,62.2000,57.6927,12.7775,25.0645,3.6341,21.9431,7.0064,2.4184,0.0029,0.0000,0.0000,0.0000
4,hasta_001,1780004331.286,2026-05-29 00:38:51,874,NORMAL,71.4,58.0053,67.3356,14.8879,24.7185,1.3672,62.1310,57.7919,12.7529,25.0966,3.6138,21.9431,7.0064,2.4101,0.0030,0.0000,0.0000,0.0000
4,hasta_001,1780004331.326,2026-05-29 00:38:51,875,NORMAL,71.9,57.8754,67.3979,15.2027,24.2187,1.1986,62.0611,57.8912,12.7320,25.1244,3.5942,21.9431,7.0064,2.3999,0.0031,0.0000,0.0000,0.0000
4,hasta_001,1780004331.373,2026-05-29 00:38:51,876,NORMAL,69.7,57.6798,67.5240,15.7251,24.4454,1.1984,61.9895,57.9909,12.7164,25.1540,3.5737,21.9431,7.0064,2.3893,0.0031,0.0000,0.0000,0.0000
4,hasta_001,1780004331.403,2026-05-29 00:38:51,877,NORMAL,69.1,57.4480,67.6606,16.3259,25.0252,1.2807,61.9166,58.0914,12.7075,25.1890,3.5517,21.9431,7.0064,2.3791,0.0031,0.0000,0.0000,0.0000
4,hasta_001,1780004331.434,2026-05-29 00:38:51,878,NORMAL,68.4,57.1945,67.7980,16.9667,26.0368,1.3944,61.8416,58.1922,12.7056,25.2327,3.5295,21.9431,7.0064,2.3693,0.0031,0.0000,0.0000,0.0000
4,hasta_001,1780004331.482,2026-05-29 00:38:51,879,NORMAL,66.7,56.8878,67.9628,17.7412,27.7175,1.5972,61.7634,58.2939,12.7097,25.2905,3.5128,21.9431,7.0064,2.3609,0.0032,0.0000,0.0000,0.0000
4,hasta_001,1780004331.532,2026-05-29 00:38:51,880,NORMAL,66.6,56.6323,67.9554,18.1769,29.1757,1.7591,61.6827,58.3967,12.7152,25.3607,3.5056,21.9431,7.0064,2.3536,0.0032,0.0000,0.0000,0.0000
4,hasta_001,1780004331.578,2026-05-29 00:38:51,881,NORMAL,66.1,56.4363,67.9519,18.5156,30.4130,1.8802,61.5997,58.5001,12.7211,25.4413,3.5096,21.9431,7.0064,2.3472,0.0032,0.0000,0.0000,0.0000
4,hasta_001,1780004331.631,2026-05-29 00:38:51,882,NORMAL,66.1,56.1443,68.0314,19.1456,31.9277,2.0137,61.5138,58.6050,12.7301,25.5347,3.5319,21.9431,7.0064,2.3418,0.0032,0.0000,0.0000,0.0000
4,hasta_001,1780004331.710,2026-05-29 00:38:51,883,NORMAL,65.1,55.7540,68.1229,19.9697,33.6139,2.0000,61.4232,58.7111,12.7430,25.6420,3.5797,21.9431,7.0064,2.3361,0.0032,0.0000,0.0000,0.0000
4,hasta_001,1780004331.744,2026-05-29 00:38:51,884,NORMAL,65.1,55.5189,68.2538,20.5778,34.0413,1.9761,61.3295,58.8188,12.7585,25.7526,3.6321,21.9431,7.0064,2.3301,0.0032,0.0000,0.0000,0.0000
4,hasta_001,1780004331.775,2026-05-29 00:38:51,885,NORMAL,63.6,55.3306,68.4404,21.1841,34.0773,1.8356,61.2333,58.9279,12.7778,25.8630,3.6818,21.9431,7.0064,2.3228,0.0032,0.0000,0.0000,0.0000
4,hasta_001,1780004331.806,2026-05-29 00:38:51,886,NORMAL,62.8,55.2213,68.6354,21.6607,33.8198,1.7127,61.1353,59.0385,12.8001,25.9711,3.7231,21.9431,7.0064,2.3142,0.0033,0.0000,0.0000,0.0000
4,hasta_001,1780004331.856,2026-05-29 00:38:51,887,NORMAL,62.8,55.0458,68.9462,22.4214,33.2823,1.5546,61.0354,59.1516,12.8281,26.0747,3.7521,21.9431,7.0064,2.3039,0.0033,0.0000,0.0000,0.0000
4,hasta_001,1780004331.917,2026-05-29 00:38:51,888,NORMAL,61.8,55.0356,69.1729,22.7637,32.5306,1.3384,60.9349,59.2650,12.8611,26.1718,3.7671,21.9431,7.0064,2.2911,0.0033,0.0000,0.0000,0.0000
4,hasta_001,1780004331.959,2026-05-29 00:38:51,889,NORMAL,62.3,55.1399,69.2761,22.7242,31.7984,1.1828,60.8357,59.3772,12.8982,26.2623,3.7707,21.9431,7.0064,2.2766,0.0034,0.0000,0.0000,0.0000
4,hasta_001,1780004331.988,2026-05-29 00:38:51,890,NORMAL,63.3,55.1965,69.2454,22.5791,31.1388,1.0942,60.7378,59.4865,12.9398,26.3459,3.7667,21.9431,7.0064,2.2607,0.0034,0.0000,0.0000,0.0000
4,hasta_001,1780004332.019,2026-05-29 00:38:52,891,NORMAL,63.3,55.2789,69.1410,22.2828,30.2529,1.0114,60.6417,59.5927,12.9847,26.4210,3.7540,21.9431,7.0064,2.2435,0.0034,0.0000,0.0000,0.0000
4,hasta_001,1780004332.057,2026-05-29 00:38:52,892,NORMAL,63.3,55.3777,68.9150,21.7830,28.8993,0.9303,60.5478,59.6938,13.0331,26.4836,3.7321,21.9431,7.0064,2.2246,0.0036,0.0000,0.0000,0.0000
4,hasta_001,1780004332.126,2026-05-29 00:38:52,893,NORMAL,64.1,55.4193,68.5765,21.2221,26.8255,0.8433,60.4548,59.7875,13.0855,26.5277,3.7045,21.9431,7.0064,2.2040,0.0035,0.0000,0.0000,0.0000
4,hasta_001,1780004332.178,2026-05-29 00:38:52,894,NORMAL,65.1,55.4826,68.2124,20.5824,25.2760,0.8317,60.3631,59.8740,13.1409,26.5586,3.6784,21.9431,7.0064,2.1826,0.0035,0.5000,0.0000,0.0000
4,hasta_001,1780004332.238,2026-05-29 00:38:52,895,NORMAL,66.1,55.9803,67.9457,19.3105,23.7016,0.7844,60.2753,59.9513,13.1973,26.5757,3.6602,21.9431,7.0064,2.1599,0.0034,0.5000,0.0000,0.0000
4,hasta_001,1780004332.309,2026-05-29 00:38:52,896,NORMAL,67.2,56.9124,67.6334,17.2161,22.1837,0.7618,60.1951,60.0236,13.2402,26.5805,3.6541,21.9431,7.0064,2.1366,0.0035,0.5000,0.0000,0.0000
4,hasta_001,1780004332.361,2026-05-29 00:38:52,897,NORMAL,67.2,57.8030,67.6017,15.6273,21.2851,0.6923,60.1221,60.0927,13.2743,26.5777,3.6580,21.9431,7.0064,2.1124,0.0035,0.5000,0.0000,0.0000
4,hasta_001,1780004332.407,2026-05-29 00:38:52,898,NORMAL,72.4,58.6143,67.5002,14.0919,21.1455,0.6227,60.0555,60.1584,13.2996,26.5740,3.6633,21.9431,7.0064,2.0874,0.0034,0.0000,0.0000,0.0000
4,hasta_001,1780004332.459,2026-05-29 00:38:52,899,NORMAL,72.9,59.6452,67.4916,12.3433,21.0572,0.6023,59.9968,60.2220,13.3125,26.5704,3.6685,21.9431,7.0064,2.0621,0.0034,0.0000,0.0000,0.0000
4,hasta_001,1780004332.503,2026-05-29 00:38:52,900,NORMAL,73.1,60.7741,67.7150,10.8038,21.0942,0.6042,59.9443,60.2834,13.3146,26.5684,3.6715,21.9431,7.0064,2.0367,0.0034,0.0000,0.0000,0.0000
4,hasta_001,1780004332.568,2026-05-29 00:38:52,901,NORMAL,73.1,62.0336,67.7117,8.7527,21.2415,0.7314,59.8997,60.3419,13.3004,26.5683,3.6716,21.9431,7.0064,2.0125,0.0034,0.0000,0.0000,0.0000
4,hasta_001,1780004332.641,2026-05-29 00:38:52,902,NORMAL,73.1,62.2519,67.2460,7.7131,21.3883,0.8949,59.8555,60.3953,13.2774,26.5701,3.6690,21.9431,7.0064,1.9896,0.0034,0.0000,0.0000,0.0000
4,hasta_001,1780004332.685,2026-05-29 00:38:52,903,NORMAL,73.1,61.6386,66.7716,7.9948,21.3415,1.0247,59.8048,60.4450,13.2543,26.5717,3.6666,21.9431,7.0064,1.9678,0.0033,0.0000,0.0000,0.0000
4,hasta_001,1780004332.715,2026-05-29 00:38:52,904,NORMAL,73.1,60.9468,66.4573,8.6504,21.3371,1.0948,59.7480,60.4931,13.2346,26.5722,3.6659,21.9431,7.0064,1.9467,0.0033,0.0000,0.0000,0.0000
4,hasta_001,1780004332.764,2026-05-29 00:38:52,905,NORMAL,73.1,59.4315,65.9851,10.4509,22.0019,1.1888,59.6772,60.5388,13.2253,26.5763,3.6606,21.9431,7.0064,1.9271,0.0033,0.0000,0.0000,0.0000
4,hasta_001,1780004332.814,2026-05-29 00:38:52,906,NORMAL,71.9,57.8536,66.0861,13.2846,22.8323,1.2774,59.5899,60.5854,13.2347,26.5847,3.6508,21.9431,7.0064,1.9089,0.0033,0.0000,0.0000,0.0000
4,hasta_001,1780004332.859,2026-05-29 00:38:52,907,NORMAL,68.7,56.3703,66.1025,15.8928,24.0053,1.3695,59.4845,60.6324,13.2569,26.6010,3.6348,21.9431,7.0064,1.8926,0.0033,0.0000,0.0000,0.0000
4,hasta_001,1780004332.898,2026-05-29 00:38:52,908,NORMAL,66.7,55.4207,66.1853,17.7040,25.4737,1.4320,59.3668,60.6839,13.2818,26.6287,3.6134,21.9431,7.0064,1.8781,0.0034,0.0000,0.0000,0.0000
4,hasta_001,1780004332.946,2026-05-29 00:38:52,909,NORMAL,66.6,55.2966,66.2919,18.0862,27.1740,1.4683,59.2477,60.7419,13.3000,26.6689,3.5923,21.9431,7.0064,1.8641,0.0035,0.0000,0.0000,0.0000
4,hasta_001,1780004332.992,2026-05-29 00:38:52,910,NORMAL,66.7,55.7328,66.4922,17.6058,28.8162,1.4726,59.1317,60.8079,13.3025,26.7210,3.5777,21.9431,7.0064,1.8507,0.0035,0.0000,0.0000,0.0000
4,hasta_001,1780004333.040,2026-05-29 00:38:53,911,NORMAL,68.4,56.5872,66.8435,16.6187,29.9525,1.4166,59.0224,60.8841,13.2839,26.7803,3.5718,21.9431,7.0064,1.8385,0.0036,0.0000,0.0000,0.0000
4,hasta_001,1780004333.086,2026-05-29 00:38:53,912,NORMAL,70.8,57.5210,67.2450,15.5876,30.5997,1.3250,58.9211,60.9681,13.2495,26.8431,3.5722,21.9431,7.0064,1.8282,0.0037,0.0000,0.0000,0.0000
4,hasta_001,1780004333.179,2026-05-29 00:38:53,913,NORMAL,72.4,59.0902,68.2446,14.3784,31.0893,1.1174,58.8313,61.0581,13.2067,26.9086,3.5774,21.9431,7.0064,1.8184,0.0037,0.0000,0.0000,0.0000
4,hasta_001,1780004333.220,2026-05-29 00:38:53,914,NORMAL,72.4,59.7747,68.6219,13.7811,31.0251,0.9074,58.7469,61.1480,13.1641,26.9721,3.5822,21.9431,7.0064,1.8082,0.0038,0.0000,0.0000,0.0000
4,hasta_001,1780004333.271,2026-05-29 00:38:53,915,NORMAL,72.4,60.4219,68.9986,13.2540,30.7140,0.8378,58.6676,61.2324,13.1314,27.0309,3.5852,21.9431,7.0064,1.7989,0.0038,0.0000,0.0000,0.0000
4,hasta_001,1780004333.337,2026-05-29 00:38:53,916,NORMAL,72.4,60.9115,69.4016,13.0303,30.1274,1.0389,58.5921,61.3128,13.1086,27.0829,3.5845,21.9431,7.0064,1.7921,0.0039,0.0000,0.0000,0.0000
4,hasta_001,1780004333.389,2026-05-29 00:38:53,917,NORMAL,71.4,61.2473,69.7625,12.9994,29.6697,1.4318,58.5236,61.3938,13.0957,27.1296,3.5814,21.9431,7.0064,1.7883,0.0039,0.0000,0.0000,0.0000
4,hasta_001,1780004333.420,2026-05-29 00:38:53,918,NORMAL,71.4,61.4450,70.0405,13.0744,29.2842,1.7641,58.4645,61.4764,13.0959,27.1727,3.5759,21.9431,7.0064,1.7860,0.0040,0.0000,0.0000,0.0000
4,hasta_001,1780004333.474,2026-05-29 00:38:53,919,NORMAL,71.9,61.7548,70.5155,13.2466,28.3279,2.3401,58.4200,61.5649,13.1115,27.2081,3.5662,21.9431,7.0064,1.7868,0.0040,0.0000,0.0000,0.0000
4,hasta_001,1780004333.534,2026-05-29 00:38:53,920,NORMAL,71.9,62.0526,70.8691,13.2657,27.3496,2.9555,58.3933,61.6598,13.1451,27.2370,3.5532,21.9431,7.0064,1.7918,0.0040,0.0000,0.0000,0.0000
4,hasta_001,1780004333.572,2026-05-29 00:38:53,921,NORMAL,71.9,62.2413,71.1277,13.3260,26.5539,3.3631,58.3831,61.7607,13.1957,27.2610,3.5387,21.9431,7.0064,1.8008,0.0040,0.0000,0.0000,0.0000
4,hasta_001,1780004333.645,2026-05-29 00:38:53,922,NORMAL,71.9,62.4791,71.4900,13.4522,25.1711,4.1226,58.3860,61.8724,13.2516,27.2747,3.5273,21.9431,7.0064,1.8172,0.0039,0.0000,0.0000,0.0000
4,hasta_001,1780004333.698,2026-05-29 00:38:53,923,NORMAL,71.3,62.6440,71.7372,13.5335,24.5058,4.6602,58.3980,61.9927,13.3096,27.2838,3.5189,21.9431,7.0064,1.8388,0.0039,0.0000,0.0000,0.0000
4,hasta_001,1780004333.769,2026-05-29 00:38:53,924,NORMAL,71.3,62.8622,72.1601,13.7725,23.8352,5.2801,58.4154,62.1174,13.3738,27.2869,3.5156,21.9431,7.0064,1.8661,0.0039,0.0000,0.0000,0.0000
4,hasta_001,1780004333.828,2026-05-29 00:38:53,925,NORMAL,71.3,63.1369,72.5365,13.8561,23.2534,5.4865,58.4337,62.2431,13.4401,27.2826,3.5202,21.9431,7.0064,1.8956,0.0038,0.0000,0.0000,0.0000
4,hasta_001,1780004333.893,2026-05-29 00:38:53,926,NORMAL,71.3,63.2231,72.8931,14.2084,22.7288,5.3290,58.4497,62.3695,13.5085,27.2642,3.5381,21.9431,7.0064,1.9241,0.0037,0.0000,0.0000,0.0000
4,hasta_001,1780004333.949,2026-05-29 00:38:53,927,NORMAL,71.3,63.2505,73.1626,14.5325,22.4287,5.1918,58.4628,62.4976,13.5753,27.2357,3.5631,21.9431,7.0064,1.9513,0.0036,0.0000,0.0000,0.0000
4,hasta_001,1780004333.990,2026-05-29 00:38:53,928,NORMAL,71.3,63.2345,73.3010,14.7457,22.0848,5.1281,58.4722,62.6253,13.6408,27.1982,3.5933,21.9431,7.0064,1.9777,0.0035,0.0000,0.0000,0.0000
4,hasta_001,1780004334.044,2026-05-29 00:38:54,929,NORMAL,71.3,63.1232,73.3699,15.0143,21.9781,5.0382,58.4756,62.7529,13.7016,27.1557,3.6245,21.9431,7.0064,2.0045,0.0033,0.0000,0.0000,0.0000
4,hasta_001,1780004334.110,2026-05-29 00:38:54,930,NORMAL,70.8,63.0257,73.3292,15.1128,21.8578,5.0553,58.4698,62.8766,13.7561,27.1102,3.6563,21.9431,7.0064,2.0324,0.0032,0.0000,0.0000,0.0000
4,hasta_001,1780004334.187,2026-05-29 00:38:54,931,NORMAL,71.3,62.8555,73.0988,15.0688,21.4788,5.4916,58.4543,62.9953,13.8027,27.0610,3.6919,21.9431,7.0064,2.0652,0.0031,0.0000,0.0000,0.0000
4,hasta_001,1780004334.242,2026-05-29 00:38:54,932,NORMAL,70.3,62.7035,72.7571,14.8437,21.0940,6.1610,58.4327,63.1156,13.8323,27.0054,3.7309,21.9431,7.0064,2.1056,0.0029,0.0000,0.0000,0.0000
4,hasta_001,1780004334.298,2026-05-29 00:38:54,933,NORMAL,64.3,62.5501,72.1624,14.2709,20.7234,7.0089,58.4086,63.2439,13.8331,26.9473,3.7737,21.9431,7.0064,2.1530,0.0027,0.0000,0.0000,0.0000
4,hasta_001,1780004334.371,2026-05-29 00:38:54,934,NORMAL,63.8,62.3799,70.9618,12.8721,20.3299,8.1332,58.3839,63.3785,13.7941,26.8882,3.8211,21.9431,7.0064,2.2092,0.0024,0.0000,0.0000,0.0000
4,hasta_001,1780004334.405,2026-05-29 00:38:54,935,NORMAL,61.0,62.3026,70.0993,11.7773,20.0944,8.7177,58.3597,63.5319,13.6996,26.8324,3.8707,21.9431,7.0064,2.2704,0.0022,0.0000,0.0000,0.0000
4,hasta_001,1780004334.456,2026-05-29 00:38:54,936,NORMAL,57.5,62.1230,68.5479,9.8336,19.6312,9.6474,58.3339,63.6783,13.5774,26.7730,3.9256,21.9431,7.0064,2.3398,0.0020,0.0000,0.0000,0.0000
4,hasta_001,1780004334.496,2026-05-29 00:38:54,937,NORMAL,57.2,61.9719,67.0790,7.9149,19.2563,10.3839,58.3029,63.8106,13.4368,26.7086,3.9846,21.9431,7.0064,2.4173,0.0019,0.0000,0.0000,0.0000
4,hasta_001,1780004334.527,2026-05-29 00:38:54,938,NORMAL,56.7,61.8248,65.4979,5.7698,18.9787,11.0741,58.2648,63.9249,13.2785,26.6379,4.0454,21.9431,7.0064,2.5024,0.0018,0.0000,0.0000,0.0000
4,hasta_001,1780004334.584,2026-05-29 00:38:54,939,NORMAL,57.2,61.7586,63.6227,2.9736,18.3405,12.1540,58.2204,64.0162,13.1028,26.5577,4.1131,21.9431,7.0064,2.5975,0.0016,0.0000,0.0000,0.0000
4,hasta_001,1780004334.648,2026-05-29 00:38:54,940,NORMAL,56.2,61.9440,62.2526,0.4970,17.3217,13.0781,58.1702,64.0802,12.9247,26.4592,4.1909,21.9431,7.0064,2.7017,0.0014,0.0000,0.0000,0.0000
4,hasta_001,1780004334.711,2026-05-29 00:38:54,941,NORMAL,56.2,62.5008,61.0990,2.2683,16.1068,13.7747,58.1230,64.1228,12.7802,26.3430,4.2820,21.9431,7.0064,2.8110,0.0012,0.0000,0.0000,0.0000
4,hasta_001,1780004334.770,2026-05-29 00:38:54,942,NORMAL,56.2,63.6660,59.9655,5.9864,14.9157,14.1374,58.0886,64.1462,12.6881,26.2115,4.3873,21.9431,7.0064,2.9216,0.0011,0.0000,0.0000,0.0000
4,hasta_001,1780004334.844,2026-05-29 00:38:54,943,NORMAL,56.0,65.7896,59.0746,10.7557,13.6012,14.3446,58.0774,64.1538,12.6585,26.0653,4.5110,21.9431,7.0064,3.0316,0.0009,0.0000,0.0000,0.0000
4,hasta_001,1780004334.909,2026-05-29 00:38:54,944,NORMAL,54.8,68.1640,58.4612,15.3252,12.4101,14.4771,58.0957,64.1542,12.6848,25.9067,4.6516,20.3302,7.0258,3.1402,0.0006,0.0000,0.0000,0.0000
4,hasta_001,1780004334.984,2026-05-29 00:38:54,945,NORMAL,53.2,70.0185,57.5118,19.6137,11.5031,14.4933,58.1551,64.1566,12.7697,25.7375,4.8007,20.3302,7.0258,3.2475,0.0003,0.0000,0.0000,0.0000
4,hasta_001,1780004335.036,2026-05-29 00:38:55,946,NORMAL,52.4,70.6195,56.5327,22.1573,11.2731,14.4509,58.2543,64.1679,12.9026,25.5658,4.9444,20.3302,7.0258,3.3536,0.0001,0.0000,0.0000,0.0000
4,hasta_001,1780004335.086,2026-05-29 00:38:55,947,NORMAL,51.4,70.8549,55.7422,23.8753,11.1468,14.2701,58.3835,64.1860,13.0742,25.3927,5.0807,20.3302,7.0258,3.4580,0.0002,0.0000,0.0000,0.0000
4,hasta_001,1780004335.130,2026-05-29 00:38:55,948,NORMAL,51.4,71.0367,55.1013,25.2666,11.1263,14.0772,58.5525,64.2226,13.2841,25.2190,5.2075,20.3302,7.0258,3.5605,0.0003,0.0000,0.0000,0.0000
4,hasta_001,1780004335.173,2026-05-29 00:38:55,949,NORMAL,51.4,71.2705,54.8450,26.0483,11.4299,13.8117,58.7387,64.2663,13.4898,25.0472,5.3184,20.3302,7.0258,3.6607,0.0005,0.0000,0.0000,0.0000
4,hasta_001,1780004335.220,2026-05-29 00:38:55,950,NORMAL,51.4,71.3384,54.6294,26.5290,11.8010,13.5344,58.9330,64.3107,13.6889,24.8775,5.4126,20.3302,7.0258,3.7591,0.0006,0.0000,0.0000,0.0000
4,hasta_001,1780004335.271,2026-05-29 00:38:55,951,NORMAL,51.4,71.4051,54.7376,26.4264,12.2954,13.1951,59.1314,64.3658,13.8999,24.7108,5.4889,20.3302,7.0258,3.8574,0.0006,0.0000,0.0000,0.0000
4,hasta_001,1780004335.311,2026-05-29 00:38:55,952,NORMAL,51.4,71.3789,54.8431,26.2011,12.6359,12.9407,59.3310,64.4331,14.1063,24.5478,5.5543,20.3302,7.0258,3.9550,0.0007,0.0000,0.0000,0.0000
4,hasta_001,1780004335.347,2026-05-29 00:38:55,953,NORMAL,51.4,71.3444,55.0592,25.7671,12.9211,12.6475,59.5264,64.5056,14.2940,24.3881,5.6105,20.3302,7.0258,4.0516,0.0007,0.0000,0.0000,0.0000
4,hasta_001,1780004335.401,2026-05-29 00:38:55,954,NORMAL,51.4,71.1344,55.1134,25.3803,13.2166,12.1919,59.7113,64.5698,14.4788,24.2328,5.6595,20.3302,7.0258,4.1442,0.0007,0.0000,0.0000,0.0000
4,hasta_001,1780004335.464,2026-05-29 00:38:55,955,NORMAL,51.4,70.8804,54.8791,25.4475,13.4094,11.5406,59.8869,64.6242,14.6662,24.0812,5.7035,20.3302,7.0258,4.2309,0.0007,0.0000,0.0000,0.0000
4,hasta_001,1780004335.527,2026-05-29 00:38:55,956,NORMAL,51.9,70.4616,54.4108,25.7076,13.5445,10.9718,60.0452,64.6634,14.8515,23.9347,5.7464,20.3302,7.0258,4.3106,0.0007,0.0000,0.0000,0.0000
4,hasta_001,1780004335.589,2026-05-29 00:38:55,957,NORMAL,51.9,69.9017,53.8259,25.9857,13.6825,10.5456,60.1882,64.6854,15.0431,23.7929,5.7875,20.3302,7.0258,4.3848,0.0007,0.0000,0.0000,0.0000
4,hasta_001,1780004335.648,2026-05-29 00:38:55,958,NORMAL,51.9,69.3009,53.5292,25.6805,13.8873,10.2362,60.3112,64.6922,15.2285,23.6567,5.8266,20.3302,7.0258,4.4547,0.0007,0.0000,0.0000,0.0000
4,hasta_001,1780004335.731,2026-05-29 00:38:55,959,NORMAL,51.9,69.0766,53.6581,25.1250,14.2276,10.0345,60.4137,64.6823,15.4091,23.5283,5.8631,20.3302,7.0258,4.5213,0.0007,0.0000,0.0000,0.0000
4,hasta_001,1780004335.763,2026-05-29 00:38:55,960,NORMAL,52.4,69.0241,53.8788,24.6460,14.3701,9.8617,60.4973,64.6568,15.5849,23.4067,5.9003,20.3302,7.0258,4.5850,0.0007,0.0000,0.0000,0.0000
4,hasta_001,1780004335.813,2026-05-29 00:38:55,961,NORMAL,53.4,69.1075,54.3186,23.9640,14.6423,9.3656,60.5606,64.6227,15.7416,23.2945,5.9378,20.3302,7.0258,4.6446,0.0007,0.0000,0.0000,0.0000
4,hasta_001,1780004335.861,2026-05-29 00:38:55,962,NORMAL,54.4,69.2279,54.6216,23.5872,14.8129,8.8126,60.6116,64.5811,15.8908,23.1883,5.9744,20.3302,7.0258,4.6989,0.0007,0.0000,0.0000,0.0000
4,hasta_001,1780004335.928,2026-05-29 00:38:55,963,NORMAL,54.4,69.3078,54.8268,23.3312,14.9840,8.0880,60.6493,64.5320,16.0311,23.0895,6.0111,20.3302,7.0258,4.7468,0.0007,0.0000,0.0000,0.0000
4,hasta_001,1780004335.975,2026-05-29 00:38:55,964,NORMAL,54.4,69.2222,55.0212,22.8599,15.2026,7.3637,60.6769,64.4737,16.1709,22.9986,6.0471,20.3302,7.0258,4.7875,0.0007,0.0000,0.0000,0.0000
4,hasta_001,1780004336.006,2026-05-29 00:38:56,965,NORMAL,55.9,69.0491,55.1804,22.3277,15.3698,6.7336,60.6961,64.4122,16.3030,22.9137,6.0820,20.3302,7.0258,4.8231,0.0007,0.0000,0.0000,0.0000
4,hasta_001,1780004336.060,2026-05-29 00:38:56,966,NORMAL,60.8,68.3019,54.9737,21.6233,15.5895,5.8155,60.6992,64.3401,16.4287,22.8341,6.1148,20.3302,7.0258,4.8502,0.0007,0.0000,0.0000,0.0000
4,hasta_001,1780004336.117,2026-05-29 00:38:56,967,NORMAL,60.4,66.5032,53.3747,21.9030,16.5661,5.1953,60.6816,64.2450,16.5634,22.7684,6.1394,20.3302,7.0258,4.8699,0.0007,0.0000,0.0000,0.0000
4,hasta_001,1780004336.159,2026-05-29 00:38:56,968,NORMAL,59.4,64.7118,51.1478,23.4146,17.2260,4.9607,60.6480,64.1257,16.7177,22.7120,6.1589,20.3302,7.0258,4.8858,0.0007,0.0000,0.0000,0.0000
4,hasta_001,1780004336.189,2026-05-29 00:38:56,969,NORMAL,57.9,62.9974,48.5775,25.8479,17.6499,4.9436,60.6795,64.0589,16.8955,22.6464,6.1705,20.3302,7.0258,4.9069,0.0006,0.0000,0.0000,0.0000
4,hasta_001,1780004336.259,2026-05-29 00:38:56,970,NORMAL,56.9,59.8022,43.3691,31.8558,18.2530,4.9011,60.7117,63.9785,17.1161,22.5755,6.1717,20.3302,7.0258,4.9302,0.0007,0.0000,0.0000,0.0000
4,hasta_001,1780004336.324,2026-05-29 00:38:56,971,NORMAL,56.9,56.9636,39.5158,36.1689,18.8306,4.8917,60.7386,63.8871,17.3657,22.5058,6.1664,20.3302,7.0258,4.9567,0.0008,0.0000,0.0000,0.0000
4,hasta_001,1780004336.373,2026-05-29 00:38:56,972,NORMAL,57.5,55.1114,37.2477,38.6832,19.2229,4.7927,60.7596,63.7875,17.6325,22.4386,6.1578,20.3302,7.0258,4.9852,0.0008,0.0000,0.0000,0.0000
4,hasta_001,1780004336.433,2026-05-29 00:38:56,973,NORMAL,57.5,53.3322,35.3225,40.6289,19.5393,4.5189,60.7706,63.6764,17.9154,22.3737,6.1470,20.3302,7.0258,5.0127,0.0009,0.0000,0.0000,0.0000
4,hasta_001,1780004336.492,2026-05-29 00:38:56,974,NORMAL,57.6,51.8881,34.2325,41.0019,19.7290,4.2263,60.7745,63.5608,18.2016,22.3109,6.1352,20.3302,7.0258,5.0388,0.0010,0.0000,0.0000,0.0000
4,hasta_001,1780004336.533,2026-05-29 00:38:56,975,NORMAL,57.6,51.1161,33.5928,41.3732,19.7921,4.0787,60.7747,63.4409,18.4941,22.2500,6.1236,20.3302,7.0258,5.0643,0.0011,0.0000,0.0000,0.0000
4,hasta_001,1780004336.607,2026-05-29 00:38:56,976,NORMAL,57.6,50.1838,32.6309,42.3907,19.7805,4.0795,60.7590,63.3084,18.7886,22.1908,6.1129,20.3302,7.0258,5.0900,0.0012,0.0000,0.0000,0.0000
4,hasta_001,1780004336.669,2026-05-29 00:38:56,977,NORMAL,57.5,49.3163,31.4631,44.2022,19.7802,4.3376,60.7215,63.1540,19.0958,22.1361,6.1048,20.3302,7.0258,5.1172,0.0011,0.0000,0.0000,0.0000
4,hasta_001,1780004336.704,2026-05-29 00:38:56,978,NORMAL,57.5,48.7566,30.2915,46.7186,20.0619,4.5678,60.6592,62.9685,19.4287,22.0908,6.0999,20.3302,7.0258,5.1445,0.0013,0.0000,0.0000,0.0000
4,hasta_001,1780004336.756,2026-05-29 00:38:56,979,NORMAL,56.9,48.1289,29.4410,48.1833,20.8151,4.9689,60.5687,62.7501,19.7815,22.0610,6.0973,20.3302,7.0258,5.1727,0.0037,0.0000,0.0000,0.0000
4,hasta_001,1780004336.824,2026-05-29 00:38:56,980,NORMAL,56.9,47.3370,28.6814,49.0819,21.8822,5.4916,60.5116,62.3906,19.9573,22.0850,6.0909,20.3302,7.0258,5.1772,0.0027,0.0000,0.0000,0.0000
4,hasta_001,1780004336.856,2026-05-29 00:38:56,981,NORMAL,56.9,46.8151,28.4974,48.6446,22.4187,5.8090,60.4510,62.0261,20.1232,22.1053,6.0879,20.3302,7.0258,5.1834,0.0020,0.0000,0.0000,0.0000
4,hasta_001,1780004336.886,2026-05-29 00:38:56,982,NORMAL,56.4,46.2838,28.5426,47.4195,22.8127,6.1775,60.3853,61.6610,20.2789,22.1178,6.0878,20.3302,7.0258,5.1916,0.0014,0.0000,0.0000,0.0000
4,hasta_001,1780004336.942,2026-05-29 00:38:56,983,NORMAL,54.9,45.6307,28.8096,45.1937,23.3951,6.7778,60.3130,61.2995,20.4198,22.1216,6.0885,20.3302,7.0258,5.2031,0.0008,0.0000,0.0000,0.0000
4,hasta_001,1780004337.007,2026-05-29 00:38:57,984,NORMAL,54.4,44.7550,30.0381,39.3536,23.9176,7.2818,60.2325,60.9523,20.5194,22.1181,6.0873,20.3302,7.0258,5.2170,0.0004,0.0000,0.0000,0.0000
4,hasta_001,1780004337.069,2026-05-29 00:38:57,985,NORMAL,54.4,43.7781,31.8091,31.6692,24.2634,7.5716,60.1423,60.6259,20.5659,22.1123,6.0849,20.3302,7.0258,5.2339,0.0001,0.0000,0.0000,0.0000
4,hasta_001,1780004337.101,2026-05-29 00:38:57,986,NORMAL,54.4,42.7936,32.6966,26.7506,24.4274,7.6036,60.0399,60.3153,20.5904,22.1045,6.0814,20.3302,7.0258,5.2560,0.0002,0.0000,0.0000,0.0000
4,hasta_001,1780004337.166,2026-05-29 00:38:57,987,NORMAL,57.2,40.8575,33.9147,18.5705,24.6106,7.4488,59.9183,60.0194,20.5586,22.0977,6.0781,20.3302,7.0258,5.2806,0.0005,0.0000,0.0000,0.0000
4,hasta_001,1780004337.224,2026-05-29 00:38:57,988,NORMAL,64.3,39.5880,34.4014,14.0197,24.7958,7.0330,59.7820,59.7345,20.5062,22.0926,6.0756,20.3302,7.0258,5.3076,0.0007,0.0000,0.0000,0.0000
4,hasta_001,1780004337.277,2026-05-29 00:38:57,989,NORMAL,65.5,38.9916,34.6757,11.7173,24.9830,6.4180,59.6365,59.4574,20.4502,22.0896,6.0741,20.3302,7.0258,5.3351,0.0009,0.0000,0.0000,0.0000
4,hasta_001,1780004337.320,2026-05-29 00:38:57,990,NORMAL,71.8,38.8418,34.3010,12.4164,25.3574,5.6690,59.4852,59.1809,20.4131,22.0905,6.0745,20.3302,7.0258,5.3608,0.0010,0.0000,0.0000,0.0000
4,hasta_001,1780004337.371,2026-05-29 00:38:57,991,NORMAL,63.8,38.8316,31.6962,20.2341,25.9027,4.5932,59.3304,58.8845,20.4500,22.0964,6.0779,20.3302,7.0258,5.3801,0.0012,0.0000,0.0000,0.0000
4,hasta_001,1780004337.437,2026-05-29 00:38:57,992,NORMAL,57.6,38.8934,26.4717,38.0071,26.6013,3.1777,59.1732,58.5444,20.6398,22.1078,6.0851,20.3302,7.0258,5.3893,0.0014,0.0000,0.0000,0.0000
4,hasta_001,1780004337.493,2026-05-29 00:38:57,993,NORMAL,57.6,38.6302,21.8125,55.6482,27.1246,2.4250,59.0123,58.1658,20.9797,22.1245,6.0960,20.3302,7.0258,5.3943,0.0015,0.0000,0.0000,0.0000
4,hasta_001,1780004337.563,2026-05-29 00:38:57,994,NORMAL,57.6,37.6601,20.6926,58.1547,27.6347,2.3029,58.8427,57.7771,21.3403,22.1488,6.1121,20.3302,7.0258,5.4021,0.0015,0.0000,0.0000,0.0000
4,hasta_001,1780004337.631,2026-05-29 00:38:57,995,NORMAL,57.6,36.4672,21.1102,53.3438,27.8683,2.4984,58.6643,57.3914,21.6581,22.1792,6.1314,20.3302,7.0258,5.4130,0.0015,0.0000,0.0000,0.0000
4,hasta_001,1780004337.690,2026-05-29 00:38:57,996,NORMAL,57.6,35.8395,22.8649,44.2034,28.0488,2.7863,58.4823,57.0192,21.8954,22.2093,6.1512,20.3302,7.0258,5.4262,0.0015,0.0000,0.0000,0.0000
4,hasta_001,1780004337.735,2026-05-29 00:38:57,997,NORMAL,57.6,35.6285,24.5763,36.7154,28.1338,3.0317,58.3005,56.6602,22.0653,22.2352,6.1695,20.3302,7.0258,5.4408,0.0015,0.0000,0.0000,0.0000
4,hasta_001,1780004337.792,2026-05-29 00:38:57,998,NORMAL,58.6,35.4185,27.1849,26.3042,28.0034,3.2938,58.1190,56.3218,22.1431,22.2516,6.1822,20.3302,7.0258,5.4566,0.0016,0.0000,0.0000,0.0000
4,hasta_001,1780004337.845,2026-05-29 00:38:57,999,NORMAL,61.6,35.2049,28.2148,22.0441,27.8494,3.3829,57.9383,55.9905,22.1790,22.2527,6.1832,20.3302,7.0258,5.4715,0.0016,0.0000,0.0000,0.0000
4,hasta_001,1780004337.891,2026-05-29 00:38:57,1000,NORMAL,62.9,34.8975,28.3778,20.6073,27.9430,3.3745,57.7572,55.6607,22.1992,22.2424,6.1727,20.3302,7.0258,5.4849,0.0017,0.0000,0.0000,0.0000
4,hasta_001,1780004337.938,2026-05-29 00:38:57,1001,NORMAL,65.4,34.4179,28.5348,18.6906,27.8021,3.3049,57.5737,55.3322,22.2007,22.2206,6.1484,20.3302,7.0258,5.4968,0.0015,0.0000,0.0000,0.0000
4,hasta_001,1780004337.994,2026-05-29 00:38:57,1002,NORMAL,68.8,33.5813,28.6080,15.9942,27.5131,3.2849,57.3857,55.0037,22.1744,22.1838,6.1033,20.3302,7.0258,5.5074,0.0013,0.0000,0.0000,0.0000
4,hasta_001,1780004338.074,2026-05-29 00:38:58,1003,NORMAL,72.6,32.0252,28.9276,10.1639,27.0302,3.4400,57.1880,54.6771,22.0927,22.1290,6.0294,20.3302,7.0258,5.5194,0.0013,0.0000,0.0000,0.0000
4,hasta_001,1780004338.144,2026-05-29 00:38:58,1004,NORMAL,72.6,32.2714,30.9253,4.2599,26.6659,3.8542,56.9942,54.3660,21.9567,22.0675,5.9447,20.3302,7.0258,5.5351,0.0012,0.0000,0.0000,0.0000
4,hasta_001,1780004338.189,2026-05-29 00:38:58,1005,NORMAL,72.6,33.2193,30.2169,9.4660,26.5169,4.2463,56.8100,54.0475,21.8591,22.0045,5.8565,20.3302,7.0258,5.5552,0.0011,0.0000,0.0000,0.0000
4,hasta_001,1780004338.254,2026-05-29 00:38:58,1006,NORMAL,60.4,35.7943,28.6540,22.1582,26.4553,4.9491,56.6481,53.7143,21.8632,21.9431,5.7703,20.3302,7.0258,5.5821,0.0012,0.0000,0.0000,0.0000
4,hasta_001,1780004338.297,2026-05-29 00:38:58,1007,NORMAL,56.9,38.2216,24.8012,42.5891,26.4776,5.4648,56.5079,53.3464,22.0313,21.8864,5.6915,20.3302,7.0258,5.6147,0.0011,0.0000,0.0000,0.0000
4,hasta_001,1780004338.341,2026-05-29 00:38:58,1008,NORMAL,56.9,40.5983,23.5889,52.9992,26.4011,5.9540,56.3876,52.9666,22.2833,21.8354,5.6228,20.3302,7.0258,5.6532,0.0012,0.0000,0.0000,0.0000
4,hasta_001,1780004338.391,2026-05-29 00:38:58,1009,NORMAL,54.9,42.9877,21.5957,66.2459,26.2248,6.5906,56.2863,52.5692,22.6459,21.7889,5.5630,20.3302,7.0258,5.6982,0.0011,0.0000,0.0000,0.0000
4,hasta_001,1780004338.436,2026-05-29 00:38:58,1010,NORMAL,54.4,44.8312,20.7995,73.2334,26.0753,7.3340,56.1999,52.1655,23.0681,21.7467,5.5109,20.3302,7.0258,5.7502,0.0011,0.0000,0.0000,0.0000
4,hasta_001,1780004338.487,2026-05-29 00:38:58,1011,NORMAL,54.4,46.8018,19.9006,80.6606,25.6749,8.0558,56.1293,51.7552,23.5545,21.7086,5.4676,20.3302,7.0258,5.8089,0.0012,0.0000,0.0000,0.0000
4,hasta_001,1780004338.530,2026-05-29 00:38:58,1012,NORMAL,54.4,48.3602,17.8172,92.3065,25.2421,8.5070,56.0708,51.3293,24.1422,21.6781,5.4375,20.3302,7.0258,5.8721,0.0011,0.0000,0.0000,0.0000
4,hasta_001,1780004338.582,2026-05-29 00:38:58,1013,NORMAL,54.4,50.0613,16.0754,102.7748,24.8110,8.7456,56.0262,50.8918,24.8219,21.6613,5.4247,20.3302,7.0258,5.9379,0.0011,0.0000,0.0000,0.0000
4,hasta_001,1780004338.662,2026-05-29 00:38:58,1014,NORMAL,54.4,51.4561,15.8279,105.9040,24.3105,8.7489,55.9926,50.4553,25.5329,21.6533,5.4200,20.3302,7.0258,6.0039,0.0010,0.0000,0.0000,0.0000
4,hasta_001,1780004338.722,2026-05-29 00:38:58,1015,NORMAL,54.4,51.1601,16.5588,102.1910,23.8530,8.3642,55.9524,50.0271,26.2235,21.6545,5.4205,20.3302,7.0258,6.0671,0.0012,0.0000,0.0000,0.0000
4,hasta_001,1780004338.757,2026-05-29 00:38:58,1016,NORMAL,54.4,50.0685,17.9140,94.5966,23.4573,8.0754,55.8954,49.6127,26.8684,21.6651,5.4228,20.3302,7.0258,6.1280,0.0010,0.0000,0.0000,0.0000
4,hasta_001,1780004338.807,2026-05-29 00:38:58,1017,NORMAL,54.4,47.2738,20.1163,80.5977,22.9734,7.6500,55.8077,49.2170,27.4098,21.6792,5.4240,20.3302,7.0258,6.1860,0.0010,0.0000,0.0000,0.0000
4,hasta_001,1780004338.846,2026-05-29 00:38:58,1018,NORMAL,54.4,43.9487,21.7158,67.7167,22.6108,7.4318,55.6854,48.8355,27.8567,21.6914,5.4244,20.3302,7.0258,6.2427,0.0012,0.0000,0.0000,0.0000
4,hasta_001,1780004338.902,2026-05-29 00:38:58,1019,NORMAL,54.4,39.1669,24.0714,47.7415,22.2727,7.3595,55.5148,48.4737,28.1517,21.7015,5.4243,20.3302,7.0258,6.2991,0.0011,0.0000,0.0000,0.0000
4,hasta_001,1780004338.964,2026-05-29 00:38:58,1020,NORMAL,54.4,34.8467,25.5883,30.6392,22.2562,7.5312,55.2987,48.1226,28.3169,21.7112,5.4243,20.3302,7.0258,6.3568,0.0011,0.0000,0.0000,0.0000
4,hasta_001,1780004339.029,2026-05-29 00:38:59,1021,NORMAL,63.8,30.8368,26.6034,14.7401,23.1925,7.9309,55.0388,47.7800,28.3668,21.7275,5.4258,20.3302,7.0258,6.4168,0.0011,0.0000,0.0000,0.0000
4,hasta_001,1780004339.103,2026-05-29 00:38:59,1022,NORMAL,63.2,27.3658,28.1936,2.9799,24.6413,8.5121,54.7480,47.4546,28.3274,21.7546,5.4321,20.3302,7.0258,6.4802,0.0012,0.0000,0.0000,0.0000
4,hasta_001,1780004339.170,2026-05-29 00:38:59,1023,NORMAL,53.9,23.8835,30.4024,24.0170,25.5559,9.0916,54.4334,47.1515,28.4609,21.7897,5.4430,20.3302,7.0258,6.5475,0.0006,0.0000,0.0000,0.0000
4,hasta_001,1780004339.222,2026-05-29 00:38:59,1024,NORMAL,53.4,20.3484,32.1091,44.8393,26.3086,9.4595,54.0951,46.8653,28.7625,21.8311,5.4583,20.3302,7.0258,6.6172,0.0004,0.0000,0.0000,0.0000
4,hasta_001,1780004339.283,2026-05-29 00:38:59,1025,NORMAL,52.4,16.1612,34.1192,71.4314,27.1164,9.7430,53.7345,46.5997,29.2707,21.8738,5.4794,20.3302,7.0258,6.6885,0.0003,0.0000,0.0000,0.0000
4,hasta_001,1780004339.347,2026-05-29 00:38:59,1026,NORMAL,52.4,12.2583,36.7107,99.8691,28.3677,9.6825,53.3545,46.3549,29.9922,21.9199,5.5105,20.3302,7.0258,6.7585,0.0001,0.0000,0.0000,0.0000
4,hasta_001,1780004339.406,2026-05-29 00:38:59,1027,NORMAL,53.4,9.5183,39.6420,122.5531,29.0597,9.3831,52.9641,46.1344,30.8810,21.9620,5.5454,20.3302,7.0258,6.8253,0.0000,0.0000,0.0000,0.0000
4,hasta_001,1780004339.476,2026-05-29 00:38:59,1028,NORMAL,54.4,8.1165,42.3637,135.6856,29.5619,8.7703,52.5699,45.9359,31.8642,21.9961,5.5794,20.3302,7.0258,6.8864,0.0000,0.0000,0.0000,0.0000
4,hasta_001,1780004339.522,2026-05-29 00:38:59,1029,NORMAL,54.4,7.6254,42.3777,139.0007,29.6109,8.0817,52.1727,45.7366,32.8718,22.0164,5.6026,20.3302,7.0258,6.9416,0.0000,0.0000,0.0000,0.0000
4,hasta_001,1780004339.580,2026-05-29 00:38:59,1030,NORMAL,53.9,7.4770,37.5832,133.6266,29.4672,7.1277,51.7705,45.4957,33.8387,22.0218,5.6094,20.3302,7.0258,6.9887,0.0001,0.5000,0.0000,0.0000
4,hasta_001,1780004339.635,2026-05-29 00:38:59,1031,NORMAL,55.4,7.8892,31.0846,119.0311,29.2173,6.2203,51.3647,45.1977,34.6921,22.0157,5.6012,20.3302,7.0258,7.0287,0.0001,0.5000,0.0000,0.0000
4,hasta_001,1780004339.679,2026-05-29 00:38:59,1032,NORMAL,55.9,8.6481,26.0599,100.3328,29.0455,5.5010,50.9574,44.8545,35.3983,22.0027,5.5831,20.3302,7.0258,7.0635,0.0000,0.5000,0.0000,0.0000
4,hasta_001,1780004339.728,2026-05-29 00:38:59,1033,NORMAL,56.9,9.9031,23.4139,81.1044,28.8125,4.9152,50.5475,44.4810,35.9544,21.9838,5.5560,20.3302,7.0258,7.0952,0.0000,0.0000,0.0000,0.0000
4,hasta_001,1780004339.800,2026-05-29 00:38:59,1034,NORMAL,57.5,11.5542,22.0530,62.4791,28.4557,4.4024,50.1457,44.0929,36.3602,21.9624,5.5260,20.3302,7.0258,7.1243,0.0003,0.0000,0.0000,0.0000
4,hasta_001,1780004339.845,2026-05-29 00:38:59,1035,NORMAL,57.6,12.6161,22.4684,56.1635,28.5457,4.2348,49.7473,43.7051,36.7178,21.9443,5.5008,20.3302,7.0258,7.1526,0.0004,0.0000,0.0000,0.0000
4,hasta_001,1780004339.919,2026-05-29 00:38:59,1036,NORMAL,57.6,14.9804,24.8717,49.6403,28.6095,4.0028,49.3646,43.3340,37.0229,21.9316,5.4837,20.3302,7.0258,7.1773,0.0003,0.0000,0.0000,0.0000
4,hasta_001,1780004339.965,2026-05-29 00:38:59,1037,NORMAL,57.6,16.8892,26.8825,45.6608,28.7339,3.9502,48.9949,42.9767,37.2950,21.9238,5.4733,20.3302,7.0258,7.1983,0.0003,0.0000,0.0000,0.0000
4,hasta_001,1780004339.997,2026-05-29 00:38:59,1038,NORMAL,57.6,18.9906,28.5598,40.2486,28.7769,4.0718,48.6411,42.6310,37.5215,21.9196,5.4678,20.3302,7.0258,7.2175,0.0004,0.0000,0.0000,0.0000
4,hasta_001,1780004340.050,2026-05-29 00:39:00,1039,NORMAL,57.5,23.0059,31.7966,32.0813,28.9787,4.4657,48.3182,42.3084,37.6784,21.9250,5.4745,20.3302,7.0258,7.2352,0.0005,0.0000,0.0000,0.0000
4,hasta_001,1780004340.118,2026-05-29 00:39:00,1040,NORMAL,57.9,26.8146,35.4522,27.7440,29.2473,5.0488,48.0246,42.0132,37.7991,21.9408,5.4929,20.3302,7.0258,7.2527,0.0005,0.0000,0.0000,0.0000
4,hasta_001,1780004340.154,2026-05-29 00:39:00,1041,NORMAL,60.4,29.3628,36.8161,22.5249,29.2929,5.4207,47.7506,41.7273,37.8758,21.9637,5.5176,20.3302,7.0258,7.2698,0.0006,0.0000,0.0000,0.0000
4,hasta_001,1780004340.198,2026-05-29 00:39:00,1042,NORMAL,71.3,32.4102,37.4727,14.4885,29.4947,5.8508,47.5000,41.4438,37.8844,21.9997,5.5525,20.3302,7.0258,7.2842,0.0008,0.0000,0.0000,0.0000
4,hasta_001,1780004340.226,2026-05-29 00:39:00,1043,NORMAL,71.0,34.1223,37.6160,9.7399,29.4785,6.1991,47.2623,41.1595,37.8528,22.0411,5.5894,20.3302,7.0258,7.2970,0.0009,0.0000,0.0000,0.0000
4,hasta_001,1780004340.286,2026-05-29 00:39:00,1044,NORMAL,65.7,37.1165,38.5851,3.8800,29.4541,6.8414,47.0478,40.8797,37.7703,22.0880,5.6277,20.3302,7.0258,7.3100,0.0009,0.0000,0.0000,0.0000
4,hasta_001,1780004340.343,2026-05-29 00:39:00,1045,NORMAL,65.7,39.0932,39.9777,2.2372,29.5219,7.2620,46.8474,40.6084,37.6735,22.1402,5.6672,20.3302,7.0258,7.3248,0.0011,0.0000,0.0000,0.0000
4,hasta_001,1780004340.392,2026-05-29 00:39:00,1046,NORMAL,65.7,39.4187,40.0870,1.6812,29.6131,7.4898,46.6490,40.3350,37.5691,22.1976,5.7076,20.3302,7.0258,7.3428,0.0011,0.0000,0.0000,0.0000
4,hasta_001,1780004340.443,2026-05-29 00:39:00,1047,NORMAL,65.2,38.7906,40.0342,3.1553,29.9564,7.6699,46.4452,40.0589,37.4743,22.2603,5.7510,20.3302,7.0258,7.3635,0.0013,0.0000,0.0000,0.0000
4,hasta_001,1780004340.499,2026-05-29 00:39:00,1048,NORMAL,64.7,37.4117,39.1335,4.4990,30.4442,7.7550,46.2300,39.7742,37.3889,22.3300,5.7989,20.3302,7.0258,7.3854,0.0015,0.0000,0.0000,0.0000
4,hasta_001,1780004340.545,2026-05-29 00:39:00,1049,NORMAL,64.7,36.1616,38.1670,5.3959,30.8166,7.7993,46.0053,39.4808,37.3088,22.4036,5.8498,20.3302,7.0258,7.4084,0.0015,0.0000,0.0000,0.0000
4,hasta_001,1780004340.594,2026-05-29 00:39:00,1050,NORMAL,64.7,34.2719,36.3611,5.9158,31.2164,7.8418,45.7657,39.1728,37.2321,22.4816,5.9042,20.3302,7.0258,7.4316,0.0016,0.0000,0.0000,0.0000
4,hasta_001,1780004340.662,2026-05-29 00:39:00,1051,NORMAL,64.7,31.7564,34.2038,7.4210,31.7754,8.1127,45.5066,38.8486,37.1684,22.5674,5.9635,20.3302,7.0258,7.4535,0.0018,0.0000,0.0000,0.0000
4,hasta_001,1780004340.716,2026-05-29 00:39:00,1052,NORMAL,63.0,29.6729,33.2680,11.4237,32.2103,8.5348,45.2313,38.5196,37.1399,22.6600,6.0259,20.3302,7.0258,7.4732,0.0021,0.0000,0.0000,0.0000
4,hasta_001,1780004340.758,2026-05-29 00:39:00,1053,NORMAL,60.3,28.2655,32.5959,14.2305,32.4538,9.0265,44.9456,38.1898,37.1396,22.7578,6.0885,20.3302,7.0258,7.4901,0.0024,0.0000,0.0000,0.0000
4,hasta_001,1780004340.787,2026-05-29 00:39:00,1054,NORMAL,58.9,27.0682,31.9024,16.3952,32.5914,9.4512,44.6513,37.8643,37.1689,22.8600,6.1495,20.3302,7.0258,7.5010,0.0027,0.0000,0.0000,0.0000
4,hasta_001,1780004340.843,2026-05-29 00:39:00,1055,NORMAL,53.4,25.2007,31.3570,21.7700,32.6627,10.3413,44.3422,37.5415,37.2522,22.9647,6.2082,20.3302,7.0258,7.5146,0.0029,0.0000,0.0000,0.0000
4,hasta_001,1780004340.897,2026-05-29 00:39:00,1056,NORMAL,51.9,24.2175,30.6566,23.4689,32.5545,11.0686,44.0263,37.2257,37.3658,23.0724,6.2613,20.3302,7.0258,7.5264,0.0030,0.0000,0.0000,0.0000
4,hasta_001,1780004340.952,2026-05-29 00:39:00,1057,NORMAL,51.9,23.8082,30.1672,23.5626,32.3555,11.5544,43.7082,36.9181,37.4962,23.1816,6.3079,20.3302,7.0258,7.5362,0.0032,0.0000,0.0000,0.0000
4,hasta_001,1780004341.009,2026-05-29 00:39:01,1058,NORMAL,51.9,23.8191,30.4995,24.5970,32.2500,11.7797,43.3915,36.6265,37.6531,23.2922,6.3494,20.3302,7.0258,7.5420,0.0033,0.0000,0.0000,0.0000
4,hasta_001,1780004341.054,2026-05-29 00:39:01,1059,NORMAL,51.9,23.9870,30.5536,24.0798,32.0587,11.7271,43.0768,36.3509,37.8290,23.4065,6.3826,20.3302,7.0258,7.5385,0.0035,0.0000,0.0000,0.0000
4,hasta_001,1780004341.117,2026-05-29 00:39:01,1060,NORMAL,51.4,23.6418,33.3197,33.9805,31.7978,11.4505,42.7576,36.1098,38.1080,23.5271,6.4033,20.3302,7.0258,7.5249,0.0037,0.0000,0.0000,0.0000
4,hasta_001,1780004341.162,2026-05-29 00:39:01,1061,NORMAL,51.4,23.5962,35.7904,41.0669,31.5715,11.0256,42.4334,35.8989,38.4313,23.6560,6.4083,20.3302,7.0258,7.5020,0.0037,0.0000,0.0000,0.0000
4,hasta_001,1780004341.210,2026-05-29 00:39:01,1062,NORMAL,51.9,23.6529,36.5943,42.9608,31.3104,10.3620,42.0999,35.7041,38.7395,23.7926,6.3952,20.3302,7.0258,7.4706,0.0038,0.0000,0.0000,0.0000
4,hasta_001,1780004341.280,2026-05-29 00:39:01,1063,NORMAL,53.4,23.6156,38.1152,46.9767,30.9613,9.3025,41.7485,35.5295,39.0413,23.9373,6.3593,20.3302,7.0258,7.4285,0.0039,0.0000,0.0000,0.0000
4,hasta_001,1780004341.337,2026-05-29 00:39:01,1064,NORMAL,54.4,24.1529,38.4104,45.5780,30.6203,8.4178,41.3817,35.3624,39.2934,24.0890,6.2994,20.3302,7.0258,7.3780,0.0040,0.0000,0.0000,0.0000
4,hasta_001,1780004341.382,2026-05-29 00:39:01,1065,NORMAL,54.4,25.0591,38.4121,42.0758,30.2360,7.6507,41.0071,35.2032,39.4806,24.2451,6.2171,20.3302,7.0258,7.3210,0.0040,0.0000,0.0000,0.0000
4,hasta_001,1780004341.426,2026-05-29 00:39:01,1066,NORMAL,54.9,26.1709,38.7444,38.7381,29.8207,6.8449,40.6367,35.0550,39.6188,24.3997,6.1226,20.3302,7.0258,7.2576,0.0041,0.0000,0.0000,0.0000
4,hasta_001,1780004341.494,2026-05-29 00:39:01,1067,NORMAL,57.4,28.1555,38.4228,30.8429,29.1332,5.6932,40.2808,34.9107,39.6768,24.5496,6.0155,20.3302,7.0258,7.1862,0.0041,0.0000,0.0000,0.0000
4,hasta_001,1780004341.570,2026-05-29 00:39:01,1068,NORMAL,61.8,31.0854,38.6069,21.5849,28.4332,4.5487,39.9479,34.7732,39.6462,24.6938,5.8983,20.3302,7.0258,7.1068,0.0041,0.0000,0.0000,0.0000
4,hasta_001,1780004341.627,2026-05-29 00:39:01,1069,NORMAL,71.4,33.5105,39.0165,15.1835,27.9315,3.7884,39.6332,34.6413,39.5556,24.8313,5.7786,20.3302,7.0258,7.0232,0.0040,0.0000,0.0000,0.0000
4,hasta_001,1780004341.701,2026-05-29 00:39:01,1070,NORMAL,72.6,36.8370,39.9093,8.0063,27.3782,3.0291,39.3457,34.5186,39.4013,24.9611,5.6581,20.3302,7.0258,6.9357,0.0039,0.0000,0.0000,0.0000
4,hasta_001,1780004341.751,2026-05-29 00:39:01,1071,NORMAL,73.1,39.1712,40.2286,2.6635,27.1206,2.6000,39.0771,34.3977,39.2032,25.0847,5.5408,20.3302,7.0258,6.8474,0.0038,0.0000,0.0000,0.0000
4,hasta_001,1780004341.799,2026-05-29 00:39:01,1072,NORMAL,72.6,41.4999,40.7074,1.9280,26.8827,2.2241,38.8281,34.2799,39.0010,25.2034,5.4242,20.3302,7.0258,6.7581,0.0037,0.0000,0.0000,0.0000
4,hasta_001,1780004341.842,2026-05-29 00:39:01,1073,NORMAL,72.1,43.5244,41.3880,5.0320,26.7592,1.9178,38.5963,34.1660,38.8282,25.3187,5.3077,20.3302,7.0258,6.6687,0.0036,0.0000,0.0000,0.0000
4,hasta_001,1780004341.891,2026-05-29 00:39:01,1074,NORMAL,72.1,45.5739,42.7216,6.4608,26.6070,1.6624,38.3833,34.0627,38.6705,25.4303,5.1916,20.3302,7.0258,6.5809,0.0035,0.0000,0.0000,0.0000
4,hasta_001,1780004341.950,2026-05-29 00:39:01,1075,NORMAL,72.1,47.6174,43.9529,8.0037,26.2238,1.3909,38.1894,33.9717,38.5251,25.5371,5.0737,20.3302,7.0258,6.4964,0.0034,0.0000,0.0000,0.0000
4,hasta_001,1780004341.996,2026-05-29 00:39:01,1076,NORMAL,73.1,48.7406,44.4182,9.2796,25.9297,1.1874,38.0084,33.8884,38.3882,25.6403,4.9533,20.3302,7.0258,6.4148,0.0033,0.0000,0.0000,0.0000
4,hasta_001,1780004342.085,2026-05-29 00:39:02,1077,NORMAL,73.1,49.4415,44.5615,10.3828,25.4889,0.9591,37.8379,33.8112,38.2582,25.7387,4.8305,20.3302,7.0258,6.3349,0.0032,0.0000,0.0000,0.0000
4,hasta_001,1780004342.146,2026-05-29 00:39:02,1078,NORMAL,73.1,49.3791,44.5571,10.2664,25.1461,0.9255,37.6719,33.7364,38.1298,25.8325,4.7072,20.3302,7.0258,6.2573,0.0032,0.0000,0.0000,0.0000
4,hasta_001,1780004342.211,2026-05-29 00:39:02,1079,NORMAL,73.1,49.0793,44.5027,9.7810,24.7562,1.0901,37.5053,33.6601,38.0019,25.9203,4.5866,20.3302,7.0258,6.1828,0.0031,0.0000,0.0000,0.0000
4,hasta_001,1780004342.258,2026-05-29 00:39:02,1080,NORMAL,72.1,48.6457,44.4619,8.9870,24.4616,1.3492,37.3354,33.5817,37.8714,26.0043,4.4650,20.3302,7.0258,6.1119,0.0031,0.0000,0.0000,0.0000
4,hasta_001,1780004342.295,2026-05-29 00:39:02,1081,NORMAL,72.1,48.2032,44.3676,8.2868,24.1961,1.6883,37.1612,33.4987,37.7408,26.0840,4.3452,20.3302,7.0258,6.0479,0.0031,0.0000,0.0000,0.0000
4,hasta_001,1780004342.352,2026-05-29 00:39:02,1082,NORMAL,72.6,47.7033,44.3592,7.2649,23.9226,2.3664,36.9819,33.4132,37.6047,26.1599,4.2256,20.3302,7.0258,5.9942,0.0031,0.0000,0.0000,0.0000
4,hasta_001,1780004342.385,2026-05-29 00:39:02,1083,NORMAL,72.6,47.4155,44.2859,6.8257,23.8046,2.8750,36.7994,33.3254,37.4672,26.2334,4.1056,20.3302,7.0258,5.9507,0.0031,0.0000,0.0000,0.0000
4,hasta_001,1780004342.451,2026-05-29 00:39:02,1084,NORMAL,72.6,46.9389,44.0296,6.3963,23.6365,3.9027,36.6137,33.2338,37.3300,26.3037,3.9866,20.3302,7.0258,5.9219,0.0031,0.0000,0.0000,3.0000
4,hasta_001,1780004342.500,2026-05-29 00:39:02,1085,NORMAL,72.0,46.8348,43.7937,6.7111,23.5692,4.7992,36.4286,33.1389,37.1999,26.3720,3.8671,20.3302,7.0258,5.9058,0.0031,0.0000,0.0000,3.0000
4,hasta_001,1780004342.555,2026-05-29 00:39:02,1086,NORMAL,72.0,46.8017,43.8204,6.5797,23.5118,5.9570,36.2494,33.0460,37.0745,26.4380,3.7482,20.3302,7.0258,5.9069,0.0031,0.0000,0.0000,3.0000
4,hasta_001,1780004342.590,2026-05-29 00:39:02,1087,NORMAL,65.7,46.8239,44.0046,6.2081,23.4396,6.8310,36.0854,32.9679,36.9437,26.4953,3.6481,20.3302,7.0258,5.9206,0.0032,0.0000,0.0000,0.0000
4,hasta_001,1780004342.621,2026-05-29 00:39:02,1088,NORMAL,61.7,46.7993,44.0506,6.0512,23.4493,7.7072,35.9362,32.9087,36.7990,26.5472,3.5591,20.3302,7.0258,5.9435,0.0032,0.5000,0.0000,0.0000
4,hasta_001,1780004342.651,2026-05-29 00:39:02,1089,NORMAL,58.7,46.6647,43.9999,5.8783,23.4087,8.5340,35.8001,32.8706,36.6326,26.5951,3.4767,20.3302,7.0258,5.9734,0.0032,1.0000,0.0000,0.0000
4,hasta_001,1780004342.683,2026-05-29 00:39:02,1090,NORMAL,55.2,46.3575,43.8531,5.5525,23.3359,9.2639,35.6880,32.8746,36.4134,26.6375,3.4050,20.3302,7.0258,6.0097,0.0031,1.0000,0.0000,0.0000
4,hasta_001,1780004342.717,2026-05-29 00:39:02,1091,NORMAL,53.7,45.6759,43.7163,4.3842,23.2754,9.8603,35.5940,32.9096,36.1485,26.6745,3.3435,20.3302,7.0258,6.0511,0.0031,1.0000,0.0000,0.0000
4,hasta_001,1780004342.746,2026-05-29 00:39:02,1092,NORMAL,53.7,44.4789,43.4798,2.2719,23.2350,10.2204,35.5054,32.9615,35.8451,26.7080,3.2885,20.3302,7.0258,6.0964,0.0032,1.0000,0.0000,0.0000
4,hasta_001,1780004342.778,2026-05-29 00:39:02,1093,NORMAL,53.7,42.4751,42.9643,1.1451,23.3612,10.3682,35.4149,33.0252,35.5161,26.7398,3.2370,20.3302,7.0258,6.1451,0.0033,1.0000,0.0000,3.0000
4,hasta_001,1780004342.837,2026-05-29 00:39:02,1094,NORMAL,53.2,38.8040,42.4072,8.8738,23.7389,10.2127,35.3059,33.0934,35.2483,26.7732,3.1847,20.3302,7.0258,6.1950,0.0033,1.0000,0.0000,3.0000
4,hasta_001,1780004342.872,2026-05-29 00:39:02,1095,NORMAL,53.5,35.8139,41.9578,15.8000,23.8839,9.9014,35.1783,33.1631,35.0352,26.8073,3.1312,20.3302,7.0258,6.2435,0.0033,1.0000,0.0000,3.0000
4,hasta_001,1780004342.901,2026-05-29 00:39:02,1096,NORMAL,53.4,33.2054,41.4785,22.1550,23.9469,9.4812,35.0368,33.2368,34.8666,26.8421,3.0757,20.3302,7.0258,6.2885,0.0033,1.0000,0.0000,3.0000
4,hasta_001,1780004342.935,2026-05-29 00:39:02,1097,NORMAL,53.9,30.6883,40.9820,28.7253,23.9703,8.9030,34.8816,33.3161,34.7376,26.8770,3.0186,20.3302,7.0258,6.3266,0.0033,0.5000,0.0000,3.0000
4,hasta_001,1780004342.985,2026-05-29 00:39:02,1098,NORMAL,53.9,28.9569,40.3788,32.9468,24.0889,7.9402,34.7166,33.4002,34.6229,26.9105,2.9646,20.3302,7.0258,6.3547,0.0033,0.5000,0.0000,0.0000
4,hasta_001,1780004343.023,2026-05-29 00:39:03,1099,NORMAL,53.9,28.7390,39.8273,32.3435,24.2351,7.1636,34.5550,33.4867,34.4909,26.9390,2.9220,20.3302,7.0258,6.3730,0.0033,0.5000,0.0000,0.0000
4,hasta_001,1780004343.054,2026-05-29 00:39:03,1100,NORMAL,53.9,29.1145,39.3623,29.9307,24.2902,6.4964,34.4032,33.5757,34.3313,26.9591,2.8953,20.3302,7.0258,6.3814,0.0033,0.5000,0.0000,0.0000
4,hasta_001,1780004343.087,2026-05-29 00:39:03,1101,NORMAL,56.4,29.6965,39.0262,27.1515,24.2965,5.7796,34.2605,33.6635,34.1522,26.9747,2.8757,20.3302,7.0258,6.3811,0.0033,0.5000,0.0000,0.0000
4,hasta_001,1780004343.143,2026-05-29 00:39:03,1102,NORMAL,58.5,30.7015,38.6864,23.0153,24.3023,4.7767,34.1307,33.7480,33.9488,26.9872,2.8609,20.3302,7.0258,6.3694,0.0033,0.5000,0.0000,0.0000
4,hasta_001,1780004343.200,2026-05-29 00:39:03,1103,NORMAL,64.9,31.7119,38.4483,19.2029,24.3394,3.8993,34.0147,33.8283,33.7322,26.9950,2.8523,20.3302,7.0258,6.3454,0.0032,0.0000,0.0000,0.0000
4,hasta_001,1780004343.248,2026-05-29 00:39:03,1104,NORMAL,68.8,32.5959,38.3725,16.2794,24.4141,3.2472,33.9134,33.8978,33.5399,26.9992,2.8482,20.3302,7.0258,6.3118,0.0031,0.0000,0.0000,0.0000
4,hasta_001,1780004343.306,2026-05-29 00:39:03,1105,NORMAL,71.9,33.7669,38.6180,13.4035,24.5033,2.6253,33.8299,33.9545,33.3877,27.0012,2.8464,20.3302,7.0258,6.2706,0.0030,0.0000,0.0000,0.0000
4,hasta_001,1780004343.372,2026-05-29 00:39:03,1106,NORMAL,72.1,35.2369,39.1671,10.5646,25.2317,2.1205,33.7670,34.0084,33.2528,27.0079,2.8412,20.3302,7.0258,6.2249,0.0029,0.0000,0.0000,0.0000
4,hasta_001,1780004343.428,2026-05-29 00:39:03,1107,NORMAL,72.1,35.8325,39.5953,9.9770,26.3178,1.7455,33.7251,34.0558,33.1812,27.0221,2.8335,20.3302,7.0258,6.1774,0.0027,0.0000,0.0000,0.0000
4,hasta_001,1780004343.471,2026-05-29 00:39:03,1108,NORMAL,72.1,35.7781,39.8988,10.8902,26.9840,1.4657,33.6933,34.1016,33.1551,27.0403,2.8261,20.3302,7.0258,6.1310,0.0025,0.0000,0.0000,0.0000
4,hasta_001,1780004343.523,2026-05-29 00:39:03,1109,NORMAL,72.4,35.1670,40.1127,13.1396,27.3889,1.1119,33.6615,34.1469,33.1670,27.0604,2.8200,20.3302,7.0258,6.0868,0.0021,0.0000,0.0000,0.0000
4,hasta_001,1780004343.587,2026-05-29 00:39:03,1110,NORMAL,69.6,34.1554,40.2095,16.2820,27.0402,0.8850,33.6224,34.1961,33.1992,27.0744,2.8157,20.3302,7.0258,6.0469,0.0019,0.0000,0.0000,0.0000
4,hasta_001,1780004343.651,2026-05-29 00:39:03,1111,NORMAL,67.6,33.4209,40.0834,18.1282,26.0857,0.8695,33.5773,34.2660,33.1816,27.0759,2.8151,20.3302,7.0258,6.0159,0.0018,0.0000,0.0000,0.0000
4,hasta_001,1780004343.709,2026-05-29 00:39:03,1112,NORMAL,67.1,33.2815,40.1196,18.6321,24.3145,1.0010,33.5306,34.3798,33.0202,27.0569,2.8259,20.3302,7.0258,5.9977,0.0018,0.0000,0.0000,0.0000
4,hasta_001,1780004343.773,2026-05-29 00:39:03,1113,NORMAL,69.2,34.3969,40.3198,15.8544,21.5503,1.2674,33.4953,34.5340,32.6886,27.0104,2.8699,20.3302,7.0258,5.9881,0.0017,0.0000,0.0000,0.0000
4,hasta_001,1780004343.824,2026-05-29 00:39:03,1114,NORMAL,72.1,36.6339,40.7905,10.7371,19.5691,1.5951,33.4867,34.7015,32.2934,26.9432,2.9479,20.3302,7.0258,5.9822,0.0017,0.0000,0.0000,0.0000
4,hasta_001,1780004343.871,2026-05-29 00:39:03,1115,NORMAL,72.1,39.3634,41.7478,5.8794,17.7276,1.9810,33.5109,34.8735,31.8979,26.8587,3.0633,20.3302,7.0258,5.9779,0.0017,0.0000,0.0000,0.0000
4,hasta_001,1780004343.918,2026-05-29 00:39:03,1116,NORMAL,73.1,42.3156,43.0628,1.7505,16.1106,2.4050,33.5648,35.0418,31.5441,26.7592,3.2132,20.3302,7.0258,5.9747,0.0016,0.0000,0.0000,0.0000
4,hasta_001,1780004343.961,2026-05-29 00:39:03,1117,NORMAL,73.1,44.7838,44.3300,1.0184,14.9599,2.8009,33.6411,35.2064,31.2466,26.6494,3.3848,20.3302,7.0258,5.9728,0.0016,0.0000,0.0000,0.0000
4,hasta_001,1780004344.006,2026-05-29 00:39:04,1118,NORMAL,73.1,47.0233,45.7064,2.8402,13.9482,3.2214,33.7378,35.3607,31.0511,26.5323,3.5738,20.3302,7.0258,5.9722,0.0016,0.0000,0.0000,0.0000
4,hasta_001,1780004344.057,2026-05-29 00:39:04,1119,NORMAL,73.1,48.9048,47.2737,3.3918,13.3138,3.6977,33.8520,35.5196,30.8957,26.4112,3.7682,20.3302,7.0258,5.9748,0.0016,0.0000,0.0000,0.0000
4,hasta_001,1780004344.120,2026-05-29 00:39:04,1120,NORMAL,73.1,50.2904,49.0352,2.5275,12.9920,4.2173,33.9803,35.6917,30.7450,26.2866,3.9579,20.3302,7.0258,5.9818,0.0014,0.0000,0.0000,0.0000
4,hasta_001,1780004344.156,2026-05-29 00:39:04,1121,NORMAL,72.5,51.0083,50.2072,1.5828,12.9620,4.5325,34.1185,35.8723,30.6024,26.1629,4.1364,20.3302,7.0258,5.9921,0.0012,0.0000,0.0000,0.0000
4,hasta_001,1780004344.186,2026-05-29 00:39:04,1122,NORMAL,72.5,51.6052,51.1823,0.8228,13.2084,4.8274,34.2687,36.0604,30.4760,26.0437,4.2987,20.3302,7.0258,6.0049,0.0011,0.0000,0.0000,0.0000
4,hasta_001,1780004344.216,2026-05-29 00:39:04,1123,NORMAL,72.5,52.1260,52.1673,0.0792,13.6268,5.1379,34.4362,36.2541,30.3920,25.9320,4.4433,20.3302,7.0258,6.0191,0.0009,0.0000,0.0000,0.0000
4,hasta_001,1780004344.275,2026-05-29 00:39:04,1124,NORMAL,72.5,52.6012,53.5908,1.8638,14.4685,5.6583,34.6056,36.4430,30.3720,25.8304,4.5633,20.3302,7.0258,6.0341,0.0009,0.0000,0.0000,0.0000
4,hasta_001,1780004344.331,2026-05-29 00:39:04,1125,NORMAL,72.5,52.9157,54.7504,3.4081,15.3058,6.0166,34.7698,36.6474,30.3215,25.7369,4.6620,20.3302,7.0258,6.0488,0.0009,0.0000,0.0000,0.0000
4,hasta_001,1780004344.396,2026-05-29 00:39:04,1126,NORMAL,71.0,53.0545,55.8665,5.1634,16.1264,6.2213,34.9136,36.8742,30.1799,25.6509,4.7426,20.3302,7.0258,6.0594,0.0008,0.0000,0.0000,0.0000
4,hasta_001,1780004344.430,2026-05-29 00:39:04,1127,NORMAL,71.0,53.1160,56.5020,6.1777,16.5614,6.2958,35.0377,37.1384,29.8765,25.5682,4.8133,20.3302,7.0258,6.0664,0.0009,0.0000,0.0000,0.0000
4,hasta_001,1780004344.461,2026-05-29 00:39:04,1128,NORMAL,70.5,53.0372,57.0955,7.3698,16.9436,6.3374,35.1414,37.4176,29.4962,25.4894,4.8760,20.3302,7.0258,6.0696,0.0008,0.0000,0.0000,0.0000
4,hasta_001,1780004344.492,2026-05-29 00:39:04,1129,NORMAL,70.5,52.9411,57.6079,8.4431,17.3252,6.3475,35.2243,37.7177,29.0145,25.4153,4.9317,20.3302,7.0258,6.0675,0.0007,0.0000,0.0000,0.0000
4,hasta_001,1780004344.521,2026-05-29 00:39:04,1130,NORMAL,70.5,52.8702,58.0205,9.2890,17.6499,6.3316,35.2913,38.0279,28.4817,25.3451,4.9815,20.3302,7.0258,6.0592,0.0008,0.0000,0.0000,0.0000
4,hasta_001,1780004344.570,2026-05-29 00:39:04,1131,NORMAL,71.0,52.5974,58.4968,10.6205,18.0123,6.3021,35.3396,38.3495,27.8980,25.2812,5.0258,20.3302,7.0258,6.0446,0.0007,0.0000,0.0000,0.0000
4,hasta_001,1780004344.619,2026-05-29 00:39:04,1132,NORMAL,70.5,52.3073,58.7592,11.6180,18.4852,6.3071,35.3725,38.6907,27.2256,25.2249,5.0636,20.3302,7.0258,6.0262,0.0008,0.0000,0.0000,0.0000
4,hasta_001,1780004344.688,2026-05-29 00:39:04,1133,NORMAL,69.8,51.9418,58.9481,12.6364,19.2998,6.3177,35.3882,39.0479,26.4744,25.1790,5.0920,20.3302,7.0258,6.0060,0.0007,0.0000,0.0000,0.0000
4,hasta_001,1780004344.753,2026-05-29 00:39:04,1134,NORMAL,70.3,51.5512,59.1801,13.7792,19.6407,6.2990,35.3890,39.4092,25.7067,25.1400,5.1163,20.3302,7.0258,5.9856,0.0007,0.0000,0.0000,0.0000
4,hasta_001,1780004344.813,2026-05-29 00:39:04,1135,NORMAL,70.3,51.1106,59.3632,14.9405,19.8087,6.2395,35.3886,39.7659,24.9796,25.1063,5.1380,20.3302,7.0258,5.9679,0.0006,0.0000,0.0000,0.0000
4,hasta_001,1780004344.860,2026-05-29 00:39:04,1136,NORMAL,66.4,50.7033,59.5747,16.0892,19.7955,6.1605,35.3939,40.1131,24.3254,25.0758,5.1585,20.3302,7.0258,5.9519,0.0006,0.0000,0.0000,0.0000
4,hasta_001,1780004344.919,2026-05-29 00:39:04,1137,NORMAL,64.3,50.3900,59.9095,17.2610,19.8042,6.0271,35.4198,40.4447,23.7976,25.0494,5.1773,20.3302,7.0258,5.9384,0.0007,0.0000,0.0000,0.0000
4,hasta_001,1780004344.978,2026-05-29 00:39:04,1138,NORMAL,64.2,50.1707,60.4611,18.6031,19.8856,5.8251,35.4717,40.7676,23.3883,25.0267,5.1939,20.3302,7.0258,5.9250,0.0006,0.0000,0.0000,0.0000
4,hasta_001,1780004345.044,2026-05-29 00:39:05,1139,NORMAL,62.7,49.9439,61.1036,20.0988,20.0000,5.5853,35.5615,41.0762,23.1580,25.0078,5.2080,20.3302,7.0258,5.9102,0.0005,0.0000,0.0000,0.0000
4,hasta_001,1780004345.101,2026-05-29 00:39:05,1140,NORMAL,61.8,49.9072,61.6384,21.0338,20.0905,5.2904,35.6870,41.3766,23.0779,24.9897,5.2212,20.3302,7.0258,5.8916,0.0005,0.0000,0.0000,0.0000
4,hasta_001,1780004345.143,2026-05-29 00:39:05,1141,NORMAL,61.3,49.9382,61.9656,21.4960,20.2404,5.0134,35.8462,41.6713,23.1342,24.9651,5.2366,20.3302,7.0258,5.8672,0.0006,0.0000,0.0000,0.0000
4,hasta_001,1780004345.197,2026-05-29 00:39:05,1142,NORMAL,61.5,49.7835,62.2072,22.1870,20.4192,4.6505,36.0330,41.9547,23.2943,24.9299,5.2528,20.3302,7.0258,5.8351,0.0001,0.0000,0.0000,0.0000
4,hasta_001,1780004345.262,2026-05-29 00:39:05,1143,NORMAL,60.6,49.6544,62.4708,22.8610,20.6690,4.1305,36.2477,42.2220,23.2847,24.8892,5.2667,20.3302,7.0258,5.7937,0.0001,0.0000,0.0000,0.0000
4,hasta_001,1780004345.299,2026-05-29 00:39:05,1144,NORMAL,60.6,49.5711,62.6375,23.2894,20.6672,3.7872,36.4913,42.4764,23.1051,24.8422,5.2790,20.3302,7.0258,5.7465,0.0003,0.0000,0.0000,0.0000
4,hasta_001,1780004345.341,2026-05-29 00:39:05,1145,NORMAL,60.1,49.3058,62.8408,24.1380,20.5285,3.3774,36.7675,42.7157,22.7110,24.7873,5.2893,20.3302,7.0258,5.6934,0.0005,0.0000,0.0000,0.0000
4,hasta_001,1780004345.380,2026-05-29 00:39:05,1146,NORMAL,58.6,48.9012,63.0932,25.3440,20.3892,3.0400,37.0728,42.9356,22.0899,24.7208,5.2940,20.3302,7.0258,5.6381,0.0006,0.0000,0.0000,0.0000
4,hasta_001,1780004345.423,2026-05-29 00:39:05,1147,NORMAL,58.6,48.7664,63.4529,26.1747,20.1706,2.7246,37.3999,43.1340,21.2868,24.6467,5.2950,20.3302,7.0258,5.5826,0.0008,0.0000,0.0000,0.0000
4,hasta_001,1780004345.482,2026-05-29 00:39:05,1148,NORMAL,58.6,48.7996,64.0312,26.9989,19.9188,2.3982,37.7389,43.3146,20.3810,24.5664,5.2930,20.3302,7.0258,5.5295,0.0009,0.0000,0.0000,0.0000
4,hasta_001,1780004345.558,2026-05-29 00:39:05,1149,NORMAL,58.6,49.1589,64.6777,27.2650,19.5615,2.1336,38.0850,43.5004,19.4499,24.4826,5.2920,20.3302,7.0258,5.4799,0.0009,0.0000,0.0000,0.0000
4,hasta_001,1780004345.610,2026-05-29 00:39:05,1150,NORMAL,59.3,49.1227,65.0815,27.9479,19.2720,2.0098,38.4321,43.7295,18.5693,24.3977,5.2931,20.3302,7.0258,5.4372,0.0010,0.0000,0.0000,0.0000
4,hasta_001,1780004345.657,2026-05-29 00:39:05,1151,NORMAL,59.3,48.9785,65.4357,28.7679,19.0122,1.9106,38.7745,44.0158,17.8171,24.3126,5.2970,20.3302,7.0258,5.4013,0.0013,0.0000,0.0000,0.0000
4,hasta_001,1780004345.704,2026-05-29 00:39:05,1152,NORMAL,58.8,48.7554,65.8364,29.8119,18.8072,1.8426,39.1087,44.3473,17.2294,24.2273,5.3025,20.3302,7.0258,5.3708,0.0013,0.0000,0.0000,0.0000
4,hasta_001,1780004345.751,2026-05-29 00:39:05,1153,NORMAL,58.3,48.3136,66.2141,31.2596,18.6235,1.8198,39.4288,44.7039,16.8140,24.1424,5.3100,20.3302,7.0258,5.3450,0.0018,0.0000,0.0000,0.0000
4,hasta_001,1780004345.795,2026-05-29 00:39:05,1154,NORMAL,58.3,47.7333,66.5217,32.8885,18.4294,1.8029,39.7303,45.0745,16.5674,24.0589,5.3203,20.3302,7.0258,5.3234,0.0020,0.0000,0.0000,0.0000
4,hasta_001,1780004345.852,2026-05-29 00:39:05,1155,NORMAL,58.3,47.2850,66.9231,34.3901,18.2092,1.7859,40.0192,45.4450,16.3860,23.9727,5.3306,20.3302,7.0258,5.3030,0.0020,0.0000,0.0000,0.0000
4,hasta_001,1780004345.905,2026-05-29 00:39:05,1156,NORMAL,58.3,46.8486,67.1922,35.6777,18.0472,1.7849,40.2848,45.7976,16.2696,23.8847,5.3405,20.3302,7.0258,5.2845,0.0022,0.0000,0.0000,0.0000
4,hasta_001,1780004345.960,2026-05-29 00:39:05,1157,NORMAL,58.3,46.5791,67.5104,36.6927,17.8640,1.7859,40.5322,46.1362,16.1949,23.7941,5.3497,20.3302,7.0258,5.2665,0.0024,0.0000,0.0000,0.0000
4,hasta_001,1780004346.015,2026-05-29 00:39:06,1158,NORMAL,58.3,46.1995,67.7888,37.8798,17.6190,1.7654,40.7589,46.4631,16.1751,23.7011,5.3593,20.3302,7.0258,5.2472,0.0025,0.0000,0.0000,0.0000
4,hasta_001,1780004346.061,2026-05-29 00:39:06,1159,NORMAL,58.3,45.9604,67.9903,38.6656,17.4462,1.7286,40.9502,46.7647,16.2300,23.6050,5.3671,20.3302,7.0258,5.2244,0.0026,0.0000,0.0000,0.0000
4,hasta_001,1780004346.120,2026-05-29 00:39:06,1160,NORMAL,58.3,45.7830,68.1883,39.3175,17.2783,1.6678,41.1083,47.0375,16.3265,23.5053,5.3726,20.3302,7.0258,5.1963,0.0028,0.0000,0.0000,0.0000
4,hasta_001,1780004346.171,2026-05-29 00:39:06,1161,NORMAL,58.3,45.6058,68.3942,39.9796,17.2887,1.5955,41.2436,47.3007,16.4719,23.4053,5.3756,20.3302,7.0258,5.1644,0.0029,0.0000,0.0000,0.0000
4,hasta_001,1780004346.213,2026-05-29 00:39:06,1162,NORMAL,58.3,45.4550,68.5990,40.5843,17.3180,1.5467,41.3524,47.5601,16.6894,23.3038,5.3747,20.3302,7.0258,5.1285,0.0029,0.0000,0.0000,0.0000
4,hasta_001,1780004346.266,2026-05-29 00:39:06,1163,NORMAL,58.3,45.3968,68.8463,41.0521,17.5526,1.4921,41.4463,47.8203,16.9503,23.2044,5.3698,20.3302,7.0258,5.0893,0.0030,0.0000,0.0000,0.0000
4,hasta_001,1780004346.334,2026-05-29 00:39:06,1164,NORMAL,58.3,45.3869,69.1709,41.5232,17.8411,1.4512,41.5152,48.0752,17.2640,23.1076,5.3610,20.3302,7.0258,5.0444,0.0030,0.0000,0.0000,0.0000
4,hasta_001,1780004346.382,2026-05-29 00:39:06,1165,NORMAL,58.3,45.4220,69.3804,41.7386,17.9579,1.4631,41.5680,48.3202,17.5932,23.0113,5.3487,20.3302,7.0258,4.9960,0.0030,0.0000,0.0000,0.0000
4,hasta_001,1780004346.432,2026-05-29 00:39:06,1166,NORMAL,58.3,45.4726,69.5179,41.8214,17.9446,1.5106,41.6184,48.5655,17.9277,22.9140,5.3339,20.3302,7.0258,4.9462,0.0030,0.0000,0.0000,0.0000
4,hasta_001,1780004346.470,2026-05-29 00:39:06,1167,NORMAL,58.3,45.5286,69.6227,41.8477,17.9188,1.5803,41.6746,48.8121,18.2501,22.8137,5.3136,20.3302,7.0258,4.8955,0.0031,0.0000,0.0000,0.0000
4,hasta_001,1780004346.500,2026-05-29 00:39:06,1168,NORMAL,58.3,45.5680,69.7081,41.8821,17.8361,1.6735,41.7425,49.0668,18.5617,22.7086,5.2863,20.3302,7.0258,4.8448,0.0031,0.0000,0.0000,0.0000
4,hasta_001,1780004346.531,2026-05-29 00:39:06,1169,NORMAL,58.3,45.6933,69.8209,41.7742,17.6891,1.7883,41.8220,49.3306,18.8648,22.5992,5.2531,20.3302,7.0258,4.7947,0.0031,0.0000,0.0000,0.0000
4,hasta_001,1780004346.569,2026-05-29 00:39:06,1170,NORMAL,58.3,45.8240,69.9535,41.6826,17.5939,1.9594,41.9182,49.6106,19.1629,22.4857,5.2127,20.3302,7.0258,4.7457,0.0032,0.0000,0.0000,0.0000
4,hasta_001,1780004346.611,2026-05-29 00:39:06,1171,NORMAL,57.6,45.8850,70.2250,41.9258,17.4139,2.1599,42.0360,49.9107,19.4504,22.3660,5.1626,20.3302,7.0258,4.6961,0.0033,0.0000,0.0000,0.0000
4,hasta_001,1780004346.662,2026-05-29 00:39:06,1172,NORMAL,57.6,46.0193,70.5601,42.1014,17.2893,2.4244,42.1722,50.2215,19.7060,22.2417,5.1034,20.3302,7.0258,4.6452,0.0032,0.0000,0.0000,0.0000
4,hasta_001,1780004346.708,2026-05-29 00:39:06,1173,NORMAL,57.6,46.2691,70.9349,42.0904,17.1522,2.6659,42.3222,50.5410,19.9382,22.1142,5.0374,20.3302,7.0258,4.5922,0.0033,0.0000,0.0000,0.0000
4,hasta_001,1780004346.770,2026-05-29 00:39:06,1174,NORMAL,57.6,46.5221,71.1278,41.8287,17.1057,3.0148,42.4843,50.8679,20.1502,21.9851,4.9652,20.3302,7.0258,4.5385,0.0032,0.0000,0.0000,0.0000
4,hasta_001,1780004346.817,2026-05-29 00:39:06,1175,NORMAL,57.6,46.6339,71.1854,41.6765,17.0517,3.3381,42.6629,51.1998,20.3160,21.8550,4.8876,20.3302,7.0258,4.4802,0.0032,0.0000,0.0000,0.0000
4,hasta_001,1780004346.886,2026-05-29 00:39:06,1176,NORMAL,57.6,46.8450,71.1243,41.1621,16.9136,3.8394,42.8515,51.5370,20.4635,21.7247,4.8084,20.3302,7.0258,4.4199,0.0032,0.0000,0.0000,0.0000
4,hasta_001,1780004346.918,2026-05-29 00:39:06,1177,NORMAL,57.6,47.0938,71.0998,40.6215,16.8188,4.1531,43.0456,51.8781,20.6056,21.5952,4.7290,20.3302,7.0258,4.3582,0.0033,0.0000,0.0000,0.0000
4,hasta_001,1780004346.949,2026-05-29 00:39:06,1178,NORMAL,57.5,47.4208,71.1275,39.9951,16.6895,4.4756,43.2422,52.2167,20.7340,21.4656,4.6477,20.3302,7.0258,4.2974,0.0033,0.0000,0.0000,0.0000
4,hasta_001,1780004346.984,2026-05-29 00:39:06,1179,NORMAL,56.9,47.8732,71.1602,39.1268,16.5433,4.8428,43.4413,52.5551,20.8594,21.3363,4.5663,20.3302,7.0258,4.2400,0.0033,0.0000,0.0000,0.0000
4,hasta_001,1780004347.026,2026-05-29 00:39:07,1180,NORMAL,56.9,48.3919,71.1719,38.1051,16.3435,5.2226,43.6475,52.8705,20.8937,21.2075,4.4867,20.3302,7.0258,4.1881,0.0033,0.0000,0.0000,0.0000
4,hasta_001,1780004347.079,2026-05-29 00:39:07,1181,NORMAL,56.9,49.0335,71.1848,36.8518,16.0799,5.6101,43.8595,53.1655,20.8586,21.0784,4.4088,20.3302,7.0258,4.1430,0.0032,0.0000,0.0000,0.0000
4,hasta_001,1780004347.145,2026-05-29 00:39:07,1182,NORMAL,56.9,49.6814,71.1887,35.5874,16.2391,5.9151,44.0764,53.4537,20.7972,20.9528,4.3295,20.3302,7.0258,4.1059,0.0032,0.0000,0.0000,0.0000
4,hasta_001,1780004347.197,2026-05-29 00:39:07,1183,NORMAL,56.9,50.2246,71.2534,34.6215,16.3690,6.0353,44.2982,53.7299,20.6942,20.8312,4.2509,20.3302,7.0258,4.0787,0.0031,0.0000,0.0000,0.0000
4,hasta_001,1780004347.248,2026-05-29 00:39:07,1184,NORMAL,56.9,50.7619,71.2951,33.6453,16.4391,6.0452,44.5199,54.0039,20.5948,20.7130,4.1735,20.3302,7.0258,4.0589,0.0031,0.0000,0.0000,0.0000
4,hasta_001,1780004347.291,2026-05-29 00:39:07,1185,NORMAL,56.9,51.2610,71.3799,32.8094,16.4027,5.9516,44.7383,54.2787,20.5175,20.5977,4.0993,20.3302,7.0258,4.0448,0.0031,0.0000,0.0000,0.0000
4,hasta_001,1780004347.331,2026-05-29 00:39:07,1186,NORMAL,56.9,51.7010,71.4922,32.1305,16.3172,5.7812,44.9510,54.5516,20.4625,20.4852,4.0293,20.3302,7.0258,4.0359,0.0031,0.0000,0.0000,0.0000
4,hasta_001,1780004347.385,2026-05-29 00:39:07,1187,NORMAL,56.9,52.3195,71.6827,31.2304,16.3410,5.4697,45.1524,54.8287,20.4657,20.3786,3.9678,20.3302,7.0258,4.0340,0.0030,0.0000,0.0000,0.0000
4,hasta_001,1780004347.425,2026-05-29 00:39:07,1188,NORMAL,57.4,52.9443,72.0655,30.5914,16.5177,5.1828,45.3345,55.1075,20.5408,20.2793,3.9137,20.3302,7.0258,4.0393,0.0030,0.0000,0.0000,0.0000
4,hasta_001,1780004347.457,2026-05-29 00:39:07,1189,NORMAL,57.4,53.6895,72.5902,29.9347,16.6587,4.8954,45.5027,55.3873,20.6637,20.1854,3.8639,20.3302,7.0258,4.0485,0.0029,0.0000,0.0000,0.0000
4,hasta_001,1780004347.506,2026-05-29 00:39:07,1190,NORMAL,58.5,54.8707,73.5368,29.0732,16.8473,4.4474,45.6530,55.6676,20.8392,20.0976,3.8189,20.3302,7.0258,4.0604,0.0028,0.0000,0.0000,0.0000
4,hasta_001,1780004347.549,2026-05-29 00:39:07,1191,NORMAL,58.6,56.0811,74.7495,28.5383,16.9368,4.0782,45.7939,55.9552,21.0549,20.0127,3.7748,20.3302,7.0258,4.0727,0.0027,0.0000,0.0000,0.0000
4,hasta_001,1780004347.598,2026-05-29 00:39:07,1192,NORMAL,58.6,57.3005,75.8017,27.8000,17.0683,3.7052,45.9256,56.2477,21.2705,19.9310,3.7311,20.3302,7.0258,4.0850,0.0025,0.0000,0.0000,0.0000
4,hasta_001,1780004347.640,2026-05-29 00:39:07,1193,NORMAL,58.6,58.0034,76.5173,27.5257,17.2308,3.4218,46.0462,56.5404,21.4579,19.8516,3.6861,20.3302,7.0258,4.0975,0.0023,0.0000,0.0000,0.0000
4,hasta_001,1780004347.688,2026-05-29 00:39:07,1194,NORMAL,58.6,59.2650,78.1169,27.4446,17.6614,3.1338,46.1603,56.8354,21.6328,19.7770,3.6388,20.3302,7.0258,4.1098,0.0023,0.0000,0.0000,0.0000
4,hasta_001,1780004347.736,2026-05-29 00:39:07,1195,NORMAL,58.6,60.5141,79.6031,27.2473,18.0604,2.8560,46.2678,57.1325,21.7931,19.7090,3.5937,20.3302,7.0258,4.1220,0.0022,0.0000,0.0000,0.0000
4,hasta_001,1780004347.782,2026-05-29 00:39:07,1196,NORMAL,58.6,62.0585,81.2906,26.8326,18.3785,2.6087,46.3788,57.4397,21.9394,19.6461,3.5501,20.3302,7.0258,4.1339,0.0021,0.0000,0.0000,0.0000
4,hasta_001,1780004347.827,2026-05-29 00:39:07,1197,NORMAL,58.6,63.1557,82.1457,26.1388,18.6158,2.3895,46.4930,57.7529,22.0707,19.5888,3.5106,20.3302,7.0258,4.1458,0.0020,0.0000,0.0000,0.0000
4,hasta_001,1780004347.855,2026-05-29 00:39:07,1198,NORMAL,58.6,64.0783,82.8712,25.5775,18.7536,2.2586,46.6155,58.0722,22.1983,19.5355,3.4741,20.3302,7.0258,4.1569,0.0020,0.0000,0.0000,0.0000
4,hasta_001,1780004347.886,2026-05-29 00:39:07,1199,NORMAL,59.3,65.1446,83.6980,24.9301,18.9091,2.1214,46.7494,58.3989,22.3246,19.4868,3.4414,20.3302,7.0258,4.1655,0.0020,0.0000,0.0000,0.0000
4,hasta_001,1780004347.918,2026-05-29 00:39:07,1200,NORMAL,60.8,66.8280,85.1063,24.0609,19.1749,1.9808,46.9009,58.7376,22.4502,19.4427,3.4112,20.3302,7.0258,4.1708,0.0020,0.0000,0.0000,0.0000
4,hasta_001,1780004347.949,2026-05-29 00:39:07,1201,NORMAL,61.3,68.1285,85.9332,23.1138,19.3568,1.8658,47.0670,59.0839,22.5737,19.4024,3.3832,20.3302,7.0258,4.1722,0.0021,0.0000,0.0000,0.0000
4,hasta_001,1780004348.000,2026-05-29 00:39:08,1202,NORMAL,62.3,69.9621,87.4039,22.1672,19.7432,1.6986,47.2525,59.4427,22.6979,19.3676,3.3579,20.3302,7.0258,4.1667,0.0021,0.0000,0.0000,0.0000
4,hasta_001,1780004348.047,2026-05-29 00:39:08,1203,NORMAL,63.1,70.2580,87.2215,21.5438,19.9786,1.5788,47.4428,59.8004,22.8206,19.3357,3.3337,20.3302,7.0258,4.1559,0.0021,0.0000,0.0000,0.0000
4,hasta_001,1780004348.115,2026-05-29 00:39:08,1204,NORMAL,63.6,69.8417,86.2061,20.9736,20.1612,1.4309,47.6337,60.1519,22.9420,19.3067,3.3113,20.3302,7.0258,4.1353,0.0021,0.0000,0.0000,0.0000
4,hasta_001,1780004348.171,2026-05-29 00:39:08,1205,NORMAL,63.6,68.9284,85.0086,20.8920,20.3541,1.3168,47.8178,60.4954,23.0602,19.2799,3.2896,20.3302,7.0258,4.1062,0.0021,0.0000,0.0000,0.0000
4,hasta_001,1780004348.214,2026-05-29 00:39:08,1206,NORMAL,63.6,67.9801,84.1004,21.1997,20.4182,1.2230,47.9943,60.8310,23.1820,19.2542,3.2684,20.3302,7.0258,4.0668,0.0021,0.0000,0.0000,0.0000
4,hasta_001,1780004348.258,2026-05-29 00:39:08,1207,NORMAL,64.1,67.7454,83.8241,21.2162,20.4452,1.1235,48.1686,61.1629,23.3071,19.2292,3.2477,20.3302,7.0258,4.0192,0.0020,0.0000,0.0000,0.0000
4,hasta_001,1780004348.310,2026-05-29 00:39:08,1208,NORMAL,64.6,68.2099,84.1478,20.9217,20.5966,1.0187,48.3470,61.4970,23.4310,19.2054,3.2271,20.3302,7.0258,3.9635,0.0020,0.0000,0.0000,0.0000
4,hasta_001,1780004348.355,2026-05-29 00:39:08,1209,NORMAL,65.6,69.1390,84.7729,20.3155,20.8233,0.9423,48.5343,61.8368,23.5513,19.1839,3.2075,20.3302,7.0258,3.9002,0.0019,0.0000,0.0000,0.0000
4,hasta_001,1780004348.400,2026-05-29 00:39:08,1210,NORMAL,66.1,70.3401,85.6052,19.5775,21.0015,0.8763,48.7342,62.1847,23.6682,19.1644,3.1893,20.3302,7.0258,3.8303,0.0018,0.0000,0.0000,0.0000
4,hasta_001,1780004348.472,2026-05-29 00:39:08,1211,NORMAL,68.6,72.3986,87.0576,18.3863,21.2125,0.8002,48.9569,62.5459,23.7849,19.1472,3.1726,20.3302,7.0258,3.7548,0.0018,0.0000,0.0000,0.0000
4,hasta_001,1780004348.542,2026-05-29 00:39:08,1212,NORMAL,70.9,74.6589,88.3285,16.7739,21.3222,0.7373,49.2084,62.9196,23.9058,19.1313,3.1568,20.3302,7.0258,3.6758,0.0018,0.0000,0.0000,0.0000
4,hasta_001,1780004348.584,2026-05-29 00:39:08,1213,NORMAL,70.7,75.4919,88.3827,15.7326,21.3392,0.7080,49.4835,63.2981,24.0273,19.1144,3.1396,20.3302,7.0258,3.5953,0.0018,0.0000,0.0000,0.0000
4,hasta_001,1780004348.614,2026-05-29 00:39:08,1214,NORMAL,72.4,75.7566,88.0475,15.0069,21.3244,0.6885,49.7915,63.6785,24.0784,19.0943,3.1175,20.3302,7.0258,3.5159,0.0018,0.0000,0.0000,0.0000
4,hasta_001,1780004348.646,2026-05-29 00:39:08,1215,NORMAL,72.4,75.2715,87.3331,14.8354,21.3372,0.6671,50.1203,64.0566,24.0704,19.0731,3.0934,20.3302,7.0258,3.4390,0.0017,0.0000,0.0000,0.0000
4,hasta_001,1780004348.678,2026-05-29 00:39:08,1216,NORMAL,72.4,74.5425,86.4195,14.7575,21.3409,0.6419,50.4647,64.4311,24.0087,19.0514,3.0682,20.3302,7.0258,3.3653,0.0017,0.0000,0.0000,0.0000
4,hasta_001,1780004348.725,2026-05-29 00:39:08,1217,NORMAL,72.4,73.4657,85.0111,14.5705,21.3259,0.5919,50.8212,64.7980,23.8908,19.0293,3.0421,20.3302,7.0258,3.2961,0.0017,0.0000,0.0000,0.0000
4,hasta_001,1780004348.758,2026-05-29 00:39:08,1218,NORMAL,72.4,72.3350,83.6989,14.5659,21.3950,0.5362,51.1827,65.1590,23.7376,19.0069,3.0145,20.3302,7.0258,3.2344,0.0016,0.0000,0.0000,0.0000
4,hasta_001,1780004348.807,2026-05-29 00:39:08,1219,NORMAL,72.4,71.0640,82.1613,14.4850,21.3558,0.4225,51.5354,65.5118,23.5888,18.9829,2.9841,20.3302,7.0258,3.1782,0.0016,0.0000,0.0000,0.0000
4,hasta_001,1780004348.852,2026-05-29 00:39:08,1220,NORMAL,72.4,69.7556,80.7369,14.5938,21.2512,0.3681,51.8741,65.8566,23.4610,18.9576,2.9517,20.3302,7.0258,3.1271,0.0016,0.0000,0.0000,0.0000
4,hasta_001,1780004348.909,2026-05-29 00:39:08,1221,NORMAL,72.4,68.2314,79.2450,14.9361,21.0833,0.3617,52.1952,66.1917,23.3592,18.9308,2.9175,20.3302,7.0258,3.0820,0.0016,0.0000,0.0000,0.0000
4,hasta_001,1780004348.954,2026-05-29 00:39:08,1222,NORMAL,71.9,66.9359,77.9573,15.2132,20.9879,0.3815,52.4972,66.5190,23.2942,18.9032,2.8820,20.3302,7.0258,3.0453,0.0015,0.0000,0.0000,0.0000
4,hasta_001,1780004349.010,2026-05-29 00:39:09,1223,NORMAL,70.7,65.7061,76.8389,15.6201,20.8323,0.4411,52.7805,66.8389,23.2643,18.8740,2.8443,20.3302,7.0258,3.0165,0.0015,0.0000,0.0000,0.0000
4,hasta_001,1780004349.072,2026-05-29 00:39:09,1224,NORMAL,70.9,64.4254,75.9609,16.4339,20.7951,0.5688,53.0457,67.1522,23.2656,18.8438,2.8043,20.3302,7.0258,2.9942,0.0014,0.0000,0.0000,0.0000
4,hasta_001,1780004349.127,2026-05-29 00:39:09,1225,NORMAL,69.2,63.4876,75.3400,17.0749,20.6710,0.7181,53.2934,67.4582,23.2962,18.8119,2.7611,20.3302,7.0258,2.9783,0.0012,0.0000,0.0000,0.0000
4,hasta_001,1780004349.179,2026-05-29 00:39:09,1226,NORMAL,67.7,62.6972,74.7223,17.5013,20.5456,0.8730,53.5222,67.7545,23.3540,18.7728,2.7026,20.3302,7.0258,2.9679,0.0010,0.0000,0.0000,0.0000
4,hasta_001,1780004349.218,2026-05-29 00:39:09,1227,NORMAL,67.7,62.1861,74.2654,17.7050,20.4732,0.9986,53.7418,68.0434,23.4184,18.7241,2.6175,20.3302,7.0258,2.9617,0.0008,0.0000,0.0000,0.0000
4,hasta_001,1780004349.248,2026-05-29 00:39:09,1228,NORMAL,67.7,61.8160,73.8928,17.7980,20.3991,1.1156,53.9588,68.3267,23.4760,18.6692,2.5106,20.3302,7.0258,2.9588,0.0005,0.0000,0.0000,0.0000
4,hasta_001,1780004349.283,2026-05-29 00:39:09,1229,NORMAL,67.2,61.3799,73.3803,17.8099,20.3412,1.2521,54.1772,68.6039,23.5149,18.6105,2.3852,20.3302,7.0258,2.9599,0.0003,0.0000,0.0000,0.0000
4,hasta_001,1780004349.327,2026-05-29 00:39:09,1230,NORMAL,66.7,60.8750,72.8185,17.8671,20.3068,1.4267,54.3999,68.8756,23.5281,18.5544,2.2623,20.3302,7.0258,2.9645,0.0002,0.0000,0.0000,0.0000
4,hasta_001,1780004349.382,2026-05-29 00:39:09,1231,NORMAL,66.7,60.4868,72.3017,17.7952,20.2503,1.6296,54.6255,69.1441,23.5253,18.5058,2.1603,20.3302,7.0258,2.9708,0.0003,0.0000,0.0000,0.0000
4,hasta_001,1780004349.455,2026-05-29 00:39:09,1232,NORMAL,66.6,59.9190,71.8421,18.0980,20.1787,1.8196,54.8474,69.4085,23.5209,18.4713,2.0995,20.3302,7.0258,2.9776,0.0004,0.0000,0.0000,0.0000
4,hasta_001,1780004349.495,2026-05-29 00:39:09,1233,NORMAL,66.6,59.7103,71.6125,18.1266,20.1490,1.9211,55.0584,69.6693,23.5398,18.4596,2.0862,20.3302,7.0258,2.9831,0.0003,0.0000,0.0000,0.0000
4,hasta_001,1780004349.545,2026-05-29 00:39:09,1234,NORMAL,66.6,59.4449,71.3573,18.2144,20.1462,2.0376,55.2485,69.9240,23.6021,18.4644,2.0894,20.3302,7.0258,2.9867,0.0002,0.0000,0.0000,0.0000
4,hasta_001,1780004349.585,2026-05-29 00:39:09,1235,NORMAL,66.6,59.2886,71.1589,18.1994,20.1304,2.1251,55.4145,70.1691,23.7048,18.4845,2.0937,20.3302,7.0258,2.9879,0.0002,0.0000,0.0000,0.0000
4,hasta_001,1780004349.614,2026-05-29 00:39:09,1236,NORMAL,65.9,59.1611,70.9913,18.1791,20.1155,2.1923,55.5549,70.4018,23.8417,18.5178,2.0876,20.3302,7.0258,2.9862,0.0002,0.0000,0.0000,0.0000
4,hasta_001,1780004349.646,2026-05-29 00:39:09,1237,NORMAL,65.9,58.9608,70.7831,18.2241,20.1410,2.2594,55.6730,70.6222,23.9851,18.5610,2.0670,20.3302,7.0258,2.9817,0.0002,0.0000,0.0000,0.0000
4,hasta_001,1780004349.695,2026-05-29 00:39:09,1238,NORMAL,65.9,58.6743,70.5153,18.3312,20.1933,2.3308,55.7701,70.8290,24.1142,18.6130,2.0285,20.3302,7.0258,2.9742,0.0002,0.0000,0.0000,0.0000
4,hasta_001,1780004349.737,2026-05-29 00:39:09,1239,NORMAL,65.4,58.3598,70.3026,18.5645,20.1708,2.3682,55.8489,71.0209,24.2406,18.6702,1.9742,20.3302,7.0258,2.9632,0.0001,0.0000,0.0000,0.0000
4,hasta_001,1780004349.788,2026-05-29 00:39:09,1240,NORMAL,65.4,58.0669,70.0273,18.6744,20.1589,2.3875,55.9137,71.1958,24.3752,18.7299,1.9089,20.3302,7.0258,2.9479,0.0000,0.0000,0.0000,0.0000
4,hasta_001,1780004349.835,2026-05-29 00:39:09,1241,NORMAL,65.4,57.8054,69.8181,18.8253,20.0931,2.4372,55.9704,71.3593,24.5188,18.7893,1.8381,20.3302,7.0258,2.9305,0.0000,0.0000,0.0000,0.0000
4,hasta_001,1780004349.888,2026-05-29 00:39:09,1242,NORMAL,65.4,57.6288,69.6390,18.8740,20.0258,2.4568,56.0206,71.5131,24.6693,18.8461,1.7688,20.3302,7.0258,2.9107,0.0000,0.0000,0.0000,0.0000
4,hasta_001,1780004349.939,2026-05-29 00:39:09,1243,NORMAL,65.4,57.4782,69.3595,18.7348,20.0302,2.4782,56.0652,71.6563,24.8247,18.8995,1.7060,20.3302,7.0258,2.8885,0.0000,0.0000,0.0000,0.0000
4,hasta_001,1780004349.973,2026-05-29 00:39:09,1244,NORMAL,65.4,57.4094,69.1384,18.5368,20.0155,2.4824,56.1052,71.7859,24.9637,18.9457,1.6598,20.3302,7.0258,2.8621,0.0000,0.0000,0.0000,0.0000
4,hasta_001,1780004350.021,2026-05-29 00:39:10,1245,NORMAL,65.9,57.4018,68.9249,18.2433,19.9493,2.5327,56.1426,71.9040,25.0873,18.9844,1.6283,20.3302,7.0258,2.8330,0.0000,0.0000,0.0000,0.0000
4,hasta_001,1780004350.062,2026-05-29 00:39:10,1246,NORMAL,65.9,57.3878,68.8568,18.1695,19.9647,2.5211,56.1787,72.0123,25.1957,19.0164,1.6094,20.3302,7.0258,2.8022,0.0000,0.0000,0.0000,0.0000
4,hasta_001,1780004350.091,2026-05-29 00:39:10,1247,NORMAL,65.9,57.3871,68.8257,18.1260,19.9570,2.4691,56.2143,72.1150,25.2953,19.0447,1.5958,20.3302,7.0258,2.7703,0.0001,0.0000,0.0000,0.0000
4,hasta_001,1780004350.164,2026-05-29 00:39:10,1248,NORMAL,65.9,57.4090,68.7642,17.9994,19.8595,2.4536,56.2508,72.2122,25.3838,19.0690,1.5858,20.3302,7.0258,2.7379,0.0001,0.0000,0.0000,0.0000
4,hasta_001,1780004350.213,2026-05-29 00:39:10,1249,NORMAL,65.9,57.3157,68.7958,18.2063,19.7143,2.4311,56.2872,72.3054,25.4652,19.0889,1.5788,20.3302,7.0258,2.7053,0.0001,0.0000,0.0000,0.0000
4,hasta_001,1780004350.261,2026-05-29 00:39:10,1250,NORMAL,65.9,57.3390,68.8942,18.3078,19.5646,2.4813,56.3244,72.3960,25.5404,19.1049,1.5738,20.3302,7.0258,2.6732,0.0001,0.0000,0.0000,0.0000
4,hasta_001,1780004350.308,2026-05-29 00:39:10,1251,NORMAL,65.4,57.4147,69.0417,18.3889,19.3930,2.5480,56.3646,72.4839,25.6051,19.1164,1.5708,20.3302,7.0258,2.6419,0.0001,0.0000,0.0000,0.0000
4,hasta_001,1780004350.356,2026-05-29 00:39:10,1252,NORMAL,65.4,57.4351,69.0972,18.4334,19.3810,2.6969,56.4073,72.5701,25.6619,19.1238,1.5700,20.3302,7.0258,2.6119,0.0001,0.0000,0.0000,0.0000
4,hasta_001,1780004350.394,2026-05-29 00:39:10,1253,NORMAL,65.4,57.4418,69.1373,18.4793,19.3832,2.8197,56.4532,72.6550,25.7106,19.1245,1.5700,20.3302,7.0258,2.5827,0.0001,0.0000,0.0000,0.0000
4,hasta_001,1780004350.426,2026-05-29 00:39:10,1254,NORMAL,65.4,57.4840,69.2242,18.5312,19.4058,2.9811,56.5026,72.7387,25.7502,19.1226,1.5696,20.3302,7.0258,2.5551,0.0000,0.0000,0.0000,0.0000
4,hasta_001,1780004350.457,2026-05-29 00:39:10,1255,NORMAL,65.4,57.4841,69.3520,18.7139,19.4885,3.1338,56.5557,72.8219,25.7816,19.1199,1.5687,20.3302,7.0258,2.5292,0.0000,0.0000,0.0000,0.0000
4,hasta_001,1780004350.509,2026-05-29 00:39:10,1256,NORMAL,65.4,57.4613,69.4821,18.9389,19.5802,3.2658,56.6120,72.9045,25.8054,19.1181,1.5680,20.3302,7.0258,2.5051,0.0000,0.0000,0.0000,0.0000
4,hasta_001,1780004350.549,2026-05-29 00:39:10,1257,NORMAL,65.4,57.3910,69.3651,18.8932,19.8060,3.3230,56.6704,72.9833,25.8190,19.1181,1.5680,20.3302,7.0258,2.4825,0.0000,0.0000,0.0000,0.0000
4,hasta_001,1780004350.603,2026-05-29 00:39:10,1258,NORMAL,65.4,57.2467,69.1003,18.7636,20.1670,3.2985,56.7293,73.0553,25.8203,19.1205,1.5694,20.3302,7.0258,2.4615,0.0000,0.0000,0.0000,0.0000
4,hasta_001,1780004350.664,2026-05-29 00:39:10,1259,NORMAL,65.4,57.1145,68.8386,18.6166,20.7355,3.2453,56.7891,73.1197,25.8080,19.1266,1.5742,20.3302,7.0258,2.4420,0.0000,0.0000,0.0000,0.0000
4,hasta_001,1780004350.704,2026-05-29 00:39:10,1260,NORMAL,65.4,57.1363,68.7384,18.4344,21.0084,3.1840,56.8493,73.1789,25.7863,19.1343,1.5811,20.3302,7.0258,2.4244,0.0000,0.0000,0.0000,0.0000
4,hasta_001,1780004350.734,2026-05-29 00:39:10,1261,NORMAL,65.9,57.1776,68.6906,18.2938,21.1350,3.1106,56.9097,73.2349,25.7596,19.1417,1.5884,20.3302,7.0258,2.4086,0.0001,0.0000,0.0000,0.0000
4,hasta_001,1780004350.784,2026-05-29 00:39:10,1262,NORMAL,66.0,57.5264,68.5930,17.5493,21.3239,2.9477,56.9742,73.2882,25.7210,19.1493,1.5966,20.3302,7.0258,2.3944,0.0000,0.0000,0.0000,0.0000
4,hasta_001,1780004350.828,2026-05-29 00:39:10,1263,NORMAL,68.7,58.0017,68.6003,16.7432,21.4473,2.7780,57.0437,73.3392,25.6700,19.1557,1.6043,20.3302,7.0258,2.3831,0.0001,0.0000,0.0000,0.0000
4,hasta_001,1780004350.878,2026-05-29 00:39:10,1264,NORMAL,69.0,58.4725,68.5993,15.9388,21.6014,2.5686,57.1179,73.3889,25.6087,19.1635,1.6138,20.3302,7.0258,2.3729,0.0001,0.0000,0.0000,0.0000
4,hasta_001,1780004350.941,2026-05-29 00:39:10,1265,NORMAL,71.4,58.9064,68.5540,15.1381,21.7091,2.2985,57.1979,73.4365,25.5337,19.1734,1.6257,20.3302,7.0258,2.3639,0.0001,0.0000,0.0000,0.0000
4,hasta_001,1780004350.981,2026-05-29 00:39:10,1266,NORMAL,71.4,59.0940,68.5336,14.7924,21.7100,2.1310,57.2829,73.4819,25.4458,19.1844,1.6383,20.3302,7.0258,2.3564,0.0002,0.0000,0.0000,0.0000
4,hasta_001,1780004351.033,2026-05-29 00:39:11,1267,NORMAL,71.4,59.2091,68.5110,14.5660,21.6607,1.9245,57.3699,73.5240,25.3491,19.1968,1.6513,20.3302,7.0258,2.3497,0.0001,0.0000,0.0000,0.0000
4,hasta_001,1780004351.079,2026-05-29 00:39:11,1268,NORMAL,71.4,59.2003,68.3927,14.4089,21.6325,1.7600,57.4566,73.5604,25.2441,19.2111,1.6649,20.3302,7.0258,2.3444,0.0001,0.0000,0.0000,0.0000
4,hasta_001,1780004351.123,2026-05-29 00:39:11,1269,NORMAL,71.4,59.0776,68.1918,14.3226,21.6040,1.6325,57.5392,73.5896,25.1363,19.2281,1.6787,20.3302,7.0258,2.3402,0.0001,0.0000,0.0000,0.0000
4,hasta_001,1780004351.169,2026-05-29 00:39:11,1270,NORMAL,71.4,58.8320,67.9677,14.4097,21.5629,1.5007,57.6201,73.6137,25.0235,19.2472,1.6921,20.3302,7.0258,2.3360,0.0000,0.0000,0.0000,0.0000
4,hasta_001,1780004351.222,2026-05-29 00:39:11,1271,NORMAL,71.4,58.5671,67.6673,14.4179,21.5044,1.3601,57.7000,73.6323,24.9039,19.2680,1.7043,20.3302,7.0258,2.3314,0.0000,0.0000,0.0000,0.0000
4,hasta_001,1780004351.274,2026-05-29 00:39:11,1272,NORMAL,71.9,58.2990,67.4009,14.4819,21.5158,1.2744,57.7796,73.6453,24.7761,19.2905,1.7160,20.3302,7.0258,2.3266,0.0001,0.0000,0.0000,0.0000
4,hasta_001,1780004351.305,2026-05-29 00:39:11,1273,NORMAL,72.4,58.0892,67.2019,14.5466,21.6151,1.2081,57.8610,73.6536,24.6369,19.3155,1.7278,20.3302,7.0258,2.3215,0.0001,0.0000,0.0000,0.0000
4,hasta_001,1780004351.355,2026-05-29 00:39:11,1274,NORMAL,72.4,57.7636,66.9332,14.7071,21.7793,1.1333,57.9446,73.6570,24.4853,19.3434,1.7403,20.3302,7.0258,2.3160,0.0001,0.0000,0.0000,0.0000
4,hasta_001,1780004351.401,2026-05-29 00:39:11,1275,NORMAL,72.4,57.4864,66.6987,14.8363,21.9289,1.0526,58.0296,73.6551,24.3224,19.3744,1.7529,20.3302,7.0258,2.3099,0.0002,0.0000,0.0000,0.0000
4,hasta_001,1780004351.460,2026-05-29 00:39:11,1276,NORMAL,72.4,57.1363,66.3907,14.9837,22.0204,0.9563,58.1154,73.6484,24.1499,19.4075,1.7650,20.3302,7.0258,2.3030,0.0002,0.0000,0.0000,0.0000
4,hasta_001,1780004351.505,2026-05-29 00:39:11,1277,NORMAL,71.9,56.8478,66.1237,15.0862,22.0147,0.8797,58.2009,73.6369,23.9699,19.4421,1.7750,20.3302,7.0258,2.2954,0.0002,0.0000,0.0000,0.0000
4,hasta_001,1780004351.534,2026-05-29 00:39:11,1278,NORMAL,71.9,56.6464,65.9584,15.1903,22.0266,0.8283,58.2880,73.6216,23.7808,19.4788,1.7825,20.3302,7.0258,2.2876,0.0002,0.0000,0.0000,0.0000
4,hasta_001,1780004351.570,2026-05-29 00:39:11,1279,NORMAL,71.9,56.4127,65.7664,15.3114,22.0080,0.7731,58.3751,73.6031,23.5862,19.5168,1.7874,20.3302,7.0258,2.2796,0.0003,0.0000,0.0000,0.0000
4,hasta_001,1780004351.612,2026-05-29 00:39:11,1280,NORMAL,71.9,56.2006,65.6347,15.4867,21.9812,0.6936,58.4619,73.5818,23.3876,19.5560,1.7895,20.3302,7.0258,2.2715,0.0003,0.0000,0.0000,0.0000
4,hasta_001,1780004351.643,2026-05-29 00:39:11,1281,NORMAL,70.7,56.0622,65.5806,15.6497,21.9561,0.6342,58.5490,73.5584,23.1849,19.5949,1.7905,20.3302,7.0258,2.2635,0.0003,0.0000,0.0000,0.0000
4,hasta_001,1780004351.680,2026-05-29 00:39:11,1282,NORMAL,70.7,55.9216,65.5050,15.7847,21.9565,0.5683,58.6363,73.5326,22.9782,19.6335,1.7910,20.3302,7.0258,2.2553,0.0004,0.0000,0.0000,0.0000
4,hasta_001,1780004351.719,2026-05-29 00:39:11,1283,NORMAL,71.1,55.8022,65.4845,15.9659,22.0033,0.5135,58.7230,73.5046,22.7691,19.6706,1.7936,20.3302,7.0258,2.2472,0.0004,0.0000,0.0000,0.0000
4,hasta_001,1780004351.750,2026-05-29 00:39:11,1284,NORMAL,71.1,55.7413,65.5109,16.1144,22.0033,0.4689,58.8093,73.4741,22.5574,19.7053,1.7981,20.3302,7.0258,2.2390,0.0004,0.0000,0.0000,0.0000
4,hasta_001,1780004351.798,2026-05-29 00:39:11,1285,NORMAL,71.1,55.6807,65.5692,16.3110,22.0402,0.4123,58.8948,73.4423,22.3455,19.7393,1.8033,20.3302,7.0258,2.2302,0.0005,0.0000,0.0000,0.0000
4,hasta_001,1780004351.828,2026-05-29 00:39:11,1286,NORMAL,71.1,55.6655,65.6029,16.3892,22.0455,0.3856,58.9797,73.4097,22.1336,19.7735,1.8078,20.3302,7.0258,2.2209,0.0005,0.0000,0.0000,0.0000
4,hasta_001,1780004351.859,2026-05-29 00:39:11,1287,NORMAL,70.9,55.6523,65.6373,16.4648,22.0659,0.3644,59.0641,73.3765,21.9220,19.8081,1.8117,20.3302,7.0258,2.2107,0.0006,0.0000,0.0000,0.0000
4,hasta_001,1780004351.910,2026-05-29 00:39:11,1288,NORMAL,70.9,55.6915,65.7343,16.5415,22.0822,0.3422,59.1484,73.3434,21.7109,19.8435,1.8143,20.3302,7.0258,2.1996,0.0006,0.0000,0.0000,0.0000
4,hasta_001,1780004351.960,2026-05-29 00:39:11,1289,NORMAL,70.9,55.7789,65.8458,16.5539,22.1498,0.3353,59.2325,73.3102,21.5007,19.8806,1.8155,20.3302,7.0258,2.1875,0.0006,0.0000,0.0000,0.0000
4,hasta_001,1780004352.025,2026-05-29 00:39:12,1290,NORMAL,70.9,55.8382,65.9293,16.5744,22.2265,0.3372,59.3159,73.2767,21.2915,19.9192,1.8157,20.3302,7.0258,2.1740,0.0006,0.0000,0.0000,0.0000
4,hasta_001,1780004352.082,2026-05-29 00:39:12,1291,NORMAL,70.9,55.9494,65.9933,16.4730,22.3243,0.3537,59.3998,73.2414,21.0794,19.9602,1.8141,20.3302,7.0258,2.1590,0.0006,0.0000,0.0000,0.0000
4,hasta_001,1780004352.130,2026-05-29 00:39:12,1292,NORMAL,71.1,56.0090,66.0135,16.3977,22.6044,0.3728,59.4830,73.2036,20.8652,20.0044,1.8132,20.3302,7.0258,2.1419,0.0006,0.0000,0.0000,0.0000
4,hasta_001,1780004352.193,2026-05-29 00:39:12,1293,NORMAL,71.1,56.0457,66.0193,16.3414,23.1307,0.4022,59.5645,73.1626,20.6506,20.0543,1.8163,20.3302,7.0258,2.1230,0.0006,0.0000,0.0000,0.0000
4,hasta_001,1780004352.257,2026-05-29 00:39:12,1294,NORMAL,71.1,56.0731,66.0411,16.3256,23.8080,0.4499,59.6441,73.1202,20.4381,20.1101,1.8278,20.3302,7.0258,2.1016,0.0006,0.0000,0.0000,0.0000
4,hasta_001,1780004352.316,2026-05-29 00:39:12,1295,NORMAL,71.1,56.0893,66.0471,16.3061,24.3075,0.4984,59.7229,73.0774,20.2266,20.1706,1.8455,20.3302,7.0258,2.0780,0.0006,0.0000,0.0000,0.0000
4,hasta_001,1780004352.358,2026-05-29 00:39:12,1296,NORMAL,71.1,56.1801,66.0988,16.2231,24.5799,0.5176,59.8007,73.0355,20.0188,20.2345,1.8643,20.3302,7.0258,2.0503,0.0006,0.0000,0.0000,0.0000
4,hasta_001,1780004352.402,2026-05-29 00:39:12,1297,NORMAL,71.1,56.2886,66.1830,16.1578,24.7635,0.4929,59.8773,72.9945,19.8150,20.3007,1.8828,20.3302,7.0258,2.0198,0.0007,0.0000,0.0000,0.0000
4,hasta_001,1780004352.446,2026-05-29 00:39:12,1298,NORMAL,71.1,56.4444,66.3160,16.0826,24.8849,0.4633,59.9525,72.9544,19.6157,20.3690,1.8991,20.3302,7.0258,1.9864,0.0007,0.0000,0.0000,0.0000
4,hasta_001,1780004352.493,2026-05-29 00:39:12,1299,NORMAL,71.1,56.6467,66.5208,16.0335,24.9086,0.4115,60.0256,72.9158,19.4232,20.4387,1.9109,20.3302,7.0258,1.9494,0.0007,0.0000,0.0000,0.0000
4,hasta_001,1780004352.538,2026-05-29 00:39:12,1300,NORMAL,71.1,56.8401,66.7772,16.0772,24.8886,0.3356,60.0960,72.8791,19.2397,20.5099,1.9162,20.3302,7.0258,1.9087,0.0007,0.0000,0.0000,0.0000
4,hasta_001,1780004352.582,2026-05-29 00:39:12,1301,NORMAL,71.1,57.0770,67.0746,16.1054,24.7968,0.3160,60.1630,72.8449,19.0668,20.5825,1.9121,20.3302,7.0258,1.8646,0.0007,0.0000,0.0000,0.0000
4,hasta_001,1780004352.638,2026-05-29 00:39:12,1302,NORMAL,68.1,57.3497,67.4416,16.1741,24.6473,0.3822,60.2270,72.8137,18.9050,20.6526,1.9057,20.3302,7.0258,1.8185,0.0008,0.5000,0.0000,0.0000
4,hasta_001,1780004352.695,2026-05-29 00:39:12,1303,NORMAL,68.1,57.6187,67.7277,16.1297,24.4695,0.5526,60.2886,72.7843,18.7509,20.7201,1.8962,20.3302,7.0258,1.7728,0.0008,0.5000,0.0000,0.0000
4,hasta_001,1780004352.745,2026-05-29 00:39:12,1304,NORMAL,68.1,57.8879,68.0170,16.0901,24.2974,0.7750,60.3480,72.7570,18.6046,20.7856,1.8829,20.3302,7.0258,1.7289,0.0009,0.5000,0.0000,0.0000
4,hasta_001,1780004352.804,2026-05-29 00:39:12,1305,NORMAL,66.2,58.3614,68.4393,15.8958,24.1049,1.0599,60.4071,72.7325,18.4637,20.8498,1.8636,20.3302,7.0258,1.6881,0.0009,0.5000,0.0000,0.0000
4,hasta_001,1780004352.870,2026-05-29 00:39:12,1306,NORMAL,65.2,58.8083,68.8426,15.7215,23.9393,1.3284,60.4663,72.7104,18.3269,20.9133,1.8377,20.3302,7.0258,1.6510,0.0010,0.5000,0.0000,0.0000
4,hasta_001,1780004352.926,2026-05-29 00:39:12,1307,NORMAL,65.2,59.0993,69.1103,15.6166,23.8198,1.6254,60.5228,72.6890,18.1968,20.9756,1.8082,20.3302,7.0258,1.6190,0.0011,0.5000,0.0000,0.0000
4,hasta_001,1780004352.985,2026-05-29 00:39:12,1308,NORMAL,65.2,59.3821,69.4459,15.6236,23.7197,1.9352,60.5765,72.6671,18.0721,21.0356,1.7785,20.3302,7.0258,1.5919,0.0012,0.5000,0.0000,0.0000
4,hasta_001,1780004353.031,2026-05-29 00:39:13,1309,NORMAL,65.0,59.4924,69.5788,15.6292,23.6643,2.2093,60.6249,72.6420,17.9529,21.0940,1.7486,20.3302,7.0258,1.5695,0.0012,0.5000,0.0000,0.0000
4,hasta_001,1780004353.079,2026-05-29 00:39:13,1310,NORMAL,64.5,59.5836,69.6860,15.6300,23.6419,2.5545,60.6641,72.6099,17.8408,21.1506,1.7199,20.3302,7.0258,1.5537,0.0012,1.0000,0.0000,0.0000
4,hasta_001,1780004353.125,2026-05-29 00:39:13,1311,NORMAL,64.5,59.7169,69.9106,15.7277,23.6979,2.9098,60.6944,72.5696,17.7341,21.2070,1.6915,20.3302,7.0258,1.5440,0.0012,1.0000,0.0000,0.0000
4,hasta_001,1780004353.172,2026-05-29 00:39:13,1312,NORMAL,64.8,59.7557,70.1641,16.0229,23.7966,3.1662,60.7149,72.5226,17.6359,21.2631,1.6647,20.3302,7.0258,1.5395,0.0012,1.0000,0.0000,0.0000
4,hasta_001,1780004353.220,2026-05-29 00:39:13,1313,NORMAL,64.8,59.8804,70.4325,16.1951,24.0161,3.3415,60.7305,72.4719,17.5415,21.3196,1.6418,20.3302,7.0258,1.5388,0.0012,1.0000,0.0000,0.0000
4,hasta_001,1780004353.263,2026-05-29 00:39:13,1314,NORMAL,64.8,60.0564,70.6924,16.2694,24.2124,3.3731,60.7371,72.4101,17.4484,21.3742,1.6281,20.3302,7.0258,1.5408,0.0013,1.0000,0.0000,0.0000
4,hasta_001,1780004353.294,2026-05-29 00:39:13,1315,NORMAL,64.7,60.1795,70.9891,16.4820,24.3712,3.3095,60.7343,72.3383,17.3587,21.4268,1.6221,20.3302,7.0258,1.5446,0.0014,1.0000,0.0000,0.0000
4,hasta_001,1780004353.322,2026-05-29 00:39:13,1316,NORMAL,64.7,60.3661,71.4198,16.7753,24.4566,3.2191,60.7202,72.2560,17.2749,21.4774,1.6211,20.3302,7.0258,1.5497,0.0013,1.0000,0.0000,0.0000
4,hasta_001,1780004353.369,2026-05-29 00:39:13,1317,NORMAL,63.0,60.6245,71.9918,17.1432,24.5035,3.0522,60.6991,72.1714,17.1999,21.5265,1.6228,20.3302,7.0258,1.5552,0.0013,1.0000,0.0000,0.0000
4,hasta_001,1780004353.398,2026-05-29 00:39:13,1318,NORMAL,64.0,61.0182,72.3480,16.9906,24.4777,2.9435,60.6736,72.0837,17.1284,21.5742,1.6247,20.3302,7.0258,1.5609,0.0014,1.0000,0.0000,0.0000
4,hasta_001,1780004353.430,2026-05-29 00:39:13,1319,NORMAL,64.7,61.3456,72.6542,16.8785,24.4048,2.8212,60.6420,71.9917,17.0613,21.6200,1.6264,20.3302,7.0258,1.5668,0.0014,1.0000,0.0000,0.0000
4,hasta_001,1780004353.460,2026-05-29 00:39:13,1320,NORMAL,64.7,61.7603,72.8706,16.5048,24.3546,2.7123,60.5997,71.8897,16.9983,21.6632,1.6297,20.3302,7.0258,1.5729,0.0014,1.0000,0.0000,0.0000
4,hasta_001,1780004353.492,2026-05-29 00:39:13,1321,NORMAL,65.0,62.2444,73.0036,15.9103,24.3112,2.6155,60.5507,71.7820,16.9383,21.7044,1.6335,20.3302,7.0258,1.5791,0.0015,1.0000,0.0000,0.0000
4,hasta_001,1780004353.523,2026-05-29 00:39:13,1322,NORMAL,65.4,62.5698,73.0771,15.4922,24.2623,2.5547,60.4891,71.6626,16.8826,21.7421,1.6399,20.3302,7.0258,1.5862,0.0015,1.0000,0.0000,0.0000
4,hasta_001,1780004353.553,2026-05-29 00:39:13,1323,NORMAL,65.4,62.8304,73.0871,15.0924,24.3066,2.5521,60.4272,71.5448,16.8289,21.7782,1.6483,20.3302,7.0258,1.5944,0.0016,1.0000,0.0000,0.0000
4,hasta_001,1780004353.610,2026-05-29 00:39:13,1324,NORMAL,65.9,63.2498,73.0305,14.3539,24.3035,2.6253,60.3723,71.4350,16.7737,21.8127,1.6574,20.3302,7.0258,1.6043,0.0015,1.0000,0.0000,0.0000
4,hasta_001,1780004353.680,2026-05-29 00:39:13,1325,NORMAL,65.9,63.7249,72.9846,13.5466,24.2551,2.7056,60.3289,71.3348,16.7125,21.8452,1.6667,20.3302,7.0258,1.6159,0.0014,1.0000,0.0000,0.0000
4,hasta_001,1780004353.729,2026-05-29 00:39:13,1326,NORMAL,65.9,64.1176,73.0528,13.0278,24.3378,2.7496,60.2967,71.2427,16.6444,21.8779,1.6768,20.3302,7.0258,1.6286,0.0014,1.0000,0.0000,0.0000
4,hasta_001,1780004353.777,2026-05-29 00:39:13,1327,NORMAL,66.4,64.6114,73.2110,12.4792,24.6054,2.8267,60.2706,71.1543,16.5716,21.9125,1.6898,20.3302,7.0258,1.6428,0.0013,1.0000,0.0000,0.0000
4,hasta_001,1780004353.826,2026-05-29 00:39:13,1328,NORMAL,66.6,65.0213,73.2878,11.9537,24.9509,2.8921,60.2440,71.0638,16.4969,21.9488,1.7078,20.3302,7.0258,1.6584,0.0012,1.0000,0.0000,0.0000
4,hasta_001,1780004353.872,2026-05-29 00:39:13,1329,NORMAL,66.6,65.2534,73.3261,11.6506,25.2444,2.9140,60.2117,70.9684,16.4247,21.9857,1.7307,20.3302,7.0258,1.6748,0.0012,1.0000,0.0000,0.0000
4,hasta_001,1780004353.913,2026-05-29 00:39:13,1330,NORMAL,66.6,65.3679,73.3455,11.5022,25.5638,2.9934,60.1702,70.8662,16.3574,22.0237,1.7585,20.3302,7.0258,1.6925,0.0011,1.0000,0.0000,0.0000
4,hasta_001,1780004353.961,2026-05-29 00:39:13,1331,NORMAL,66.6,65.3814,73.3586,11.4995,26.0015,3.0032,60.1118,70.7521,16.3000,22.0636,1.7936,20.3302,7.0258,1.7108,0.0012,1.0000,0.0000,0.0000
4,hasta_001,1780004354.017,2026-05-29 00:39:14,1332,NORMAL,66.6,65.3573,73.4610,11.6752,26.5161,3.0609,60.0342,70.6282,16.2575,22.1069,1.8374,20.3302,7.0258,1.7302,0.0012,1.0000,0.0000,0.0000
4,hasta_001,1780004354.051,2026-05-29 00:39:14,1333,NORMAL,66.6,65.3794,73.5101,11.7082,26.8532,3.0954,59.9500,70.5042,16.2239,22.1528,1.8859,20.3302,7.0258,1.7501,0.0012,1.0000,0.0000,0.0000
4,hasta_001,1780004354.108,2026-05-29 00:39:14,1334,NORMAL,66.6,65.4471,73.5702,11.6865,27.3191,3.2258,59.8641,70.3836,16.1963,22.2028,1.9419,20.3302,7.0258,1.7712,0.0012,1.0000,0.0000,0.0000
4,hasta_001,1780004354.162,2026-05-29 00:39:14,1335,NORMAL,66.6,65.5974,73.7936,11.7601,27.7535,3.2644,59.7834,70.2708,16.1706,22.2562,2.0046,20.3302,7.0258,1.7929,0.0011,1.0000,0.0000,0.0000
4,hasta_001,1780004354.211,2026-05-29 00:39:14,1336,NORMAL,66.6,65.8302,73.9954,11.6791,27.9967,3.3099,59.7108,70.1672,16.1450,22.3117,2.0695,20.3302,7.0258,1.8151,0.0011,1.0000,0.0000,0.0000
4,hasta_001,1780004354.261,2026-05-29 00:39:14,1337,NORMAL,66.6,65.9763,74.1393,11.6519,28.2085,3.4104,59.6484,70.0766,16.1207,22.3691,2.1357,20.3302,7.0258,1.8386,0.0011,1.0000,0.0000,0.0000
4,hasta_001,1780004354.303,2026-05-29 00:39:14,1338,NORMAL,66.6,66.0098,74.2260,11.7177,28.3617,3.4575,59.5957,69.9977,16.0969,22.4271,2.2021,20.3302,7.0258,1.8629,0.0011,1.0000,0.0000,0.0000
4,hasta_001,1780004354.355,2026-05-29 00:39:14,1339,NORMAL,66.6,65.7803,74.0515,11.8302,28.5383,3.7798,59.5517,69.9301,16.0748,22.4870,2.2688,20.3302,7.0258,1.8909,0.0011,1.0000,0.0000,0.0000
4,hasta_001,1780004354.393,2026-05-29 00:39:14,1340,NORMAL,66.6,65.4244,73.7680,11.9886,28.6355,4.0986,59.5156,69.8720,16.0531,22.5485,2.3337,20.3302,7.0258,1.9220,0.0011,1.0000,0.0000,0.0000
4,hasta_001,1780004354.423,2026-05-29 00:39:14,1341,NORMAL,66.3,64.9315,73.3395,12.1617,28.7536,4.3380,59.4881,69.8228,16.0300,22.6124,2.3969,20.3302,7.0258,1.9551,0.0010,1.0000,0.0000,0.0000
4,hasta_001,1780004354.454,2026-05-29 00:39:14,1342,NORMAL,65.8,64.2796,72.6980,12.2916,28.9318,4.5754,59.4660,69.7790,16.0056,22.6786,2.4599,20.3302,7.0258,1.9901,0.0010,1.0000,0.0000,0.0000
4,hasta_001,1780004354.486,2026-05-29 00:39:14,1343,NORMAL,71.8,63.5735,71.9002,12.2927,29.1540,4.7492,59.4482,69.7378,15.9779,22.7480,2.5234,20.3302,7.0258,2.0260,0.0010,0.0000,0.0000,0.0000
4,hasta_001,1780004354.516,2026-05-29 00:39:14,1344,NORMAL,71.8,62.8764,71.1117,12.2926,29.3349,4.9492,59.4353,69.6974,15.9434,22.8191,2.5869,20.3302,7.0258,2.0625,0.0009,0.0000,0.0000,0.0000
4,hasta_001,1780004354.547,2026-05-29 00:39:14,1345,NORMAL,71.8,62.1815,70.3580,12.3382,29.4824,5.0892,59.4244,69.6559,15.9039,22.8926,2.6492,20.3302,7.0258,2.0989,0.0009,0.0000,0.0000,0.0000
4,hasta_001,1780004354.594,2026-05-29 00:39:14,1346,NORMAL,71.8,61.2760,69.3922,12.4226,29.6554,5.2175,59.4125,69.6115,15.8616,22.9685,2.7107,20.3302,7.0258,2.1351,0.0008,0.0000,0.0000,0.0000
4,hasta_001,1780004354.643,2026-05-29 00:39:14,1347,NORMAL,71.8,60.8294,68.7113,12.1690,29.7714,5.1931,59.4012,69.5652,15.8155,23.0460,2.7705,20.3302,7.0258,2.1701,0.0008,0.0000,0.0000,0.0000
4,hasta_001,1780004354.709,2026-05-29 00:39:14,1348,NORMAL,72.0,60.6148,68.2690,11.8777,29.7774,5.1771,59.3912,69.5183,15.7661,23.1241,2.8264,20.3302,7.0258,2.2039,0.0007,0.0000,0.0000,0.0000
4,hasta_001,1780004354.783,2026-05-29 00:39:14,1349,NORMAL,72.0,60.4778,67.9602,11.6514,29.6427,5.1605,59.3837,69.4732,15.7148,23.2016,2.8762,20.3302,7.0258,2.2365,0.0007,0.0000,0.0000,0.0000
4,hasta_001,1780004354.848,2026-05-29 00:39:14,1350,NORMAL,72.0,60.4881,67.7729,11.3594,29.4261,5.2617,59.3805,69.4311,15.6606,23.2776,2.9188,20.3302,7.0258,2.2685,0.0006,0.0000,0.0000,0.0000
4,hasta_001,1780004354.904,2026-05-29 00:39:14,1351,NORMAL,72.0,60.6062,67.7299,11.1015,29.1451,5.3128,59.3815,69.3930,15.6048,23.3518,2.9537,20.3302,7.0258,2.2992,0.0007,0.0000,0.0000,0.0000
4,hasta_001,1780004354.965,2026-05-29 00:39:14,1352,NORMAL,72.0,60.6220,67.7250,11.0684,28.8236,5.3295,59.3873,69.3587,15.5462,23.4238,2.9808,20.3302,7.0258,2.3284,0.0007,0.0000,0.0000,0.0000
4,hasta_001,1780004355.006,2026-05-29 00:39:15,1353,NORMAL,72.0,60.6620,67.8914,11.2473,28.5210,5.3633,59.3953,69.3277,15.4889,23.4936,3.0012,20.3302,7.0258,2.3571,0.0007,0.0000,0.0000,0.0000
4,hasta_001,1780004355.070,2026-05-29 00:39:15,1354,NORMAL,72.0,60.5420,67.8773,11.4239,28.0608,5.4606,59.4044,69.2987,15.4323,23.5595,3.0139,20.3302,7.0258,2.3856,0.0007,0.0000,0.0000,0.0000
4,hasta_001,1780004355.130,2026-05-29 00:39:15,1355,NORMAL,72.0,60.2765,67.7050,11.6087,27.7054,5.6384,59.4126,69.2699,15.3774,23.6226,3.0207,20.3302,7.0258,2.4149,0.0006,0.0000,0.0000,0.0000
4,hasta_001,1780004355.185,2026-05-29 00:39:15,1356,NORMAL,72.0,60.0530,67.4008,11.5300,27.4206,5.7254,59.4201,69.2400,15.3220,23.6835,3.0230,20.3302,7.0258,2.4443,0.0006,0.0000,0.0000,0.0000
4,hasta_001,1780004355.216,2026-05-29 00:39:15,1357,NORMAL,72.0,59.8552,67.1271,11.4535,27.2458,5.8038,59.4275,69.2095,15.2656,23.7427,3.0226,20.3302,7.0258,2.4739,0.0006,0.0000,0.0000,0.0000
4,hasta_001,1780004355.248,2026-05-29 00:39:15,1358,NORMAL,72.0,59.6164,66.7888,11.3483,27.0837,5.9264,59.4354,69.1785,15.2074,23.8001,3.0201,20.3302,7.0258,2.5038,0.0005,0.0000,0.0000,0.0000
4,hasta_001,1780004355.299,2026-05-29 00:39:15,1359,NORMAL,71.5,59.2616,66.4627,11.4554,26.8081,6.0527,59.4429,69.1465,15.1481,23.8555,3.0139,20.3302,7.0258,2.5345,0.0005,0.0000,0.0000,0.0000
4,hasta_001,1780004355.340,2026-05-29 00:39:15,1360,NORMAL,71.5,59.0490,66.2437,11.4847,26.6390,6.0816,59.4511,69.1150,15.0882,23.9095,3.0052,20.3302,7.0258,2.5653,0.0004,0.0000,0.0000,0.0000
4,hasta_001,1780004355.395,2026-05-29 00:39:15,1361,NORMAL,71.5,59.1102,66.3277,11.5077,26.3809,6.0761,59.4620,69.0859,15.0272,23.9619,2.9930,20.3302,7.0258,2.5956,0.0004,0.0000,0.0000,0.0000
4,hasta_001,1780004355.457,2026-05-29 00:39:15,1362,NORMAL,71.5,59.0324,66.1880,11.4287,26.1035,6.1165,59.4737,69.0571,14.9652,24.0125,2.9774,20.3302,7.0258,2.6261,0.0003,0.0000,0.0000,0.0000
4,hasta_001,1780004355.519,2026-05-29 00:39:15,1363,NORMAL,71.0,58.9409,65.9410,11.2108,25.8831,6.2058,59.4858,69.0286,14.9025,24.0613,2.9596,20.3302,7.0258,2.6572,0.0003,0.0000,0.0000,0.0000
4,hasta_001,1780004355.584,2026-05-29 00:39:15,1364,NORMAL,65.0,58.8953,65.8426,11.1392,25.6433,6.4902,59.4982,69.0012,14.8408,24.1082,2.9397,20.3302,7.0258,2.6906,0.0002,0.0000,0.0000,0.0000
4,hasta_001,1780004355.636,2026-05-29 00:39:15,1365,NORMAL,65.5,59.0858,66.1422,11.2697,25.4180,6.7901,59.5123,68.9780,14.7827,24.1537,2.9171,20.3302,7.0258,2.7261,0.0001,0.0000,0.0000,0.0000
4,hasta_001,1780004355.680,2026-05-29 00:39:15,1366,NORMAL,65.0,59.1964,66.2663,11.2701,25.2238,7.2489,59.5273,68.9564,14.7252,24.1976,2.8933,20.3302,7.0258,2.7655,0.0000,0.0000,0.0000,0.0000
4,hasta_001,1780004355.727,2026-05-29 00:39:15,1367,NORMAL,64.5,59.3182,66.4064,11.2758,24.9935,7.8580,59.5434,68.9362,14.6681,24.2395,2.8679,20.3302,7.0258,2.8104,0.0000,0.0000,0.0000,0.0000
4,hasta_001,1780004355.779,2026-05-29 00:39:15,1368,NORMAL,61.0,59.3966,66.5961,11.4284,24.7816,8.6950,59.5600,68.9182,14.6134,24.2806,2.8400,20.3302,7.0258,2.8624,0.0001,0.0000,0.0000,0.0000
4,hasta_001,1780004355.839,2026-05-29 00:39:15,1369,NORMAL,57.5,59.9144,67.0616,11.2575,24.5153,9.7804,59.5816,68.9037,14.5555,24.3206,2.8090,20.3302,7.0258,2.9236,0.0002,0.0000,0.0000,0.0000
4,hasta_001,1780004355.895,2026-05-29 00:39:15,1370,NORMAL,57.0,60.0475,67.4022,11.5414,24.2821,10.9933,59.6042,68.8913,14.4991,24.3599,2.7750,20.3302,7.0258,2.9946,0.0001,0.0000,0.0000,0.0000
4,hasta_001,1780004355.958,2026-05-29 00:39:15,1371,NORMAL,56.0,60.6006,68.1040,11.6598,24.2133,12.4169,59.6308,68.8835,14.4430,24.4000,2.7375,20.3302,7.0258,3.0768,0.0001,0.0000,0.0000,0.0000
4,hasta_001,1780004356.002,2026-05-29 00:39:16,1372,NORMAL,55.8,60.8302,68.9230,12.4742,24.2066,13.6647,59.6591,68.8820,14.3934,24.4403,2.6986,20.3302,7.0258,3.1682,0.0000,0.0000,0.0000,0.0000
4,hasta_001,1780004356.058,2026-05-29 00:39:16,1373,NORMAL,55.3,61.1798,70.7195,14.4651,24.2470,15.2997,59.6902,68.8952,14.3599,24.4808,2.6586,20.3302,7.0258,3.2722,0.0001,0.0000,0.0000,0.0000
4,hasta_001,1780004356.111,2026-05-29 00:39:16,1374,NORMAL,54.3,61.6415,73.1424,17.0657,24.2876,17.0825,59.7249,68.9278,14.3477,24.5215,2.6176,20.3302,7.0258,3.3897,0.0000,0.0000,0.0000,0.0000
4,hasta_001,1780004356.150,2026-05-29 00:39:16,1375,NORMAL,53.2,61.8869,75.4721,19.7806,24.3100,18.6643,59.7615,68.9788,14.3566,24.5617,2.5768,20.3302,7.0258,3.5191,0.0000,0.0000,0.0000,0.0000
4,hasta_001,1780004356.209,2026-05-29 00:39:16,1376,NORMAL,51.4,61.9929,78.8557,23.9445,24.1761,20.9195,59.7993,69.0570,14.3983,24.6000,2.5363,20.3302,7.0258,3.6663,0.0000,0.0000,0.0000,0.0000
4,hasta_001,1780004356.264,2026-05-29 00:39:16,1377,NORMAL,51.4,62.0827,82.7054,28.4868,24.0819,23.0186,59.8384,69.1681,14.4782,24.6356,2.4984,20.3302,7.0258,3.8304,0.0001,0.0000,0.0000,0.0000
4,hasta_001,1780004356.307,2026-05-29 00:39:16,1378,NORMAL,51.4,62.2734,86.3300,32.3769,24.0285,25.0002,59.8803,69.3117,14.5917,24.6678,2.4653,20.3302,7.0258,4.0112,0.0002,0.0000,0.0000,0.0000
4,hasta_001,1780004356.376,2026-05-29 00:39:16,1379,NORMAL,51.4,62.3518,89.1293,35.3541,23.7390,28.1929,59.9239,69.4808,14.7312,24.6928,2.4404,20.3302,7.0258,4.2191,0.0005,0.0000,0.0000,0.0000
4,hasta_001,1780004356.430,2026-05-29 00:39:16,1380,NORMAL,51.4,62.3655,92.5272,38.9453,23.6271,30.9692,59.9675,69.6790,14.9021,24.7146,2.4190,20.3302,7.0258,4.4507,0.0007,0.0000,0.0000,0.0000
4,hasta_001,1780004356.458,2026-05-29 00:39:16,1381,NORMAL,51.4,63.3834,95.7090,40.6374,24.3114,32.9231,60.0192,69.9042,15.0883,24.7411,2.3969,20.3302,7.0258,4.6991,0.0009,0.0000,0.0000,0.0000
4,hasta_001,1780004356.520,2026-05-29 00:39:16,1382,NORMAL,51.4,66.5417,103.6409,43.5993,30.5295,36.5700,60.0944,70.1962,15.3054,24.8178,2.4334,16.2808,7.7840,4.9793,0.0008,0.0000,0.0000,0.0000
4,hasta_001,1780004356.596,2026-05-29 00:39:16,1383,NORMAL,52.4,68.6083,112.1805,48.2023,39.6566,40.3864,60.1827,70.5594,15.5675,24.9695,2.7638,16.2808,7.7840,5.2927,0.0008,0.0000,0.0000,0.0000
4,hasta_001,1780004356.642,2026-05-29 00:39:16,1384,NORMAL,52.4,69.2423,119.4097,53.1852,41.7955,43.1066,60.2725,70.9828,15.8779,25.1378,3.1424,16.2808,7.7840,5.6305,0.0007,0.0000,0.0000,0.0000
4,hasta_001,1780004357.999,2026-05-29 00:39:17,1385,NORMAL,52.4,76.8399,116.7846,41.2600,42.7574,64.4748,60.4219,71.3848,16.0956,25.3132,3.5119,16.1112,7.7701,6.1487,0.0055,0.0000,0.0000,0.0000
4,hasta_001,1780004358.031,2026-05-29 00:39:18,1386,NORMAL,52.4,76.8855,116.0836,40.6264,42.2091,64.4074,60.5702,71.7810,16.3109,25.4841,3.8177,16.1112,7.7701,6.6676,0.0056,0.0000,0.0000,0.0000
4,hasta_001,1780004358.062,2026-05-29 00:39:18,1387,NORMAL,52.4,76.8492,114.5563,39.4002,41.4815,63.9469,60.7172,72.1647,16.5178,25.6492,4.0692,16.1112,7.7701,7.1845,0.0056,0.0000,0.0000,0.0000
4,hasta_001,1780004358.093,2026-05-29 00:39:18,1388,NORMAL,52.4,76.6787,112.2120,37.6232,40.6922,62.9536,60.8629,72.5299,16.7113,25.8081,4.2760,16.1112,7.7701,7.6944,0.0057,0.0000,0.0000,0.0000
4,hasta_001,1780004358.149,2026-05-29 00:39:18,1389,NORMAL,52.4,76.7116,108.2798,34.1295,39.4565,60.5488,61.0098,72.8639,16.8763,25.9568,4.4348,16.1112,7.7701,8.1854,0.0057,0.0000,0.0000,0.0000
4,hasta_001,1780004358.206,2026-05-29 00:39:18,1390,NORMAL,51.9,76.3290,104.8373,31.4720,38.5772,57.4777,61.1556,73.1712,17.0185,26.0986,4.5622,16.1112,7.7701,8.6519,0.0056,0.0000,0.0000,0.0000
4,hasta_001,1780004358.284,2026-05-29 00:39:18,1391,NORMAL,51.9,75.3897,101.1788,29.2115,38.0313,53.8609,61.2958,73.4505,17.1418,26.2363,4.6696,16.1112,7.7701,9.0894,0.0056,0.0000,0.0000,0.0000
4,hasta_001,1780004358.322,2026-05-29 00:39:18,1392,NORMAL,51.9,75.1299,99.3065,27.7197,37.7398,51.8797,61.4361,73.7163,17.2521,26.3715,4.7649,16.1112,7.7701,9.5111,0.0056,0.0000,0.0000,0.0000
4,hasta_001,1780004358.380,2026-05-29 00:39:18,1393,NORMAL,51.9,74.7170,96.6362,25.5836,37.5082,49.3641,61.5746,73.9616,17.3441,26.5040,4.8509,16.1112,7.7701,9.9124,0.0055,0.0000,0.0000,0.0000
4,hasta_001,1780004358.440,2026-05-29 00:39:18,1394,NORMAL,51.9,74.6133,94.4394,23.4555,36.8061,47.2789,61.7150,74.1908,17.4170,26.6292,4.9208,16.1112,7.7701,10.2969,0.0055,0.0000,0.0000,0.0000
4,hasta_001,1780004358.477,2026-05-29 00:39:18,1395,NORMAL,52.9,74.4079,93.0646,22.2803,36.5334,46.0252,61.8560,74.4106,17.4790,26.7509,4.9833,16.1112,7.7701,10.6717,0.0054,0.0000,0.0000,0.0000
4,hasta_001,1780004358.509,2026-05-29 00:39:18,1396,NORMAL,53.8,74.1929,91.9203,21.3438,36.2415,44.9465,61.9982,74.6233,17.5320,26.8694,5.0381,16.1112,7.7701,11.0383,0.0053,0.0000,0.0000,0.0000
4,hasta_001,1780004358.562,2026-05-29 00:39:18,1397,NORMAL,53.8,73.9288,90.5321,20.1911,36.0789,43.4291,62.1405,74.8267,17.5746,26.9866,5.0872,16.1112,7.7701,11.3929,0.0051,0.0000,0.0000,0.0000
4,hasta_001,1780004358.598,2026-05-29 00:39:18,1398,NORMAL,54.2,73.8522,89.7647,19.4510,35.8018,42.4111,62.2839,75.0251,17.6101,27.1014,5.1292,16.1112,7.7701,11.7394,0.0049,0.0000,0.0000,0.0000
4,hasta_001,1780004358.649,2026-05-29 00:39:18,1399,NORMAL,54.8,73.2759,88.5214,18.8452,35.1633,41.2108,62.4244,75.2147,17.6395,27.2110,5.1597,16.1112,7.7701,12.0764,0.0047,0.0000,0.0000,0.0000
4,hasta_001,1780004358.698,2026-05-29 00:39:18,1400,NORMAL,54.2,72.0879,87.4068,19.2093,34.3857,40.1257,62.5568,75.3962,17.6705,27.3144,5.1781,16.1112,7.7701,12.4050,0.0044,0.0000,0.0000,0.0000
4,hasta_001,1780004358.738,2026-05-29 00:39:18,1401,NORMAL,53.8,70.4106,85.7445,19.6393,33.6312,39.0972,62.6764,75.5642,17.7038,27.4117,5.1862,16.1112,7.7701,12.7255,0.0042,0.0000,0.0000,0.0000
4,hasta_001,1780004358.794,2026-05-29 00:39:18,1402,NORMAL,54.2,68.3199,83.0018,19.4049,32.4930,37.6872,62.7797,75.7100,17.7340,27.4995,5.1823,16.1112,7.7701,13.0348,0.0040,0.0000,0.0000,0.0000
4,hasta_001,1780004358.862,2026-05-29 00:39:18,1403,NORMAL,53.8,66.2369,79.2720,17.9165,31.1794,35.9113,62.8667,75.8249,17.7502,27.5760,5.1683,16.1112,7.7701,13.3298,0.0037,0.5000,0.0000,0.0000
4,hasta_001,1780004358.927,2026-05-29 00:39:18,1404,NORMAL,53.0,64.0751,75.0890,15.8286,30.1206,33.8756,62.9361,75.9047,17.7478,27.6436,5.1480,16.1112,7.7701,13.6082,0.0035,0.5000,0.0000,0.0000
4,hasta_001,1780004358.980,2026-05-29 00:39:18,1405,NORMAL,52.3,61.9517,70.7877,13.3132,29.3709,31.7328,62.9884,75.9482,17.7229,27.7047,5.1246,16.1112,7.7701,13.8692,0.0032,0.5000,0.0000,0.0000
4,hasta_001,1780004359.034,2026-05-29 00:39:19,1406,NORMAL,53.0,59.7696,66.4546,10.5922,28.7575,29.1823,63.0226,75.9553,17.6745,27.7606,5.0991,16.1112,7.7701,14.1092,0.0029,0.5000,0.0000,0.0000
4,hasta_001,1780004359.079,2026-05-29 00:39:19,1407,NORMAL,53.2,57.9352,63.3167,8.8766,27.9001,26.8600,63.0416,75.9360,17.6113,27.8093,5.0723,16.1112,7.7701,14.3300,0.0025,0.5000,0.0000,0.0000
4,hasta_001,1780004359.170,2026-05-29 00:39:19,1408,NORMAL,53.2,54.8508,59.6543,8.3901,26.5743,23.3660,63.0346,75.8853,17.5434,27.8467,5.0464,16.1112,7.7701,14.5218,0.0023,0.5000,0.0000,0.0000
4,hasta_001,1780004359.213,2026-05-29 00:39:19,1409,NORMAL,53.2,52.8362,57.9360,9.2077,26.0443,21.5785,63.0101,75.8194,17.4822,27.8792,5.0221,16.1112,7.7701,14.6989,0.0021,0.5000,0.0000,0.0000
4,hasta_001,1780004359.268,2026-05-29 00:39:19,1410,NORMAL,53.0,49.8865,56.2226,11.9427,25.2063,19.5686,62.9605,75.7385,17.4436,27.9040,5.0014,16.1112,7.7701,14.8591,0.0019,0.5000,0.0000,0.0000
4,hasta_001,1780004359.329,2026-05-29 00:39:19,1411,NORMAL,54.2,46.2720,54.8440,16.9547,24.4354,17.6958,62.8798,75.6456,17.4476,27.9216,4.9855,16.1112,7.7701,15.0036,0.0017,0.5000,0.0000,0.0000
4,hasta_001,1780004359.374,2026-05-29 00:39:19,1412,NORMAL,50.9,42.9690,54.1276,22.9846,23.9449,16.3541,62.7712,75.5465,17.5025,27.9327,4.9750,16.1112,7.7701,15.1368,0.0016,0.5000,0.0000,0.0000
4,hasta_001,1780004359.445,2026-05-29 00:39:19,1413,NORMAL,50.9,39.2125,53.5445,30.9022,23.2798,14.7779,62.6309,75.4426,17.6238,27.9340,4.9738,16.1112,7.7701,15.2566,0.0015,0.5000,0.0000,0.0000
4,hasta_001,1780004359.500,2026-05-29 00:39:19,1414,NORMAL,50.9,37.0570,53.3663,36.0732,22.9437,13.7542,62.4724,75.3369,17.7884,27.9268,4.9804,16.1112,7.7701,15.3675,0.0015,0.5000,0.0000,0.0000
4,hasta_001,1780004359.602,2026-05-29 00:39:19,1415,NORMAL,50.9,35.4215,53.4399,40.5540,22.5339,12.4098,62.3002,75.2319,17.9904,27.9120,4.9938,16.1112,7.7701,15.4667,0.0016,0.5000,0.0000,0.0000
4,hasta_001,1780004359.655,2026-05-29 00:39:19,1416,NORMAL,50.9,35.0788,53.6705,41.8970,22.3433,11.6656,62.1244,75.1283,18.2044,27.8934,5.0103,16.1112,7.7701,15.5596,0.0016,0.5000,0.0000,0.0000
4,hasta_001,1780004359.713,2026-05-29 00:39:19,1417,NORMAL,51.4,35.1929,53.8498,41.9057,22.1345,10.7717,61.9486,75.0255,18.4190,27.8715,5.0297,16.1112,7.7701,15.6453,0.0016,0.5000,0.0000,0.0000
4,hasta_001,1780004359.761,2026-05-29 00:39:19,1418,NORMAL,51.9,35.5615,54.0361,41.2392,22.1698,9.9744,61.7745,74.9232,18.6286,27.8488,5.0491,16.1112,7.7701,15.7246,0.0016,0.5000,0.0000,0.0000
4,hasta_001,1780004359.807,2026-05-29 00:39:19,1419,NORMAL,53.4,36.0171,54.2251,40.3536,22.0882,9.1682,61.6026,74.8207,18.8313,27.8253,5.0693,16.1112,7.7701,15.7975,0.0017,0.5000,0.0000,0.0000
4,hasta_001,1780004359.877,2026-05-29 00:39:19,1420,NORMAL,53.9,36.7538,54.3982,38.7143,21.9504,8.1049,61.4352,74.7176,19.0199,27.8008,5.0904,16.1112,7.7701,15.8623,0.0016,0.5000,0.0000,0.0000
4,hasta_001,1780004359.944,2026-05-29 00:39:19,1421,NORMAL,53.9,37.7071,54.2953,36.0602,21.5667,7.2018,61.2738,74.6111,19.1862,27.7739,5.1147,16.1112,7.7701,15.9197,0.0016,0.5000,0.0000,0.0000
4,hasta_001,1780004360.011,2026-05-29 00:39:20,1422,NORMAL,53.9,38.6805,53.9394,32.9495,21.1426,6.4396,61.1182,74.4986,19.3260,27.7447,5.1424,16.1112,7.7701,15.9701,0.0015,0.5000,0.0000,0.0000
4,hasta_001,1780004360.049,2026-05-29 00:39:20,1423,NORMAL,55.9,39.4218,53.6269,30.5327,20.9339,5.9666,60.9666,74.3811,19.4460,27.7153,5.1712,16.1112,7.7701,16.0153,0.0013,0.5000,0.0000,0.0000
4,hasta_001,1780004360.094,2026-05-29 00:39:20,1424,NORMAL,56.4,40.2977,53.2459,27.6838,20.9400,5.4120,60.8200,74.2580,19.5426,27.6873,5.1986,16.1112,7.7701,16.0539,0.0011,0.5000,0.0000,0.0000
4,hasta_001,1780004360.145,2026-05-29 00:39:20,1425,NORMAL,56.9,41.1856,52.8602,24.8275,21.3207,4.8796,60.6769,74.1281,19.6171,27.6641,5.2207,16.1112,7.7701,16.0857,0.0011,0.5000,0.0000,0.0000
4,hasta_001,1780004360.212,2026-05-29 00:39:20,1426,NORMAL,59.5,42.0657,52.6056,22.2664,21.9115,4.3737,60.5374,73.9928,19.6716,27.6472,5.2360,16.1112,7.7701,16.1111,0.0009,0.5000,0.0000,0.0000
4,hasta_001,1780004360.277,2026-05-29 00:39:20,1427,NORMAL,60.9,42.7379,52.6058,20.6997,22.5621,4.0360,60.4010,73.8553,19.7140,27.6367,5.2449,16.1112,7.7701,16.1312,0.0009,0.5000,0.0000,0.0000
4,hasta_001,1780004360.327,2026-05-29 00:39:20,1428,NORMAL,61.9,43.1347,52.7633,20.0808,23.2325,3.7957,60.2656,73.7163,19.7511,27.6326,5.2481,16.1112,7.7701,16.1467,0.0007,0.5000,0.0000,0.0000
4,hasta_001,1780004360.373,2026-05-29 00:39:20,1429,NORMAL,61.9,43.4492,52.9263,19.6671,24.0196,3.5662,60.1319,73.5775,19.7848,27.6356,5.2460,16.1112,7.7701,16.1580,0.0005,0.5000,0.0000,0.0000
4,hasta_001,1780004360.424,2026-05-29 00:39:20,1430,NORMAL,63.4,44.0618,53.1714,18.7376,24.9528,3.2795,60.0026,73.4399,19.8106,27.6465,5.2390,16.1112,7.7701,16.1640,0.0004,0.5000,0.0000,0.0000
4,hasta_001,1780004360.494,2026-05-29 00:39:20,1431,NORMAL,65.5,45.4968,53.3145,15.8234,25.8362,2.9345,59.8841,73.3016,19.8114,27.6643,5.2292,16.1112,7.7701,16.1643,0.0004,0.5000,0.0000,0.0000
4,hasta_001,1780004360.547,2026-05-29 00:39:20,1432,NORMAL,67.4,47.1742,53.6610,12.8662,26.2322,2.7798,59.7792,73.1641,19.7851,27.6846,5.2188,16.1112,7.7701,16.1610,0.0003,0.5000,0.0000,0.0000
4,hasta_001,1780004360.606,2026-05-29 00:39:20,1433,NORMAL,66.6,49.1449,54.2036,9.7895,26.8769,2.6339,59.6898,73.0288,19.7318,27.7085,5.2085,16.1112,7.7701,16.1551,0.0003,1.0000,0.0000,0.0000
4,hasta_001,1780004360.649,2026-05-29 00:39:20,1434,NORMAL,66.6,50.6979,54.6990,7.5924,27.4193,2.6032,59.6118,72.8955,19.6595,27.7352,5.1988,16.1112,7.7701,16.1487,0.0003,1.0000,0.0000,0.0000
4,hasta_001,1780004360.697,2026-05-29 00:39:20,1435,NORMAL,66.6,52.4322,55.2269,5.1916,27.9464,2.5964,59.5472,72.7642,19.5654,27.7650,5.1896,16.1112,7.7701,16.1428,0.0002,1.0000,0.0000,0.0000
4,hasta_001,1780004360.741,2026-05-29 00:39:20,1436,NORMAL,66.6,53.4300,55.6420,4.0560,28.6776,2.6573,59.4894,72.6327,19.4594,27.8002,5.1814,16.1112,7.7701,16.1381,0.0002,1.0000,0.0000,0.0000
4,hasta_001,1780004360.790,2026-05-29 00:39:20,1437,NORMAL,67.1,54.1312,56.0554,3.4925,29.6074,2.7213,59.4353,72.4999,19.3456,27.8427,5.1751,16.1112,7.7701,16.1353,0.0003,1.0000,0.0000,0.0000
4,hasta_001,1780004360.842,2026-05-29 00:39:20,1438,NORMAL,67.1,54.5266,56.5683,3.6755,30.6388,2.7973,59.3812,72.3684,19.2347,27.8940,5.1720,16.1112,7.7701,16.1341,0.0002,1.0000,0.0000,0.0000
4,hasta_001,1780004360.910,2026-05-29 00:39:20,1439,NORMAL,66.6,54.9905,57.6302,4.6879,31.6087,2.8849,59.3283,72.2432,19.1331,27.9541,5.1730,16.1112,7.7701,16.1347,0.0001,1.0000,0.0000,0.0000
4,hasta_001,1780004360.973,2026-05-29 00:39:20,1440,NORMAL,66.6,55.5968,58.6898,5.4126,31.8827,3.0430,59.2769,72.1250,19.0406,28.0168,5.1746,16.1112,7.7701,16.1374,0.0001,1.0000,0.0000,0.0000
4,hasta_001,1780004361.029,2026-05-29 00:39:21,1441,NORMAL,68.1,56.9525,60.4209,5.9100,31.4290,3.2622,59.2328,72.0202,18.9573,28.0761,5.1726,16.1112,7.7701,16.1428,0.0002,0.5000,0.0000,0.0000
4,hasta_001,1780004361.077,2026-05-29 00:39:21,1442,NORMAL,68.1,58.5863,61.8960,5.4941,30.9435,3.5009,59.1996,71.9270,18.8740,28.1318,5.1672,16.1112,7.7701,16.1507,0.0001,0.5000,0.0000,0.0000
4,hasta_001,1780004361.141,2026-05-29 00:39:21,1443,NORMAL,72.6,60.4284,63.1222,4.3606,30.1841,3.8156,59.1796,71.8440,18.7845,28.1808,5.1585,16.1112,7.7701,16.1612,0.0001,0.0000,0.0000,0.0000
4,hasta_001,1780004361.178,2026-05-29 00:39:21,1444,NORMAL,72.6,61.4487,64.2778,4.5004,29.6567,4.0289,59.1646,71.7710,18.7024,28.2254,5.1479,16.1112,7.7701,16.1729,0.0000,0.0000,0.0000,0.0000
4,hasta_001,1780004361.215,2026-05-29 00:39:21,1445,NORMAL,72.6,61.9049,65.0052,4.8859,29.0901,4.2106,59.1494,71.7045,18.6303,28.2657,5.1356,16.1112,7.7701,16.1854,0.0000,0.0000,0.0000,0.0000
4,hasta_001,1780004361.260,2026-05-29 00:39:21,1446,NORMAL,72.5,62.3478,65.7216,5.2687,28.4723,4.4117,59.1347,71.6434,18.5656,28.3001,5.1230,16.1112,7.7701,16.1993,0.0001,0.0000,0.0000,0.0000
4,hasta_001,1780004361.302,2026-05-29 00:39:21,1447,NORMAL,72.0,62.5677,66.1392,5.5498,27.8759,4.5971,59.1176,71.5845,18.5079,28.3274,5.1120,16.1112,7.7701,16.2141,0.0001,0.0000,0.0000,0.0000
4,hasta_001,1780004361.357,2026-05-29 00:39:21,1448,NORMAL,72.0,62.5942,66.5948,6.1934,27.1242,4.7217,59.0974,71.5287,18.4599,28.3455,5.1038,16.1112,7.7701,16.2293,0.0002,0.0000,0.0000,0.0000
4,hasta_001,1780004361.419,2026-05-29 00:39:21,1449,NORMAL,72.0,62.3442,67.0495,7.2728,26.4133,4.7830,59.0732,71.4764,18.4234,28.3552,5.0990,16.1112,7.7701,16.2449,0.0002,0.0000,0.0000,0.0000
4,hasta_001,1780004361.458,2026-05-29 00:39:21,1450,NORMAL,72.0,62.4787,67.4751,7.6895,25.9809,4.8086,59.0491,71.4275,18.3916,28.3587,5.0972,16.1112,7.7701,16.2600,0.0004,0.0000,0.0000,0.0000
4,hasta_001,1780004361.514,2026-05-29 00:39:21,1451,NORMAL,72.0,62.6155,68.1602,8.4797,25.4959,4.7908,59.0260,71.3842,18.3664,28.3545,5.0994,16.1112,7.7701,16.2749,0.0005,0.0000,0.0000,0.0000
4,hasta_001,1780004361.576,2026-05-29 00:39:21,1452,NORMAL,72.0,62.9464,68.9109,9.0468,24.9987,4.7387,59.0059,71.3463,18.3445,28.3419,5.1058,16.1112,7.7701,16.2889,0.0005,0.0000,0.0000,0.0000
4,hasta_001,1780004361.631,2026-05-29 00:39:21,1453,NORMAL,72.0,63.2380,69.6528,9.6543,24.6101,4.8034,58.9881,71.3141,18.3274,28.3232,5.1153,16.1112,7.7701,16.3031,0.0005,0.0000,0.0000,0.0000
4,hasta_001,1780004361.678,2026-05-29 00:39:21,1454,NORMAL,72.0,63.6037,70.0000,9.5750,24.3321,4.9223,58.9727,71.2844,18.3098,28.2983,5.1274,16.1112,7.7701,16.3173,0.0005,0.0000,0.0000,0.0000
4,hasta_001,1780004361.725,2026-05-29 00:39:21,1455,NORMAL,72.0,63.6926,70.2051,9.7275,24.0980,5.1464,58.9569,71.2545,18.2929,28.2678,5.1414,16.1112,7.7701,16.3329,0.0005,0.0000,0.0000,0.0000
4,hasta_001,1780004361.787,2026-05-29 00:39:21,1456,NORMAL,72.0,63.7717,70.3343,9.7872,23.8112,5.4875,58.9397,71.2240,18.2771,28.2329,5.1573,16.1112,7.7701,16.3511,0.0005,0.0000,0.0000,0.0000
4,hasta_001,1780004361.836,2026-05-29 00:39:21,1457,NORMAL,72.0,63.7590,70.3426,9.8189,23.6310,5.7389,58.9212,71.1923,18.2618,28.1948,5.1742,16.1112,7.7701,16.3705,0.0005,0.0000,0.0000,0.0000
4,hasta_001,1780004361.874,2026-05-29 00:39:21,1458,NORMAL,72.0,63.5395,70.3090,10.1152,23.3963,6.0516,58.9006,71.1597,18.2485,28.1534,5.1925,16.1112,7.7701,16.3921,0.0005,0.0000,0.0000,0.0000
4,hasta_001,1780004361.932,2026-05-29 00:39:21,1459,NORMAL,65.0,62.9896,70.2889,10.9535,23.0280,6.5167,58.8774,71.1283,18.2412,28.1075,5.2133,16.1112,7.7701,16.4149,0.0005,0.0000,0.0000,0.0000
4,hasta_001,1780004361.993,2026-05-29 00:39:21,1460,NORMAL,65.0,62.1306,70.1515,12.1270,22.6459,7.1124,58.8499,71.0982,18.2423,28.0576,5.2366,16.1112,7.7701,16.4400,0.0005,0.0000,0.0000,0.0000
4,hasta_001,1780004362.031,2026-05-29 00:39:22,1461,NORMAL,64.3,61.5158,70.0421,12.9620,22.4513,7.5168,58.8215,71.0707,18.2490,28.0051,5.2609,16.1112,7.7701,16.4665,0.0005,0.0000,0.0000,0.0000
4,hasta_001,1780004362.084,2026-05-29 00:39:22,1462,NORMAL,63.8,60.8113,69.9645,13.9983,22.2118,8.0100,58.7926,71.0479,18.2632,27.9491,5.2864,16.1112,7.7701,16.4951,0.0006,0.0000,0.0000,0.0000
4,hasta_001,1780004362.123,2026-05-29 00:39:22,1463,NORMAL,63.3,60.2447,69.9021,14.8408,22.0664,8.3320,58.7648,71.0313,18.2845,27.8900,5.3122,16.1112,7.7701,16.5250,0.0006,0.0000,0.0000,0.0000
4,hasta_001,1780004362.155,2026-05-29 00:39:22,1464,NORMAL,61.3,59.7665,69.8363,15.5394,21.9574,8.5584,58.7389,71.0206,18.3115,27.8285,5.3377,16.1112,7.7701,16.5551,0.0007,0.0000,0.0000,0.0000
4,hasta_001,1780004362.225,2026-05-29 00:39:22,1465,NORMAL,59.8,59.0512,69.6938,16.5329,21.7453,8.9673,58.7128,71.0151,18.3465,27.7640,5.3640,16.1112,7.7701,16.5874,0.0008,0.0000,0.0000,0.0000
4,hasta_001,1780004362.279,2026-05-29 00:39:22,1466,NORMAL,58.8,58.8337,69.6996,16.9075,21.5749,9.1928,58.6925,71.0177,18.3839,27.6967,5.3905,16.1112,7.7701,16.6205,0.0008,0.0000,0.0000,0.0000
4,hasta_001,1780004362.319,2026-05-29 00:39:22,1467,NORMAL,56.3,58.7230,69.8174,17.2622,21.4436,9.4105,58.6749,71.0269,18.4263,27.6273,5.4169,16.1112,7.7701,16.6557,0.0008,0.0000,0.0000,0.0000
4,hasta_001,1780004362.350,2026-05-29 00:39:22,1468,NORMAL,55.3,58.6692,70.0156,17.6344,21.3300,9.5828,58.6587,71.0414,18.4743,27.5569,5.4433,16.1112,7.7701,16.6924,0.0008,0.0000,0.0000,0.0000
4,hasta_001,1780004362.411,2026-05-29 00:39:22,1469,NORMAL,55.3,58.8454,70.4150,17.9012,21.1283,9.8589,58.6451,71.0619,18.5263,27.4860,5.4711,16.1112,7.7701,16.7315,0.0006,0.0000,0.0000,0.0000
4,hasta_001,1780004362.468,2026-05-29 00:39:22,1470,NORMAL,54.8,59.2095,70.6046,17.5560,20.9356,10.0591,58.6345,71.0855,18.5780,27.4152,5.5004,16.1112,7.7701,16.7715,0.0005,0.0000,0.0000,0.0000
4,hasta_001,1780004362.534,2026-05-29 00:39:22,1471,NORMAL,56.2,59.6257,70.3811,16.5459,20.7359,10.2585,58.6263,71.1076,18.6234,27.3451,5.5314,16.1112,7.7701,16.8127,0.0003,0.0000,0.0000,0.0000
4,hasta_001,1780004362.586,2026-05-29 00:39:22,1472,NORMAL,56.3,59.9156,69.6622,15.0436,20.4713,10.5303,58.6204,71.1237,18.6565,27.2755,5.5648,16.1112,7.7701,16.8561,0.0001,0.0000,0.0000,0.0000
4,hasta_001,1780004362.635,2026-05-29 00:39:22,1473,NORMAL,56.3,60.0552,68.7397,13.4858,20.1372,10.8258,58.6153,71.1308,18.6751,27.2057,5.6012,16.1112,7.7701,16.9016,0.0000,0.0000,0.0000,0.0000
4,hasta_001,1780004362.706,2026-05-29 00:39:22,1474,NORMAL,56.5,59.9103,66.9847,11.1500,19.4157,11.3186,58.6101,71.1234,18.6729,27.1336,5.6452,16.1112,7.7701,16.9504,0.0001,0.0000,0.0000,0.0000
4,hasta_001,1780004362.764,2026-05-29 00:39:22,1475,NORMAL,56.7,59.6920,64.9398,8.4212,18.6646,11.8535,58.6052,71.1003,18.6463,27.0583,5.6971,16.1112,7.7701,17.0022,0.0003,0.0000,0.0000,0.0000
4,hasta_001,1780004362.823,2026-05-29 00:39:22,1476,NORMAL,56.2,59.7048,62.5640,4.6769,17.5518,12.5892,58.6023,71.0600,18.5892,26.9760,5.7622,16.1112,7.7701,17.0594,0.0005,0.0000,0.0000,0.0000
4,hasta_001,1780004362.871,2026-05-29 00:39:22,1477,NORMAL,56.2,60.1412,60.2903,0.2476,16.2074,13.3105,58.6047,71.0030,18.4958,26.8841,5.8446,16.1112,7.7701,17.1219,0.0006,0.0000,0.0000,0.0000
4,hasta_001,1780004362.940,2026-05-29 00:39:22,1478,NORMAL,56.2,61.1411,57.7110,5.7721,14.3006,14.2948,58.6174,70.9274,18.4493,26.7775,5.9555,16.1112,7.7701,17.1917,0.0008,0.0000,0.0000,0.0000
4,hasta_001,1780004362.994,2026-05-29 00:39:22,1479,NORMAL,56.0,62.1477,55.7554,10.8433,12.5302,15.0575,58.6414,70.8382,18.4442,26.6585,6.0947,16.1112,7.7701,17.2667,0.0010,0.0000,0.0000,0.0000
4,hasta_001,1780004363.037,2026-05-29 00:39:23,1480,NORMAL,54.8,63.1865,54.1904,15.3286,10.9756,15.6122,58.6759,70.7377,18.4763,26.5280,6.2592,16.1112,7.7701,17.3461,0.0012,0.0000,0.0000,0.0000
4,hasta_001,1780004363.091,2026-05-29 00:39:23,1481,NORMAL,53.2,64.3064,52.5781,20.0682,9.5219,16.1888,58.7192,70.6231,18.5476,26.3875,6.4473,16.1112,7.7701,17.4304,0.0012,0.0000,0.0000,0.0000
4,hasta_001,1780004363.136,2026-05-29 00:39:23,1482,NORMAL,51.4,65.3443,51.5287,23.6419,8.8000,16.5638,58.7718,70.5010,18.6494,26.2433,6.6426,16.1112,7.7701,17.5175,0.0014,0.0000,0.0000,0.0000
4,hasta_001,1780004363.200,2026-05-29 00:39:23,1483,NORMAL,51.4,66.8212,50.2009,28.4054,8.7560,16.9067,58.8375,70.3698,18.7927,26.1006,6.8301,16.1112,7.7701,17.6067,0.0014,0.0000,0.0000,0.0000
4,hasta_001,1780004363.236,2026-05-29 00:39:23,1484,NORMAL,51.4,67.5359,49.6481,30.5294,9.0352,17.0830,58.9095,70.2349,18.9543,25.9622,7.0041,16.1112,7.7701,17.6949,0.0014,0.0000,0.0000,0.0000
4,hasta_001,1780004363.287,2026-05-29 00:39:23,1485,NORMAL,51.4,67.9446,49.2586,31.8866,9.5493,17.2215,58.9833,70.0942,19.1261,25.8300,7.1611,16.1112,7.7701,17.7819,0.0014,0.0000,0.0000,0.0000
4,hasta_001,1780004363.358,2026-05-29 00:39:23,1486,NORMAL,51.4,68.1521,49.0523,32.5923,10.4413,17.2748,59.0580,69.9507,19.3037,25.7068,7.2964,16.1112,7.7701,17.8654,0.0013,0.0000,0.0000,0.0000
4,hasta_001,1780004363.415,2026-05-29 00:39:23,1487,NORMAL,51.4,68.1007,49.0725,32.4788,11.2787,17.2633,59.1311,69.8063,19.4804,25.5925,7.4131,16.1112,7.7701,17.9438,0.0012,0.0000,0.0000,0.0000
4,hasta_001,1780004363.472,2026-05-29 00:39:23,1488,NORMAL,51.4,67.9344,49.2330,31.9226,12.0999,17.1613,59.2023,69.6616,19.6512,25.4868,7.5136,16.1112,7.7701,18.0143,0.0013,0.0000,0.0000,0.0000
4,hasta_001,1780004363.518,2026-05-29 00:39:23,1489,NORMAL,51.4,67.5739,49.3914,31.0903,12.8004,16.9362,59.2661,69.5143,19.8165,25.3892,7.6012,16.1112,7.7701,18.0740,0.0014,0.0000,0.0000,0.0000
4,hasta_001,1780004363.568,2026-05-29 00:39:23,1490,NORMAL,51.4,67.0402,49.6377,29.8300,13.3804,16.6317,59.3244,69.3663,19.9689,25.2983,7.6787,16.1112,7.7701,18.1209,0.0015,0.0000,0.0000,0.0000
4,hasta_001,1780004363.607,2026-05-29 00:39:23,1491,NORMAL,51.4,66.4037,49.6649,28.8429,13.6575,16.2968,59.3727,69.2126,20.1121,25.2104,7.7507,16.1112,7.7701,18.1533,0.0018,0.0000,0.0000,0.0000
4,hasta_001,1780004363.663,2026-05-29 00:39:23,1492,NORMAL,51.4,65.4584,49.7186,27.3316,13.9613,15.8628,59.4113,69.0526,20.2359,25.1250,7.8174,16.1112,7.7701,18.1716,0.0018,0.0000,0.0000,0.0000
4,hasta_001,1780004363.732,2026-05-29 00:39:23,1493,NORMAL,51.4,64.4274,49.8188,25.5739,14.2438,15.4052,59.4384,68.8784,20.3285,25.0416,7.8794,16.1112,7.7701,18.1725,0.0020,0.0000,0.0000,0.0000
4,hasta_001,1780004363.809,2026-05-29 00:39:23,1494,NORMAL,51.4,63.6468,49.8160,24.3795,14.5574,14.8961,59.4551,68.6840,20.3894,24.9605,7.9366,16.1112,7.7701,18.1543,0.0021,0.0000,0.0000,0.0000
4,hasta_001,1780004363.886,2026-05-29 00:39:23,1495,NORMAL,51.4,63.2027,49.6106,24.0966,14.9149,14.3553,59.4661,68.4685,20.4254,24.8823,7.9888,16.1112,7.7701,18.1183,0.0023,0.0000,0.0000,0.0000
4,hasta_001,1780004363.956,2026-05-29 00:39:23,1496,NORMAL,51.4,62.9608,49.2905,24.3566,15.3727,13.8194,59.4741,68.2221,20.4288,24.8089,8.0353,16.1112,7.7701,18.0592,0.0024,0.0000,0.0000,0.0000
4,hasta_001,1780004363.996,2026-05-29 00:39:23,1497,NORMAL,51.4,62.8211,48.9944,24.7312,15.7291,13.5214,59.4803,67.9412,20.3975,24.7393,8.0773,16.1112,7.7701,17.9800,0.0023,0.0000,0.0000,0.0000
4,hasta_001,1780004364.062,2026-05-29 00:39:24,1498,NORMAL,50.9,62.8760,48.6384,25.5350,16.3030,13.1621,59.4853,67.6271,20.3405,24.6749,8.1135,16.1112,7.7701,17.8814,0.0022,0.5000,0.0000,0.0000
4,hasta_001,1780004364.099,2026-05-29 00:39:24,1499,NORMAL,50.9,63.0016,48.5635,25.8827,16.6179,13.0178,59.4907,67.2891,20.2616,24.6156,8.1461,16.1112,7.7701,17.7549,0.0021,0.5000,0.0000,0.0000
4,hasta_001,1780004364.165,2026-05-29 00:39:24,1500,NORMAL,50.9,63.2872,48.4557,26.5458,16.9777,12.8614,59.4984,66.9218,20.1583,24.5601,8.1752,16.1112,7.7701,17.6040,0.0022,0.5000,0.0000,0.0000
4,hasta_001,1780004364.204,2026-05-29 00:39:24,1501,NORMAL,50.9,63.4833,48.3514,27.0611,17.1672,12.7495,59.4992,66.5272,20.0451,24.5006,8.2027,16.1112,7.7701,17.4359,0.0023,0.5000,0.0000,0.0000
4,hasta_001,1780004364.264,2026-05-29 00:39:24,1502,NORMAL,50.9,63.6937,48.1248,27.8467,17.5259,12.6371,59.4755,66.0645,19.9138,24.3923,8.2083,16.1112,7.7701,17.2365,0.0025,0.5000,0.0000,0.0000
4,hasta_001,1780004364.316,2026-05-29 00:39:24,1503,NORMAL,50.9,63.8636,47.9040,28.5585,17.8850,12.4834,59.4360,65.5289,19.7502,24.2108,8.1089,16.1112,7.7701,17.0039,0.0027,0.5000,0.0000,0.0000
4,hasta_001,1780004364.364,2026-05-29 00:39:24,1504,NORMAL,50.9,64.0164,47.6832,29.2448,18.2308,12.3629,59.3924,64.9312,19.5506,24.0144,7.9647,16.1112,7.7701,16.7478,0.0021,0.5000,0.0000,0.0000
4,hasta_001,1780004364.429,2026-05-29 00:39:24,1505,NORMAL,50.9,64.2134,47.3491,30.2328,18.6981,12.2126,59.2872,64.3525,19.4588,23.8140,7.7913,16.1112,7.7701,16.3122,0.0021,0.5000,0.0000,0.0000
4,hasta_001,1780004364.471,2026-05-29 00:39:24,1506,NORMAL,50.9,64.4484,47.1738,30.9520,19.1312,12.0517,59.1835,63.7783,19.3781,23.6216,7.6177,16.1112,7.7701,15.8759,0.0020,0.5000,0.0000,0.0000
4,hasta_001,1780004364.523,2026-05-29 00:39:24,1507,NORMAL,50.9,64.8445,47.0937,31.7153,19.8258,11.8579,59.0835,63.2161,19.3141,23.4412,7.4471,16.1112,7.7701,15.4419,0.0019,0.5000,0.0000,0.0000
4,hasta_001,1780004364.606,2026-05-29 00:39:24,1508,NORMAL,50.9,65.5326,47.1336,32.6611,20.5915,11.4676,58.9906,62.6738,19.2727,23.2737,7.2814,16.1112,7.7701,15.0128,0.0018,0.5000,0.0000,0.0000
4,hasta_001,1780004364.655,2026-05-29 00:39:24,1509,NORMAL,50.9,65.9686,47.3737,32.8120,21.4424,11.1530,58.9011,62.1662,19.2618,23.1236,7.1304,16.1112,7.7701,14.6012,0.0018,0.5000,0.0000,0.0000
4,hasta_001,1780004364.701,2026-05-29 00:39:24,1510,NORMAL,51.4,66.6571,47.7346,33.0837,22.4111,10.8674,58.8205,61.6904,19.2752,22.9888,6.9884,16.1112,7.7701,14.2128,0.0017,0.5000,0.0000,0.0000
4,hasta_001,1780004364.757,2026-05-29 00:39:24,1511,NORMAL,51.4,67.4489,48.2621,33.1633,23.4894,10.6093,58.7543,61.2494,19.3081,22.8677,6.8513,16.1112,7.7701,13.8523,0.0017,0.5000,0.0000,0.0000
4,hasta_001,1780004364.818,2026-05-29 00:39:24,1512,NORMAL,51.9,67.9855,48.8210,32.8142,23.9525,10.3488,58.6948,60.8287,19.3506,22.7528,6.7151,16.1112,7.7701,13.5062,0.0017,0.0000,0.0000,0.0000
4,hasta_001,1780004364.885,2026-05-29 00:39:24,1513,NORMAL,51.9,68.3590,49.3628,32.2730,24.0413,10.2354,58.6418,60.4347,19.4063,22.6405,6.5788,16.1112,7.7701,13.1802,0.0016,0.0000,0.0000,0.0000
4,hasta_001,1780004364.941,2026-05-29 00:39:24,1514,NORMAL,51.9,68.3898,49.7414,31.5724,23.9065,10.2390,58.5899,60.0623,19.4740,22.5330,6.4506,16.1112,7.7701,12.8715,0.0015,0.0000,0.0000,0.0000
4,hasta_001,1780004364.981,2026-05-29 00:39:24,1515,NORMAL,51.9,68.3085,49.8290,31.2846,23.6904,10.2727,58.5391,59.7020,19.5490,22.4260,6.3227,16.1112,7.7701,12.5736,0.0013,0.0000,0.0000,0.0000
4,hasta_001,1780004365.040,2026-05-29 00:39:25,1516,NORMAL,51.9,68.1538,49.8607,31.0014,23.1109,10.2844,58.4888,59.3515,19.6295,22.3166,6.1949,16.1112,7.7701,12.2847,0.0011,0.0000,0.0000,0.0000
4,hasta_001,1780004365.117,2026-05-29 00:39:25,1517,NORMAL,51.4,67.8887,50.0838,30.1850,22.3509,10.2827,58.4384,59.0144,19.7128,22.2022,6.0651,16.1112,7.7701,12.0085,0.0009,0.5000,0.0000,0.0000
4,hasta_001,1780004365.175,2026-05-29 00:39:25,1518,NORMAL,51.4,67.7221,50.2852,29.5522,21.7373,10.1984,58.3874,58.6854,19.7969,22.0850,5.9357,16.1112,7.7701,11.7401,0.0007,0.5000,0.0000,0.0000
4,hasta_001,1780004365.254,2026-05-29 00:39:25,1519,NORMAL,51.4,67.4852,50.3080,29.1651,21.1524,10.1295,58.3391,58.3670,19.8829,21.9682,5.8139,16.1112,7.7701,11.4810,0.0004,0.5000,0.0000,0.0000
4,hasta_001,1780004365.302,2026-05-29 00:39:25,1520,NORMAL,51.4,67.2750,50.1350,29.1969,20.8241,10.1441,58.2990,58.0564,19.9662,21.8552,5.7021,16.1112,7.7701,11.2312,0.0002,0.5000,0.0000,0.0000
4,hasta_001,1780004365.346,2026-05-29 00:39:25,1521,NORMAL,51.4,67.1501,50.0028,29.2734,20.6209,10.1869,58.2718,57.7585,20.0465,21.7468,5.6000,16.1112,7.7701,10.9903,0.0001,0.5000,0.0000,0.0000
4,hasta_001,1780004365.380,2026-05-29 00:39:25,1522,NORMAL,51.4,67.1109,49.9425,29.3343,20.5857,10.2565,58.2618,57.4830,20.1292,21.6476,5.5135,16.1112,7.7701,10.7617,0.0004,0.5000,0.0000,0.0000
4,hasta_001,1780004365.429,2026-05-29 00:39:25,1523,NORMAL,51.4,67.1204,49.8505,29.5286,20.7354,10.3550,58.2691,57.2378,20.2260,21.5605,5.4443,16.1112,7.7701,10.5487,0.0006,0.5000,0.0000,0.0000
4,hasta_001,1780004365.477,2026-05-29 00:39:25,1524,NORMAL,51.4,67.1693,49.6987,29.8979,20.9365,10.4331,58.2949,57.0263,20.3432,21.4840,5.3877,16.1112,7.7701,10.3534,0.0009,0.5000,0.0000,0.0000
4,hasta_001,1780004365.538,2026-05-29 00:39:25,1525,NORMAL,51.4,67.2379,49.5265,30.3370,21.2466,10.4474,58.3390,56.8491,20.4851,21.4163,5.3390,16.1112,7.7701,10.1760,0.0013,0.5000,0.0000,0.0000
4,hasta_001,1780004365.585,2026-05-29 00:39:25,1526,NORMAL,51.4,67.2554,49.1823,31.0435,21.6052,10.3396,58.4013,56.7051,20.6555,21.3567,5.2965,16.1112,7.7701,10.0190,0.0017,0.5000,0.0000,0.0000
4,hasta_001,1780004365.648,2026-05-29 00:39:25,1527,NORMAL,51.4,67.3177,48.5454,32.4041,21.8107,10.0251,58.4795,56.5820,20.8516,21.3059,5.2626,16.1112,7.7701,9.8787,0.0019,0.5000,0.0000,0.0000
4,hasta_001,1780004365.692,2026-05-29 00:39:25,1528,NORMAL,51.9,67.3398,47.7506,34.0414,21.7785,9.6752,58.5836,56.4828,21.0653,21.2660,5.2406,16.1112,7.7701,9.7646,0.0022,0.5000,0.0000,0.0000
4,hasta_001,1780004365.759,2026-05-29 00:39:25,1529,NORMAL,53.4,67.4734,45.8782,38.1030,21.4647,9.0115,58.7056,56.3824,21.3061,21.2278,5.2223,16.1112,7.7701,9.6599,0.0024,0.5000,0.0000,0.0000
4,hasta_001,1780004365.814,2026-05-29 00:39:25,1530,NORMAL,53.9,67.5510,43.4257,43.4782,21.6943,8.3811,58.8528,56.2757,21.5689,21.1986,5.2098,16.1112,7.7701,9.5666,0.0026,0.5000,0.0000,0.0000
4,hasta_001,1780004365.861,2026-05-29 00:39:25,1531,NORMAL,53.9,67.5753,41.0213,48.9039,22.0263,7.8609,59.0303,56.1605,21.8352,21.1785,5.2019,16.1112,7.7701,9.4847,0.0027,0.5000,0.0000,0.0000
4,hasta_001,1780004365.907,2026-05-29 00:39:25,1532,NORMAL,53.9,67.5951,38.7591,54.2264,23.0780,7.4010,59.2355,56.0325,22.0955,21.1713,5.1986,16.1112,7.7701,9.4101,0.0028,0.5000,0.0000,0.0000
4,hasta_001,1780004365.956,2026-05-29 00:39:25,1533,NORMAL,53.9,67.5928,36.6622,59.3364,24.3090,7.0276,59.4720,55.8918,22.3325,21.1798,5.2030,16.1112,7.7701,9.3455,0.0029,0.5000,0.0000,0.0000
4,hasta_001,1780004365.998,2026-05-29 00:39:25,1534,NORMAL,54.4,67.6019,35.0275,63.4795,25.4695,6.7880,59.7266,55.7390,22.5608,21.2009,5.2152,16.1112,7.7701,9.2874,0.0029,0.5000,0.0000,0.0000
4,hasta_001,1780004366.050,2026-05-29 00:39:26,1535,NORMAL,54.4,67.6829,33.5223,67.5076,26.9416,6.5756,59.9954,55.5730,22.7855,21.2376,5.2399,16.1112,7.7701,9.2388,0.0029,0.5000,0.0000,0.0000
4,hasta_001,1780004366.091,2026-05-29 00:39:26,1536,NORMAL,53.9,67.7738,32.6106,70.0570,28.0353,6.5027,60.2679,55.3975,23.0201,21.2850,5.2753,16.1112,7.7701,9.1958,0.0028,0.5000,0.0000,0.0000
4,hasta_001,1780004366.144,2026-05-29 00:39:26,1537,NORMAL,54.4,68.0427,32.1200,71.7287,28.5159,6.5866,60.5416,55.2164,23.2687,21.3382,5.3156,16.1112,7.7701,9.1609,0.0029,0.5000,0.0000,0.0000
4,hasta_001,1780004366.206,2026-05-29 00:39:26,1538,NORMAL,54.4,68.2816,31.7842,72.9468,28.7451,6.8588,60.8143,55.0310,23.5329,21.3930,5.3576,16.1112,7.7701,9.1349,0.0028,0.5000,0.0000,0.0000
4,hasta_001,1780004366.266,2026-05-29 00:39:26,1539,NORMAL,53.4,68.6778,31.7356,73.5802,28.7961,7.2144,61.0865,54.8435,23.8098,21.4489,5.3994,16.1112,7.7701,9.1187,0.0028,1.0000,0.0000,0.0000
4,hasta_001,1780004366.330,2026-05-29 00:39:26,1540,NORMAL,53.4,69.0790,31.9328,73.5482,28.6508,7.5974,61.3558,54.6563,24.1001,21.5048,5.4388,16.1112,7.7701,9.1144,0.0029,1.0000,0.0000,0.0000
4,hasta_001,1780004366.369,2026-05-29 00:39:26,1541,NORMAL,53.4,69.3849,32.3371,72.8412,28.4682,7.8166,61.6198,54.4734,24.4066,21.5623,5.4755,16.1112,7.7701,9.1196,0.0030,1.0000,0.0000,0.0000
4,hasta_001,1780004366.419,2026-05-29 00:39:26,1542,NORMAL,53.4,69.6369,33.0817,71.1755,27.8337,8.0048,61.8778,54.2995,24.7251,21.6180,5.5050,16.1112,7.7701,9.1326,0.0032,1.0000,0.0000,0.0000
4,hasta_001,1780004366.466,2026-05-29 00:39:26,1543,NORMAL,53.4,69.6806,33.9247,69.0234,26.8282,8.1588,62.1299,54.1354,25.0459,21.6671,5.5249,16.1112,7.7701,9.1509,0.0034,1.0000,0.0000,0.0000
4,hasta_001,1780004366.519,2026-05-29 00:39:26,1544,NORMAL,53.4,69.4457,35.4188,64.8969,25.4228,8.1035,62.3728,53.9868,25.3560,21.7045,5.5350,16.1112,7.7701,9.1733,0.0034,1.0000,0.0000,0.0000
4,hasta_001,1780004366.573,2026-05-29 00:39:26,1545,NORMAL,53.4,68.6340,37.0151,59.8564,23.8534,8.0696,62.6016,53.8548,25.6479,21.7256,5.5383,16.1112,7.7701,9.1999,0.0034,1.0000,0.0000,0.0000
4,hasta_001,1780004366.639,2026-05-29 00:39:26,1546,NORMAL,53.4,67.2122,38.6961,53.8506,22.2837,7.8674,62.8111,53.7388,25.9111,21.7287,5.5385,16.1112,7.7701,9.2290,0.0033,1.0000,0.0000,0.0000
4,hasta_001,1780004366.676,2026-05-29 00:39:26,1547,NORMAL,53.4,66.0299,39.6817,49.8492,21.3940,7.6347,63.0052,53.6311,26.1540,21.7190,5.5381,16.1112,7.7701,9.2590,0.0032,1.0000,0.0000,0.0000
4,hasta_001,1780004366.708,2026-05-29 00:39:26,1548,NORMAL,53.4,64.5811,40.2713,46.3696,20.8166,7.3839,63.1840,53.5270,26.3731,21.6988,5.5369,16.1112,7.7701,9.2889,0.0033,1.0000,0.0000,0.0000
4,hasta_001,1780004366.762,2026-05-29 00:39:26,1549,NORMAL,53.4,62.2628,40.6602,41.9781,20.4695,6.9953,63.3407,53.4248,26.5590,21.6693,5.5340,16.1112,7.7701,9.3175,0.0030,1.0000,0.0000,0.0000
4,hasta_001,1780004366.811,2026-05-29 00:39:26,1550,NORMAL,53.4,60.0624,40.4468,39.0324,20.1704,6.4558,63.4741,53.3188,26.7281,21.6294,5.5274,16.1112,7.7701,9.3439,0.0029,1.0000,0.0000,0.0000
4,hasta_001,1780004366.879,2026-05-29 00:39:26,1551,NORMAL,55.4,57.6179,40.0484,35.9786,19.8616,5.7311,63.5751,53.2082,26.8961,21.5796,5.5162,16.1112,7.7701,9.3672,0.0027,1.0000,0.0000,0.0000
4,hasta_001,1780004366.913,2026-05-29 00:39:26,1552,NORMAL,55.4,56.3477,40.9786,31.5827,19.5690,5.3290,63.6515,53.1025,27.0521,21.5241,5.5026,16.1112,7.7701,9.3885,0.0025,1.0000,0.0000,0.0000
4,hasta_001,1780004366.945,2026-05-29 00:39:26,1553,NORMAL,56.4,55.6336,42.4840,26.8038,19.1244,4.9888,63.7056,53.0049,27.1938,21.4595,5.4848,16.1112,7.7701,9.4081,0.0023,0.5000,0.0000,0.0000
4,hasta_001,1780004366.995,2026-05-29 00:39:26,1554,NORMAL,59.5,55.4506,44.4152,22.1005,18.2393,4.5839,63.7452,52.9192,27.3147,21.3830,5.4651,14.9810,7.8083,9.4246,0.0021,0.5000,0.0000,0.0000
4,hasta_001,1780004367.037,2026-05-29 00:39:27,1555,NORMAL,65.9,55.6250,46.6514,17.5476,17.3316,4.3247,63.7718,52.8477,27.4177,21.2945,5.4441,14.9810,7.8083,9.4390,0.0020,0.0000,0.0000,0.0000
4,hasta_001,1780004367.083,2026-05-29 00:39:27,1556,NORMAL,71.9,55.2880,48.4555,13.1720,16.5014,4.1654,63.7873,52.7878,27.4937,21.1931,5.4189,14.9810,7.8083,9.4516,0.0018,0.0000,0.0000,0.0000
4,hasta_001,1780004367.140,2026-05-29 00:39:27,1557,NORMAL,72.6,54.6187,50.4539,7.9273,15.8132,4.0923,63.7914,52.7412,27.5306,21.0781,5.3854,14.9810,7.8083,9.4630,0.0017,0.0000,0.0000,0.0000
4,hasta_001,1780004367.221,2026-05-29 00:39:27,1558,NORMAL,72.6,53.9616,51.2933,5.0700,15.2121,4.3122,63.7866,52.6972,27.5422,20.9495,5.3396,14.9810,7.8083,9.4756,0.0016,0.0000,0.0000,0.0000
4,hasta_001,1780004367.312,2026-05-29 00:39:27,1559,NORMAL,72.5,53.3181,51.4920,3.4845,14.8921,4.8461,63.7727,52.6460,27.5322,20.8102,5.2774,14.9810,7.8083,9.4920,0.0014,0.0000,0.0000,0.0000
4,hasta_001,1780004367.371,2026-05-29 00:39:27,1560,NORMAL,72.5,53.0720,52.2189,1.6204,14.7676,5.3881,63.7517,52.5921,27.5006,20.6676,5.2070,14.9810,7.8083,9.5115,0.0012,0.0000,0.0000,0.0000
4,hasta_001,1780004367.417,2026-05-29 00:39:27,1561,NORMAL,72.5,53.1128,52.4211,1.3110,14.7037,5.8331,63.7197,52.5255,27.4623,20.5282,5.1405,14.9810,7.8083,9.5329,0.0012,0.0000,0.0000,0.0000
4,hasta_001,1780004367.491,2026-05-29 00:39:27,1562,NORMAL,71.0,53.2378,52.6998,1.0157,14.6950,6.3271,63.6751,52.4488,27.4250,20.3928,5.0780,14.9810,7.8083,9.5565,0.0011,0.0000,0.0000,0.0000
4,hasta_001,1780004367.542,2026-05-29 00:39:27,1563,NORMAL,65.7,53.2918,52.4359,1.6192,14.8236,6.5331,63.6156,52.3598,27.4021,20.2648,5.0229,14.9810,7.8083,9.5791,0.0011,0.0000,0.0000,0.0000
4,hasta_001,1780004367.579,2026-05-29 00:39:27,1564,NORMAL,66.2,53.4280,52.0146,2.6810,14.9079,6.7113,63.5488,52.2576,27.3870,20.1419,4.9718,14.9810,7.8083,9.6015,0.0010,0.0000,0.0000,0.0000
4,hasta_001,1780004367.633,2026-05-29 00:39:27,1565,NORMAL,65.2,53.7019,51.1448,4.8778,15.1104,7.0898,63.4804,52.1421,27.3869,20.0254,4.9243,14.9810,7.8083,9.6255,0.0011,0.0000,0.0000,0.0000
4,hasta_001,1780004367.688,2026-05-29 00:39:27,1566,NORMAL,65.2,53.6954,50.7118,5.7152,15.3902,7.3542,63.4083,52.0170,27.3906,19.9164,4.8807,14.9810,7.8083,9.6500,0.0011,0.0000,0.0000,0.0000
4,hasta_001,1780004367.734,2026-05-29 00:39:27,1567,NORMAL,65.2,53.6703,49.5595,7.9644,15.7331,7.4087,63.3342,51.8788,27.4107,19.8152,4.8403,14.9810,7.8083,9.6734,0.0012,0.0000,0.0000,0.0000
4,hasta_001,1780004367.770,2026-05-29 00:39:27,1568,NORMAL,65.2,53.6894,48.7719,9.5986,16.0413,7.4001,63.2600,51.7303,27.4391,19.7229,4.8056,14.9810,7.8083,9.6958,0.0013,0.0000,0.0000,0.0000
4,hasta_001,1780004367.812,2026-05-29 00:39:27,1569,NORMAL,64.8,53.6652,47.5068,12.1741,16.4740,7.2579,63.1876,51.5674,27.4800,19.6400,4.7751,14.9810,7.8083,9.7164,0.0015,0.0000,0.0000,0.0000
4,hasta_001,1780004367.870,2026-05-29 00:39:27,1570,NORMAL,64.3,53.7338,46.9365,13.5040,17.0122,7.1326,63.1148,51.3963,27.5284,19.5653,4.7454,14.9810,7.8083,9.7357,0.0015,0.0000,0.0000,0.0000
4,hasta_001,1780004367.936,2026-05-29 00:39:27,1571,NORMAL,64.3,53.7616,47.2827,12.8238,17.7458,7.1130,63.0410,51.2223,27.5646,19.5007,4.7169,14.9810,7.8083,9.7551,0.0015,0.0000,0.0000,0.0000
4,hasta_001,1780004367.985,2026-05-29 00:39:27,1572,NORMAL,65.0,53.8154,47.8793,11.6743,18.2111,6.9671,62.9649,51.0470,27.5865,19.4442,4.6912,14.9810,7.8083,9.7737,0.0014,0.0000,0.0000,0.0000
4,hasta_001,1780004368.029,2026-05-29 00:39:28,1573,NORMAL,65.5,53.9383,48.1596,11.3200,18.5619,6.7586,62.8874,50.8679,27.6004,19.3937,4.6679,14.9810,7.8083,9.7900,0.0013,0.0000,0.0000,0.0000
4,hasta_001,1780004368.079,2026-05-29 00:39:28,1574,NORMAL,65.5,54.0040,48.6059,10.5216,18.9095,6.5600,62.8074,50.6897,27.6083,19.3486,4.6461,14.9810,7.8083,9.8036,0.0013,0.0000,0.0000,0.0000
4,hasta_001,1780004368.123,2026-05-29 00:39:28,1575,NORMAL,70.5,54.0528,49.0453,9.7140,19.3076,6.3452,62.7271,50.5133,27.6082,19.3086,4.6256,14.9810,7.8083,9.8136,0.0012,0.0000,0.0000,0.0000
4,hasta_001,1780004368.173,2026-05-29 00:39:28,1576,NORMAL,72.0,54.1102,49.5350,8.8286,19.7668,6.0223,62.6466,50.3400,27.6002,19.2749,4.6074,14.9810,7.8083,9.8181,0.0012,0.0000,0.0000,0.0000
4,hasta_001,1780004368.240,2026-05-29 00:39:28,1577,NORMAL,72.0,54.2827,50.4973,7.2252,20.3457,5.5381,62.5676,50.1746,27.5786,19.2476,4.5912,14.9810,7.8083,9.8164,0.0011,0.0000,0.0000,0.0000
4,hasta_001,1780004368.293,2026-05-29 00:39:28,1578,NORMAL,72.0,54.3617,51.3403,5.7169,21.0036,4.9903,62.4911,50.0165,27.5419,19.2276,4.5783,14.9810,7.8083,9.8075,0.0010,0.0000,0.0000,0.0000
4,hasta_001,1780004368.360,2026-05-29 00:39:28,1579,NORMAL,72.6,54.4652,52.2705,4.1124,21.7066,4.2030,62.4201,49.8664,27.4849,19.2166,4.5707,14.9810,7.8083,9.7883,0.0009,0.0000,0.0000,0.0000
4,hasta_001,1780004368.418,2026-05-29 00:39:28,1580,NORMAL,73.1,54.5374,52.9122,3.0250,22.1938,3.5571,62.3568,49.7227,27.4091,19.2128,4.5681,14.9810,7.8083,9.7586,0.0009,0.0000,0.0000,0.0000
4,hasta_001,1780004368.486,2026-05-29 00:39:28,1581,NORMAL,73.1,54.4188,53.4633,1.7714,23.1988,3.0327,62.2977,49.5846,27.3158,19.2191,4.5730,14.9810,7.8083,9.7213,0.0009,0.0000,0.0000,0.0000
4,hasta_001,1780004368.564,2026-05-29 00:39:28,1582,NORMAL,73.1,54.3673,53.7951,1.0581,24.3739,2.6412,62.2440,49.4498,27.2080,19.2371,4.5890,14.9810,7.8083,9.6765,0.0008,0.0000,0.0000,0.0000
4,hasta_001,1780004368.603,2026-05-29 00:39:28,1583,NORMAL,68.6,54.3714,53.7496,1.1502,24.8690,2.5434,62.1950,49.3152,27.0939,19.2604,4.6104,14.9810,7.8083,9.6283,0.0008,0.5000,0.0000,0.0000
4,hasta_001,1780004368.645,2026-05-29 00:39:28,1584,NORMAL,68.6,54.3068,53.7857,0.9642,25.1593,2.5047,62.1495,49.1815,26.9724,19.2871,4.6351,14.9810,7.8083,9.5778,0.0007,0.5000,0.0000,0.0000
4,hasta_001,1780004368.697,2026-05-29 00:39:28,1585,NORMAL,68.6,54.2434,53.4490,1.4754,25.3062,2.4641,62.1094,49.0461,26.8469,19.3168,4.6621,14.9810,7.8083,9.5236,0.0006,0.5000,0.0000,0.0000
4,hasta_001,1780004368.761,2026-05-29 00:39:28,1586,NORMAL,68.6,53.9755,52.2594,3.2308,25.3806,2.4804,62.0690,48.9008,26.7330,19.3485,4.6902,14.9810,7.8083,9.4677,0.0005,0.5000,0.0000,0.0000
4,hasta_001,1780004368.808,2026-05-29 00:39:28,1587,NORMAL,72.6,53.3100,50.5363,5.3420,25.3367,2.5884,62.0239,48.7401,26.6336,19.3810,4.7180,14.9810,7.8083,9.4109,0.0004,0.0000,0.0000,0.0000
4,hasta_001,1780004368.853,2026-05-29 00:39:28,1588,NORMAL,72.6,51.9747,48.2168,7.5014,25.2129,2.7464,61.9681,48.5584,26.5492,19.4133,4.7445,14.9810,7.8083,9.3539,0.0001,0.0000,0.0000,0.0000
4,hasta_001,1780004368.896,2026-05-29 00:39:28,1589,NORMAL,72.6,50.0420,45.2776,9.9967,25.0463,2.9724,61.8947,48.3489,26.4833,19.4460,4.7696,14.9810,7.8083,9.2965,0.0001,0.0000,0.0000,0.0000
4,hasta_001,1780004368.970,2026-05-29 00:39:28,1590,NORMAL,71.4,47.2954,40.6649,15.0762,24.7203,3.3265,61.7954,48.0995,26.4627,19.4775,4.7918,14.9810,7.8083,9.2404,0.0003,0.0000,0.0000,0.0000
4,hasta_001,1780004369.020,2026-05-29 00:39:29,1591,NORMAL,62.9,45.5019,36.8736,20.9486,24.4859,3.5712,61.6777,47.8202,26.4993,19.5088,4.8121,14.9810,7.8083,9.1847,0.0005,0.0000,0.0000,0.0000
4,hasta_001,1780004369.065,2026-05-29 00:39:29,1592,NORMAL,58.1,43.7393,32.4600,29.6046,24.2773,3.8300,61.5429,47.5102,26.6207,19.5405,4.8308,14.9810,7.8083,9.1288,0.0006,0.0000,0.0000,0.0000
4,hasta_001,1780004369.124,2026-05-29 00:39:29,1593,NORMAL,57.6,41.7584,28.2703,38.5214,24.0089,4.2109,61.3904,47.1730,26.8293,19.5727,4.8476,14.9810,7.8083,9.0737,0.0008,0.0000,0.0000,0.0000
4,hasta_001,1780004369.180,2026-05-29 00:39:29,1594,NORMAL,57.5,40.1510,25.8607,43.2964,23.7163,4.5528,61.2258,46.8303,27.0972,19.6086,4.8622,14.9810,7.8083,9.0173,0.0009,0.0000,0.0000,0.0000
4,hasta_001,1780004369.239,2026-05-29 00:39:29,1595,NORMAL,57.5,39.5318,25.1916,44.3122,23.3359,4.8224,61.0578,46.4990,27.3963,19.6475,4.8731,14.9810,7.8083,8.9587,0.0011,0.0000,0.0000,0.0000
4,hasta_001,1780004369.301,2026-05-29 00:39:29,1596,NORMAL,56.9,39.4127,25.3212,43.5366,23.2656,5.0478,60.8887,46.1887,27.7201,19.6951,4.8803,14.9810,7.8083,8.8959,0.0014,0.0000,0.0000,0.0000
4,hasta_001,1780004369.371,2026-05-29 00:39:29,1597,NORMAL,56.9,39.5958,25.9660,41.5785,23.3822,5.2298,60.7175,45.9026,28.0645,19.7549,4.8812,14.9810,7.8083,8.8285,0.0016,0.0000,0.0000,0.0000
4,hasta_001,1780004369.419,2026-05-29 00:39:29,1598,NORMAL,56.9,39.8136,26.8132,39.0244,23.4348,5.3055,60.5397,45.6452,28.3416,19.8310,4.8667,14.9810,7.8083,8.7536,0.0019,0.0000,0.0000,0.0000
4,hasta_001,1780004369.469,2026-05-29 00:39:29,1599,NORMAL,56.9,40.0587,27.8298,36.0265,23.5749,5.3364,60.3557,45.4124,28.5515,19.9231,4.8321,14.9810,7.8083,8.6726,0.0021,0.0000,0.0000,0.0000
4,hasta_001,1780004369.513,2026-05-29 00:39:29,1600,NORMAL,56.9,40.3641,28.8219,33.3655,23.7231,5.3389,60.1655,45.2010,28.7018,20.0293,4.7740,14.9810,7.8083,8.5870,0.0023,0.0000,0.0000,0.0000
4,hasta_001,1780004369.564,2026-05-29 00:39:29,1601,NORMAL,57.4,40.8082,30.0151,30.4790,23.8595,5.3217,59.9697,45.0130,28.7886,20.1488,4.6882,14.9810,7.8083,8.4965,0.0025,0.0000,0.0000,0.0000
4,hasta_001,1780004369.605,2026-05-29 00:39:29,1602,NORMAL,57.9,41.3273,31.3424,27.4803,23.8880,5.2609,59.7695,44.8448,28.8206,20.2745,4.5833,14.9810,7.8083,8.4023,0.0025,0.0000,0.0000,0.0000
4,hasta_001,1780004369.652,2026-05-29 00:39:29,1603,NORMAL,57.9,42.1467,32.7058,25.2255,23.9019,5.1928,59.5639,44.6990,28.7941,20.4007,4.4715,14.9810,7.8083,8.3046,0.0026,0.0000,0.0000,0.0000
4,hasta_001,1780004369.701,2026-05-29 00:39:29,1604,NORMAL,58.4,43.4882,33.8692,24.8690,23.8899,5.1707,59.3635,44.5675,28.7469,20.5245,4.3594,14.9810,7.8083,8.2054,0.0025,0.0000,0.0000,0.0000
4,hasta_001,1780004369.760,2026-05-29 00:39:29,1605,NORMAL,57.9,45.3681,34.8902,26.1106,23.8934,5.2026,59.1754,44.4478,28.6988,20.6440,4.2522,14.9810,7.8083,8.1052,0.0025,0.0000,0.0000,0.0000
4,hasta_001,1780004369.816,2026-05-29 00:39:29,1606,NORMAL,57.9,47.4612,36.0518,27.3237,23.8485,5.3303,59.0029,44.3394,28.6549,20.7558,4.1577,14.9810,7.8083,8.0057,0.0023,0.0000,0.0000,0.0000
4,hasta_001,1780004369.883,2026-05-29 00:39:29,1607,NORMAL,57.9,49.5406,37.1159,28.6758,23.7002,5.3825,58.8483,44.2398,28.6232,20.8593,4.0743,14.9810,7.8083,7.9067,0.0023,0.0000,0.0000,0.0000
4,hasta_001,1780004369.947,2026-05-29 00:39:29,1608,NORMAL,57.4,50.9217,37.8682,29.4031,23.4459,5.0916,58.7065,44.1451,28.6022,20.9538,4.0009,14.9810,7.8083,7.8061,0.0023,0.0000,0.0000,0.0000
4,hasta_001,1780004369.987,2026-05-29 00:39:29,1609,NORMAL,57.9,51.4420,38.6521,28.3921,23.2193,4.9105,58.5721,44.0556,28.5797,21.0407,3.9355,14.9810,7.8083,7.7059,0.0023,0.0000,0.0000,0.0000
4,hasta_001,1780004370.033,2026-05-29 00:39:30,1610,NORMAL,58.5,51.8701,39.9087,26.0658,23.0282,4.7858,58.4457,43.9745,28.5483,21.1211,3.8763,14.9810,7.8083,7.6072,0.0025,0.0000,0.0000,0.0000
4,hasta_001,1780004370.092,2026-05-29 00:39:30,1611,NORMAL,60.5,52.1307,41.3207,23.1349,22.8072,4.7098,58.3267,43.9050,28.5007,21.1973,3.8183,14.9810,7.8083,7.5106,0.0025,0.0000,0.0000,0.0000
4,hasta_001,1780004370.154,2026-05-29 00:39:30,1612,NORMAL,62.8,52.3283,42.5441,20.6260,22.5989,4.7437,58.2173,43.8452,28.4449,21.2693,3.7622,14.9810,7.8083,7.4179,0.0026,0.0000,0.0000,0.0000
4,hasta_001,1780004370.212,2026-05-29 00:39:30,1613,NORMAL,65.3,52.4875,43.4928,18.7428,22.3974,4.7394,58.1178,43.7925,28.3879,21.3372,3.7080,14.9810,7.8083,7.3291,0.0028,0.0000,0.0000,0.0000
4,hasta_001,1780004370.267,2026-05-29 00:39:30,1614,NORMAL,65.4,52.7237,44.1759,17.6427,22.2127,4.8025,58.0268,43.7455,28.3318,21.4010,3.6563,14.9810,7.8083,7.2450,0.0029,0.0000,0.0000,0.0000
4,hasta_001,1780004370.320,2026-05-29 00:39:30,1615,NORMAL,68.2,52.9532,44.9934,16.2532,21.9933,4.7911,57.9414,43.7070,28.2664,21.4600,3.6079,14.9810,7.8083,7.1653,0.0030,0.0000,0.0000,0.0000
4,hasta_001,1780004370.383,2026-05-29 00:39:30,1616,NORMAL,71.3,53.2602,45.8004,15.0611,21.7890,4.6908,57.8605,43.6779,28.1890,21.5135,3.5646,14.9810,7.8083,7.0892,0.0030,0.0000,0.0000,0.0000
4,hasta_001,1780004370.423,2026-05-29 00:39:30,1617,NORMAL,71.3,53.4475,46.2854,14.3627,21.6886,4.5969,57.7824,43.6553,28.1026,21.5631,3.5250,14.9810,7.8083,7.0148,0.0030,0.0000,0.0000,0.0000
4,hasta_001,1780004370.495,2026-05-29 00:39:30,1618,NORMAL,71.9,53.8017,47.1429,13.1931,21.6228,4.2703,57.7068,43.6429,27.9997,21.6075,3.4918,14.9810,7.8083,6.9407,0.0031,0.0000,0.0000,0.0000
4,hasta_001,1780004370.538,2026-05-29 00:39:30,1619,NORMAL,72.4,54.0302,47.8309,12.1721,21.7012,4.0120,57.6320,43.6368,27.8855,21.6498,3.4617,14.9810,7.8083,6.8657,0.0032,0.0000,0.0000,0.0000
4,hasta_001,1780004370.588,2026-05-29 00:39:30,1620,NORMAL,68.1,54.2989,48.8896,10.4844,21.9136,3.6129,57.5571,43.6404,27.7516,21.6910,3.4352,14.9810,7.8083,6.7886,0.0033,0.5000,0.0000,0.0000
4,hasta_001,1780004370.628,2026-05-29 00:39:30,1621,NORMAL,68.1,54.5782,50.0583,8.6391,22.2061,3.2367,57.4829,43.6546,27.5981,21.7330,3.4103,14.9810,7.8083,6.7093,0.0035,0.5000,0.0000,0.0000
4,hasta_001,1780004370.687,2026-05-29 00:39:30,1622,NORMAL,68.1,54.9118,51.7135,5.9990,22.6029,2.7040,57.4097,43.6845,27.4160,21.7753,3.3893,14.9810,7.8083,6.6265,0.0035,0.5000,0.0000,0.0000
4,hasta_001,1780004370.740,2026-05-29 00:39:30,1623,NORMAL,68.6,55.1567,53.5207,3.0109,22.8589,2.2633,57.3372,43.7313,27.2031,21.8167,3.3719,14.9810,7.8083,6.5414,0.0036,0.5000,0.0000,0.0000
4,hasta_001,1780004370.790,2026-05-29 00:39:30,1624,NORMAL,68.1,55.4763,55.9719,0.8895,23.0975,1.8256,57.2660,43.8004,26.9668,21.8573,3.3577,14.9810,7.8083,6.4536,0.0037,0.5000,0.0000,0.0000
4,hasta_001,1780004370.853,2026-05-29 00:39:30,1625,NORMAL,67.6,55.9651,58.4936,4.4181,23.3408,1.3343,57.1973,43.8933,26.7517,21.8960,3.3478,14.9810,7.8083,6.3629,0.0038,0.5000,0.0000,0.0000
4,hasta_001,1780004370.913,2026-05-29 00:39:30,1626,NORMAL,68.6,56.5997,60.7802,7.1230,23.5117,1.0634,57.1319,44.0067,26.5531,21.9325,3.3414,14.9810,7.8083,6.2713,0.0038,0.5000,0.0000,0.0000
4,hasta_001,1780004370.965,2026-05-29 00:39:30,1627,NORMAL,68.6,57.3683,62.6452,8.7938,23.6147,0.9530,57.0696,44.1363,26.3621,21.9640,3.3392,14.9810,7.8083,6.1805,0.0039,0.5000,0.0000,0.0000
4,hasta_001,1780004371.026,2026-05-29 00:39:31,1628,NORMAL,68.6,58.3178,64.3769,9.8766,23.6037,0.8833,57.0094,44.2799,26.1723,21.9891,3.3401,14.9810,7.8083,6.0923,0.0039,0.5000,0.0000,0.0000
4,hasta_001,1780004371.087,2026-05-29 00:39:31,1629,NORMAL,68.6,58.9824,65.6969,10.7709,23.5274,0.8496,56.9512,44.4326,25.9886,22.0065,3.3426,14.9810,7.8083,6.0064,0.0039,0.5000,0.0000,0.0000
4,hasta_001,1780004371.146,2026-05-29 00:39:31,1630,NORMAL,68.6,59.5637,66.8776,11.5688,23.4438,0.8860,56.8921,44.5922,25.8093,22.0151,3.3450,14.9810,7.8083,5.9232,0.0039,0.5000,0.0000,0.0000
4,hasta_001,1780004371.215,2026-05-29 00:39:31,1631,NORMAL,72.9,60.1184,67.9052,12.1645,23.3627,0.8874,56.8310,44.7559,25.6343,22.0141,3.3446,14.9810,7.8083,5.8422,0.0039,0.0000,0.0000,0.0000
4,hasta_001,1780004371.265,2026-05-29 00:39:31,1632,NORMAL,72.9,60.5360,68.5341,12.3935,23.3198,0.8316,56.7689,44.9201,25.4641,22.0088,3.3420,14.9810,7.8083,5.7629,0.0039,0.0000,0.0000,0.0000
4,hasta_001,1780004371.308,2026-05-29 00:39:31,1633,NORMAL,72.9,60.8656,68.8499,12.3105,23.2276,0.7193,56.7065,45.0825,25.2978,22.0020,3.3387,14.9810,7.8083,5.6836,0.0039,0.0000,0.0000,0.0000
4,hasta_001,1780004371.363,2026-05-29 00:39:31,1634,NORMAL,73.1,61.3386,68.9831,11.7317,23.0601,0.5780,56.6477,45.2429,25.1324,21.9950,3.3356,14.9810,7.8083,5.6031,0.0038,0.0000,0.0000,0.0000
4,hasta_001,1780004371.420,2026-05-29 00:39:31,1635,NORMAL,73.1,61.7334,68.7476,10.7512,22.9669,0.4944,56.5929,45.4005,24.9613,21.9889,3.3331,14.9810,7.8083,5.5216,0.0038,0.0000,0.0000,0.0000
4,hasta_001,1780004371.464,2026-05-29 00:39:31,1636,NORMAL,73.1,61.8468,68.3237,9.9515,22.8753,0.5156,56.5404,45.5544,24.7859,21.9870,3.3325,14.9810,7.8083,5.4402,0.0038,0.0000,0.0000,0.0000
4,hasta_001,1780004371.511,2026-05-29 00:39:31,1637,NORMAL,73.1,61.8279,67.7840,9.1907,22.7481,0.6153,56.4899,45.7019,24.6110,21.9903,3.3331,14.9810,7.8083,5.3596,0.0037,0.0000,0.0000,0.0000
4,hasta_001,1780004371.581,2026-05-29 00:39:31,1638,NORMAL,73.1,61.7044,67.0202,8.2592,22.6076,0.9226,56.4397,45.8413,24.4335,21.9975,3.3335,14.9810,7.8083,5.2823,0.0037,0.0000,0.0000,0.0000
4,hasta_001,1780004371.630,2026-05-29 00:39:31,1639,NORMAL,72.6,61.4416,66.4509,7.8335,22.3883,1.2531,56.3894,45.9759,24.2558,22.0078,3.3328,14.9810,7.8083,5.2084,0.0037,0.0000,0.0000,0.0000
4,hasta_001,1780004371.684,2026-05-29 00:39:31,1640,NORMAL,72.1,61.0291,65.9039,7.6810,22.0991,1.6822,56.3373,46.1073,24.0765,22.0185,3.3310,14.9810,7.8083,5.1379,0.0037,0.0000,0.0000,0.0000
4,hasta_001,1780004371.725,2026-05-29 00:39:31,1641,NORMAL,72.1,60.4973,65.3182,7.6634,21.8342,2.0515,56.2819,46.2349,23.8964,22.0286,3.3286,14.9810,7.8083,5.0701,0.0037,0.0000,0.0000,0.0000
4,hasta_001,1780004371.756,2026-05-29 00:39:31,1642,NORMAL,72.6,60.0002,64.7061,7.5472,21.6362,2.3641,56.2226,46.3579,23.7148,22.0373,3.3262,14.9810,7.8083,5.0043,0.0036,0.0000,0.0000,0.0000
4,hasta_001,1780004371.831,2026-05-29 00:39:31,1643,NORMAL,72.6,58.9129,62.8789,6.5127,21.3082,3.0221,56.1542,46.4665,23.5230,22.0421,3.3247,14.9810,7.8083,4.9432,0.0036,0.0000,0.0000,0.0000
4,hasta_001,1780004371.883,2026-05-29 00:39:31,1644,NORMAL,72.6,58.0897,61.1730,5.1706,21.1643,3.4583,56.0786,46.5621,23.3170,22.0440,3.3241,14.9810,7.8083,4.8851,0.0035,0.0000,0.0000,0.0000
4,hasta_001,1780004371.954,2026-05-29 00:39:31,1645,NORMAL,73.1,56.9647,58.7992,3.1694,21.0543,3.9627,55.9930,46.6394,23.0906,22.0424,3.3246,14.9810,7.8083,4.8310,0.0035,0.0000,0.0000,0.0000
4,hasta_001,1780004372.004,2026-05-29 00:39:32,1646,NORMAL,73.1,56.0222,56.8208,1.4154,20.9244,4.2941,55.8993,46.7031,22.8437,22.0367,3.3259,14.9810,7.8083,4.7806,0.0034,0.0000,0.0000,0.0000
4,hasta_001,1780004372.049,2026-05-29 00:39:32,1647,NORMAL,72.5,55.0535,54.8060,0.4506,20.7541,4.5787,55.7971,46.7552,22.5774,22.0279,3.3279,14.9810,7.8083,4.7353,0.0034,0.0000,0.0000,0.0000
4,hasta_001,1780004372.099,2026-05-29 00:39:32,1648,NORMAL,72.5,54.0325,52.7397,2.4215,20.6196,4.8656,55.6863,46.7968,22.3139,22.0183,3.3303,14.9810,7.8083,4.6952,0.0033,0.0000,0.0000,0.0000
4,hasta_001,1780004372.150,2026-05-29 00:39:32,1649,NORMAL,72.0,53.1652,50.9768,4.2027,20.4629,5.1259,55.5670,46.8393,22.0314,22.0099,3.3329,14.9810,7.8083,4.6628,0.0033,0.0000,0.0000,0.0000
4,hasta_001,1780004372.188,2026-05-29 00:39:32,1650,NORMAL,72.0,52.5324,49.6666,5.6083,20.3357,5.2861,55.4419,46.8913,21.7158,21.9986,3.3363,14.9810,7.8083,4.6370,0.0033,0.0000,0.0000,0.0000
4,hasta_001,1780004372.222,2026-05-29 00:39:32,1651,NORMAL,72.0,51.9490,48.5259,6.8139,20.2071,5.4091,55.3116,46.9538,21.3650,21.9834,3.3402,14.9810,7.8083,4.6166,0.0033,0.0000,0.0000,0.0000
4,hasta_001,1780004372.274,2026-05-29 00:39:32,1652,NORMAL,72.0,51.0137,46.9885,8.2146,20.0594,5.5330,55.1735,47.0224,20.9816,21.9583,3.3433,14.9810,7.8083,4.6010,0.0032,0.0000,0.0000,0.0000
4,hasta_001,1780004372.340,2026-05-29 00:39:32,1653,NORMAL,72.0,50.0761,45.5215,9.5287,19.9454,5.6351,55.0275,47.0962,20.5666,21.9219,3.3412,14.9810,7.8083,4.5894,0.0032,0.0000,0.0000,0.0000
4,hasta_001,1780004372.409,2026-05-29 00:39:32,1654,NORMAL,72.0,49.3474,44.3180,10.7390,19.8500,5.6714,54.8754,47.1737,20.1270,21.8751,3.3305,14.9810,7.8083,4.5801,0.0032,0.0000,0.0000,0.0000
4,hasta_001,1780004372.450,2026-05-29 00:39:32,1655,NORMAL,72.0,48.8931,43.5782,11.4954,19.7625,5.6500,54.7188,47.2575,19.6603,21.8152,3.3034,14.9810,7.8083,4.5724,0.0031,0.0000,0.0000,0.0000
4,hasta_001,1780004372.480,2026-05-29 00:39:32,1656,NORMAL,71.8,48.4937,42.9040,12.2315,19.6948,5.5979,54.5581,47.3432,19.1784,21.7457,3.2592,14.9810,7.8083,4.5648,0.0031,0.0000,0.0000,0.0000
4,hasta_001,1780004372.517,2026-05-29 00:39:32,1657,NORMAL,71.3,48.0238,42.1177,13.1042,19.5860,5.5163,54.3913,47.4266,18.6899,21.6713,3.2053,14.9810,7.8083,4.5559,0.0031,0.0000,0.0000,0.0000
4,hasta_001,1780004372.564,2026-05-29 00:39:32,1658,NORMAL,71.3,47.4389,41.2070,14.0603,19.4025,5.3926,54.2176,47.5051,18.1991,21.5935,3.1454,14.9810,7.8083,4.5437,0.0031,0.0000,0.0000,0.0000
4,hasta_001,1780004372.602,2026-05-29 00:39:32,1659,NORMAL,71.3,47.0284,40.5289,14.8462,19.2563,5.2483,54.0372,47.5784,17.7097,21.5140,3.0823,14.9810,7.8083,4.5273,0.0031,0.0000,0.0000,0.0000
4,hasta_001,1780004372.663,2026-05-29 00:39:32,1660,NORMAL,67.5,46.5516,39.7141,15.8522,19.0588,5.0105,53.8495,47.6432,17.2289,21.4340,3.0199,14.9810,7.8083,4.5058,0.0030,0.0000,0.0000,0.0000
4,hasta_001,1780004372.710,2026-05-29 00:39:32,1661,NORMAL,68.1,46.1944,39.0981,16.6398,18.9709,4.7817,53.6562,47.6995,16.7605,21.3549,2.9584,14.9810,7.8083,4.4805,0.0029,0.0000,0.0000,0.0000
4,hasta_001,1780004372.760,2026-05-29 00:39:32,1662,NORMAL,65.4,45.8266,38.5488,17.2510,18.8806,4.5278,53.4578,47.7451,16.3112,21.2803,2.9065,14.9810,7.8083,4.4515,0.0028,0.0000,0.0000,0.0000
4,hasta_001,1780004372.803,2026-05-29 00:39:32,1663,NORMAL,66.0,45.5376,38.1076,17.7655,18.8601,4.2937,53.2566,47.7800,15.8840,21.2139,2.8697,14.9810,7.8083,4.4193,0.0027,0.0000,0.0000,0.0000
4,hasta_001,1780004372.832,2026-05-29 00:39:32,1664,NORMAL,62.9,45.3664,37.8487,18.0682,18.8186,4.1060,53.0559,47.8002,15.4938,21.1589,2.8518,14.9810,7.8083,4.3860,0.0025,1.0000,0.0000,0.0000
4,hasta_001,1780004372.864,2026-05-29 00:39:32,1665,NORMAL,62.9,45.1648,37.5807,18.3311,18.7783,3.8879,52.8604,47.8049,15.1477,21.1166,2.8491,14.9810,7.8083,4.3511,0.0022,1.0000,0.0000,0.0000
4,hasta_001,1780004372.922,2026-05-29 00:39:32,1666,NORMAL,62.4,44.8663,37.2360,18.5872,18.7039,3.5238,52.6742,47.7928,14.8539,21.0867,2.8555,14.9810,7.8083,4.3149,0.0019,1.0000,0.0000,0.0000
4,hasta_001,1780004372.981,2026-05-29 00:39:32,1667,NORMAL,62.4,44.6423,37.0516,18.5831,18.6352,3.1712,52.4959,47.7708,14.5933,21.0637,2.8640,14.9810,7.8083,4.2777,0.0017,1.0000,0.0000,0.0000
4,hasta_001,1780004373.042,2026-05-29 00:39:33,1668,NORMAL,63.4,44.5118,36.9298,18.6195,18.5938,2.8326,52.3287,47.7430,14.3621,21.0452,2.8727,14.9810,7.8083,4.2398,0.0014,0.5000,0.0000,0.0000
4,hasta_001,1780004373.105,2026-05-29 00:39:33,1669,NORMAL,61.9,44.8286,36.7958,19.6822,18.5555,2.5332,52.1834,47.7108,14.1763,21.0293,2.8812,14.9810,7.8083,4.2026,0.0011,0.5000,0.0000,0.0000
4,hasta_001,1780004373.161,2026-05-29 00:39:33,1670,NORMAL,59.6,45.3695,36.3922,21.9596,18.5851,2.2744,52.0610,47.6770,14.0340,21.0161,2.8887,14.9810,7.8083,4.1678,0.0008,0.5000,0.0000,0.0000
4,hasta_001,1780004373.206,2026-05-29 00:39:33,1671,NORMAL,57.8,46.0953,34.7210,28.1485,18.5937,2.0650,51.9649,47.6326,13.9688,21.0055,2.8952,14.9810,7.8083,4.1372,0.0007,0.5000,0.0000,0.0000
4,hasta_001,1780004373.261,2026-05-29 00:39:33,1672,NORMAL,57.3,47.1985,30.7373,42.2431,18.5865,1.8069,51.8887,47.5473,14.0576,20.9973,2.9007,14.9810,7.8083,4.1079,0.0004,0.5000,0.0000,0.0000
4,hasta_001,1780004373.299,2026-05-29 00:39:33,1673,NORMAL,57.3,48.1340,23.5617,68.5460,18.5568,1.6140,51.8262,47.3896,14.4054,20.9926,2.9042,14.9810,7.8083,4.0797,0.0002,0.5000,0.0000,0.0000
4,hasta_001,1780004373.353,2026-05-29 00:39:33,1674,NORMAL,57.3,49.4408,12.1050,121.3271,18.5502,1.3446,51.7761,47.1203,15.2323,20.9952,2.9019,14.9810,7.8083,4.0528,0.0001,0.5000,0.0000,0.0000
4,hasta_001,1780004373.393,2026-05-29 00:39:33,1675,NORMAL,58.3,50.4774,9.9188,134.3084,18.5328,1.1384,51.7332,46.8142,16.2053,21.0052,2.8912,14.9810,7.8083,4.0262,0.0000,0.5000,0.0000,0.0000
4,hasta_001,1780004373.447,2026-05-29 00:39:33,1676,NORMAL,58.3,51.4619,13.5361,116.6983,18.4840,0.8768,51.7013,46.5232,17.0681,21.0217,2.8711,14.9810,7.8083,3.9988,0.0001,0.5000,0.0000,0.0000
4,hasta_001,1780004373.508,2026-05-29 00:39:33,1677,NORMAL,59.8,52.4111,18.3363,96.3280,18.4037,0.6196,51.6829,46.2556,17.8047,21.0433,2.8414,14.9810,7.8083,3.9699,0.0003,0.5000,0.0000,0.0000
4,hasta_001,1780004373.546,2026-05-29 00:39:33,1678,NORMAL,59.8,52.9051,22.2951,81.4093,18.3746,0.5206,51.6741,46.0139,18.4409,21.0696,2.8016,14.9810,7.8083,3.9383,0.0004,0.5000,0.0000,0.0000
4,hasta_001,1780004373.597,2026-05-29 00:39:33,1679,NORMAL,59.8,53.5239,27.5828,63.9680,18.3732,0.4556,51.6758,45.8147,18.9449,21.0986,2.7551,14.9810,7.8083,3.9017,0.0005,0.5000,0.0000,0.0000
4,hasta_001,1780004373.640,2026-05-29 00:39:33,1680,NORMAL,59.8,53.9150,31.5845,52.2355,18.3631,0.4268,51.6829,45.6427,19.3667,21.1286,2.7052,14.9810,7.8083,3.8603,0.0005,0.5000,0.0000,0.0000
4,hasta_001,1780004373.693,2026-05-29 00:39:33,1681,NORMAL,59.8,54.3744,34.8749,43.6969,18.3599,0.4206,51.6934,45.4965,19.7199,21.1591,2.6527,14.9810,7.8083,3.8152,0.0006,0.5000,0.0000,0.0000
4,hasta_001,1780004373.733,2026-05-29 00:39:33,1682,NORMAL,59.8,54.6994,36.4192,40.1241,18.3585,0.4299,51.7056,45.3608,20.0458,21.1896,2.5987,14.9810,7.8083,3.7661,0.0006,0.5000,0.0000,0.0000
4,hasta_001,1780004373.778,2026-05-29 00:39:33,1683,NORMAL,59.8,55.0909,37.3560,38.3677,18.3668,0.4538,51.7206,45.2352,20.3521,21.2191,2.5458,14.9810,7.8083,3.7154,0.0006,0.5000,0.0000,0.0000
4,hasta_001,1780004373.846,2026-05-29 00:39:33,1684,NORMAL,59.8,55.4365,37.7076,38.0677,18.3623,0.4891,51.7373,45.1159,20.6470,21.2479,2.4932,14.9810,7.8083,3.6636,0.0005,0.5000,0.0000,0.0000
4,hasta_001,1780004373.902,2026-05-29 00:39:33,1685,NORMAL,59.3,55.7198,37.7832,38.3658,18.3253,0.5304,51.7541,45.0046,20.9260,21.2747,2.4439,14.9810,7.8083,3.6089,0.0005,1.0000,0.0000,0.0000
4,hasta_001,1780004373.959,2026-05-29 00:39:33,1686,NORMAL,59.3,55.9416,37.3297,39.9091,18.3115,0.5668,51.7728,44.8931,21.2110,21.2991,2.3993,14.9810,7.8083,3.5523,0.0004,1.0000,0.0000,0.0000
4,hasta_001,1780004374.028,2026-05-29 00:39:34,1687,NORMAL,59.3,56.2040,36.6998,41.9880,18.3502,0.6042,51.7939,44.7859,21.4945,21.3209,2.3602,14.9810,7.8083,3.4956,0.0003,1.0000,0.0000,0.0000
4,hasta_001,1780004374.101,2026-05-29 00:39:34,1688,NORMAL,59.3,56.3694,35.6509,45.0302,18.4219,0.6231,51.8163,44.6766,21.7898,21.3407,2.3255,14.9810,7.8083,3.4392,0.0003,1.0000,0.0000,0.0000
4,hasta_001,1780004374.161,2026-05-29 00:39:34,1689,NORMAL,59.3,56.5446,34.1546,49.3718,18.4548,0.6406,51.8403,44.5653,22.0997,21.3572,2.2978,14.9810,7.8083,3.3840,0.0003,1.0000,0.0000,0.0000
4,hasta_001,1780004374.198,2026-05-29 00:39:34,1690,NORMAL,59.3,56.7776,32.1682,55.3359,18.5438,0.6472,51.8656,44.4422,22.4483,21.3700,2.2778,14.9810,7.8083,3.3300,0.0003,1.0000,0.0000,0.0000
4,hasta_001,1780004374.247,2026-05-29 00:39:34,1691,NORMAL,59.3,57.0581,28.7998,65.8258,18.5926,0.6610,51.8931,44.2882,22.8900,21.3770,2.2678,14.9810,7.8083,3.2762,0.0003,1.0000,0.0000,0.0000
4,hasta_001,1780004374.290,2026-05-29 00:39:34,1692,NORMAL,59.3,57.3164,25.2652,77.6231,18.6502,0.6690,51.9223,44.0998,23.4396,21.3807,2.2631,14.9810,7.8083,3.2237,0.0004,1.0000,0.0000,0.0000
4,hasta_001,1780004374.339,2026-05-29 00:39:34,1693,NORMAL,59.3,57.6104,21.5139,91.2399,18.6734,0.6641,51.9529,43.8777,24.1056,21.3816,2.2619,14.9810,7.8083,3.1729,0.0005,1.0000,0.0000,0.0000
4,hasta_001,1780004374.378,2026-05-29 00:39:34,1694,NORMAL,59.3,57.8685,18.1041,104.6808,18.6934,0.6506,51.9851,43.6235,24.8903,21.3798,2.2640,14.9810,7.8083,3.1237,0.0005,1.0000,0.0000,0.0000
4,hasta_001,1780004374.412,2026-05-29 00:39:34,1695,NORMAL,59.3,58.0794,15.0666,117.6079,18.7010,0.6347,52.0186,43.3404,25.7894,21.3748,2.2693,14.9810,7.8083,3.0761,0.0006,1.0000,0.0000,0.0000
4,hasta_001,1780004374.465,2026-05-29 00:39:34,1696,NORMAL,59.3,58.2920,11.3891,134.6217,18.7176,0.6100,52.0535,43.0225,26.8377,21.3660,2.2775,14.9810,7.8083,3.0310,0.0006,1.0000,0.0000,0.0000
4,hasta_001,1780004374.522,2026-05-29 00:39:34,1697,NORMAL,59.3,58.4077,8.4475,149.4582,18.7308,0.5815,52.0879,42.6721,28.0229,21.3526,2.2882,14.9810,7.8083,2.9897,0.0007,1.0000,0.0000,0.0000
4,hasta_001,1780004374.566,2026-05-29 00:39:34,1698,NORMAL,59.3,58.4597,6.5149,159.8928,18.7727,0.5484,52.1220,42.2985,29.3077,21.3340,2.3000,14.9810,7.8083,2.9527,0.0007,1.0000,0.0000,0.0000
4,hasta_001,1780004374.638,2026-05-29 00:39:34,1699,NORMAL,59.3,58.5403,4.4966,171.4667,18.8248,0.4959,52.1560,41.9004,30.7023,21.3100,2.3110,14.9810,7.8083,2.9218,0.0008,1.0000,0.0000,0.0000
4,hasta_001,1780004374.691,2026-05-29 00:39:34,1700,NORMAL,59.3,58.5268,3.4833,177.5308,18.8620,0.4569,52.1892,41.4885,32.1566,21.2822,2.3202,14.9810,7.8083,2.8960,0.0008,1.0000,0.0000,0.0000
4,hasta_001,1780004374.749,2026-05-29 00:39:34,1701,NORMAL,59.3,58.6014,2.9222,181.0008,18.9084,0.4134,52.2241,41.0673,33.6501,21.2464,2.3234,14.9810,7.8083,2.8741,0.0009,1.0000,0.0000,0.0000
4,hasta_001,1780004374.787,2026-05-29 00:39:34,1702,NORMAL,59.3,58.6546,2.7544,182.0585,18.9186,0.3870,52.2598,40.6420,35.1585,21.2010,2.3152,14.9810,7.8083,2.8553,0.0010,1.0000,0.0000,0.0000
4,hasta_001,1780004374.836,2026-05-29 00:39:34,1703,NORMAL,59.3,58.7210,2.7915,181.8475,18.9210,0.3491,52.2960,40.2173,36.6643,21.1514,2.2997,14.9810,7.8083,2.8371,0.0011,1.0000,0.0000,0.0000
4,hasta_001,1780004374.879,2026-05-29 00:39:34,1704,NORMAL,59.3,58.7207,3.0422,180.2978,18.8732,0.3299,52.3328,39.7945,38.1587,21.0990,2.2793,14.9810,7.8083,2.8189,0.0012,1.0000,0.0000,0.0000
4,hasta_001,1780004374.932,2026-05-29 00:39:34,1705,NORMAL,59.3,58.6707,3.4761,177.6268,18.8126,0.3058,52.3697,39.3780,39.6267,21.0449,2.2558,14.9810,7.8083,2.8009,0.0013,1.0000,0.0000,0.0000
4,hasta_001,1780004374.994,2026-05-29 00:39:34,1706,NORMAL,59.3,58.5157,4.2052,173.1817,18.7648,0.2841,52.4076,38.9776,41.0429,20.9898,2.2298,14.9810,7.8083,2.7826,0.0013,1.0000,0.0000,0.0000
4,hasta_001,1780004375.056,2026-05-29 00:39:35,1707,NORMAL,59.3,58.1945,5.0664,167.9651,18.7684,0.2467,52.4483,38.5987,42.3981,20.9350,2.2029,14.9810,7.8083,2.7631,0.0014,1.0000,0.0000,0.0000
4,hasta_001,1780004375.112,2026-05-29 00:39:35,1708,NORMAL,59.3,57.8195,6.0647,162.0267,18.7471,0.2089,52.4970,38.2474,43.6858,20.8812,2.1765,14.9810,7.8083,2.7420,0.0014,1.0000,0.0000,0.0000
4,hasta_001,1780004375.166,2026-05-29 00:39:35,1709,NORMAL,59.3,57.4372,7.0464,156.2904,18.7889,0.1596,52.5586,37.9288,44.9049,20.8290,2.1509,14.9810,7.8083,2.7185,0.0014,1.0000,0.0000,0.0000
4,hasta_001,1780004375.220,2026-05-29 00:39:35,1710,NORMAL,59.3,57.0868,7.9636,151.0311,18.7942,0.1443,52.6402,37.6563,46.0379,20.7796,2.1289,14.9810,7.8083,2.6920,0.0014,1.0000,0.0000,0.0000
4,hasta_001,1780004375.270,2026-05-29 00:39:35,1711,NORMAL,59.3,56.7682,8.7838,146.4011,18.7562,0.1538,52.7341,37.4222,47.0833,20.7319,2.1094,14.9810,7.8083,2.6635,0.0013,1.0000,0.0000,0.0000
4,hasta_001,1780004375.334,2026-05-29 00:39:35,1712,NORMAL,59.3,56.4288,9.6949,141.3528,18.6768,0.1680,52.8398,37.2325,48.0146,20.6852,2.0924,14.9810,7.8083,2.6330,0.0013,1.0000,0.0000,0.0000
4,hasta_001,1780004375.385,2026-05-29 00:39:35,1713,NORMAL,59.3,56.1770,10.6211,136.3988,18.6236,0.1907,52.9600,37.0854,48.8302,20.6403,2.0783,14.9810,7.8083,2.5995,0.0013,1.0000,0.0000,0.0000
4,hasta_001,1780004375.450,2026-05-29 00:39:35,1714,NORMAL,59.3,55.9603,11.8288,130.2022,18.5624,0.2230,53.0917,36.9685,49.5544,20.5974,2.0675,14.9810,7.8083,2.5635,0.0012,1.0000,0.0000,0.0000
4,hasta_001,1780004375.495,2026-05-29 00:39:35,1715,NORMAL,59.8,55.7894,12.7091,125.7845,18.5232,0.2485,53.2272,36.8645,50.2334,20.5573,2.0607,14.9810,7.8083,2.5253,0.0013,0.5000,0.0000,0.0000
4,hasta_001,1780004375.536,2026-05-29 00:39:35,1716,NORMAL,59.8,55.6525,13.4830,121.9911,18.4640,0.2824,53.3625,36.7658,50.8872,20.5173,2.0543,14.9810,7.8083,2.4856,0.0012,0.5000,0.0000,0.0000
4,hasta_001,1780004375.569,2026-05-29 00:39:35,1717,NORMAL,59.8,55.5514,14.0071,119.4514,18.4012,0.3173,53.4955,36.6662,51.5361,20.4758,2.0463,14.9810,7.8083,2.4447,0.0013,0.5000,0.0000,0.0000
4,hasta_001,1780004375.620,2026-05-29 00:39:35,1718,NORMAL,59.8,55.4394,14.5190,116.9850,18.3006,0.3681,53.6257,36.5637,52.1858,20.4330,2.0376,14.9810,7.8083,2.4035,0.0013,0.5000,0.0000,0.0000
4,hasta_001,1780004375.680,2026-05-29 00:39:35,1719,NORMAL,59.8,55.3983,14.6106,116.5217,18.2140,0.4233,53.7535,36.4536,52.8566,20.3883,2.0270,14.9810,7.8083,2.3626,0.0012,0.5000,0.0000,0.0000
4,hasta_001,1780004375.725,2026-05-29 00:39:35,1720,NORMAL,59.8,55.3834,14.2419,118.1797,18.1632,0.4627,53.8787,36.3321,53.5633,20.3420,2.0138,14.9810,7.8083,2.3220,0.0012,0.5000,0.0000,0.0000
4,hasta_001,1780004375.797,2026-05-29 00:39:35,1721,NORMAL,60.8,55.4277,13.1845,123.1362,18.1537,0.5198,54.0005,36.1918,54.3355,20.2944,1.9974,14.9810,7.8083,2.2819,0.0012,0.0000,0.0000,0.0000
4,hasta_001,1780004375.847,2026-05-29 00:39:35,1722,NORMAL,60.8,55.4878,11.9727,129.0089,18.1755,0.5531,54.1185,36.0304,55.1816,20.2468,1.9792,14.9810,7.8083,2.2427,0.0012,0.0000,0.0000,0.0000
4,hasta_001,1780004375.898,2026-05-29 00:39:35,1723,NORMAL,60.8,55.5648,10.3252,137.3188,18.2177,0.5791,54.2303,35.8439,56.1157,20.1994,1.9591,14.9810,7.8083,2.2043,0.0011,0.0000,0.0000,0.0000
4,hasta_001,1780004375.953,2026-05-29 00:39:35,1724,NORMAL,60.8,55.6762,8.4658,147.2057,18.2441,0.5927,54.3319,35.6322,57.1351,20.1524,1.9376,14.9810,7.8083,2.1661,0.0011,0.0000,0.0000,0.0000
4,hasta_001,1780004376.006,2026-05-29 00:39:36,1725,NORMAL,60.8,55.7515,6.6045,157.6337,18.2767,0.6010,54.4184,35.3965,58.2312,20.1056,1.9143,14.9810,7.8083,2.1278,0.0010,0.0000,0.0000,0.0000
4,hasta_001,1780004376.045,2026-05-29 00:39:36,1726,NORMAL,60.8,55.8262,5.1496,166.2190,18.3097,0.6103,54.4882,35.1390,59.3886,20.0594,1.8902,14.9810,7.8083,2.0884,0.0009,0.0000,0.0000,0.0000
4,hasta_001,1780004376.107,2026-05-29 00:39:36,1727,NORMAL,60.8,55.9807,3.1790,178.5054,18.3216,0.6167,54.5418,34.8561,60.6372,20.0146,1.8669,14.9810,7.8083,2.0487,0.0008,0.0000,0.0000,0.0000
4,hasta_001,1780004376.180,2026-05-29 00:39:36,1728,NORMAL,60.8,56.1284,2.2685,184.4614,18.3447,0.6122,54.5852,34.5595,61.9294,19.9721,1.8463,14.9810,7.8083,2.0114,0.0007,0.0000,0.0000,0.0000
4,hasta_001,1780004376.216,2026-05-29 00:39:36,1729,NORMAL,60.8,56.2255,2.5542,182.6187,18.3645,0.6073,54.6251,34.2587,63.2146,19.9316,1.8278,14.9810,7.8083,1.9755,0.0006,0.0000,0.0000,0.0000
4,hasta_001,1780004376.279,2026-05-29 00:39:36,1730,NORMAL,60.8,56.3738,3.4864,176.7030,18.3935,0.5993,54.6626,33.9551,64.4699,19.8930,1.8108,14.9810,7.8083,1.9406,0.0005,0.0000,0.0000,0.0000
4,hasta_001,1780004376.330,2026-05-29 00:39:36,1731,NORMAL,60.8,56.5144,4.4359,170.8885,18.4038,0.5901,54.6991,33.6478,65.7012,19.8563,1.7959,14.9810,7.8083,1.9063,0.0005,0.0000,0.0000,0.0000
4,hasta_001,1780004376.377,2026-05-29 00:39:36,1732,NORMAL,60.8,56.6469,5.5235,164.4623,18.3915,0.5849,54.7351,33.3393,66.8998,19.8213,1.7831,14.9810,7.8083,1.8717,0.0004,0.0000,0.0000,0.0000
4,hasta_001,1780004376.426,2026-05-29 00:39:36,1733,NORMAL,60.8,56.7857,6.7388,157.5671,18.3704,0.5741,54.7709,33.0330,68.0567,19.7877,1.7721,14.9810,7.8083,1.8369,0.0003,0.0000,0.0000,0.0000
4,hasta_001,1780004376.470,2026-05-29 00:39:36,1734,NORMAL,60.8,56.9129,7.8589,151.4669,18.3565,0.5596,54.8058,32.7303,69.1719,19.7556,1.7628,14.9810,7.8083,1.8016,0.0003,0.0000,0.0000,0.0000
4,hasta_001,1780004376.519,2026-05-29 00:39:36,1735,NORMAL,60.8,57.0368,9.0022,145.4733,18.3604,0.5435,54.8399,32.4304,70.2487,19.7253,1.7553,14.9810,7.8083,1.7662,0.0002,0.0000,0.0000,0.0000
4,hasta_001,1780004376.587,2026-05-29 00:39:36,1736,NORMAL,60.8,57.1758,10.2232,139.3274,18.4031,0.5289,54.8725,32.1339,71.2843,19.6971,1.7491,14.9810,7.8083,1.7315,0.0002,0.0000,0.0000,0.0000
4,hasta_001,1780004376.647,2026-05-29 00:39:36,1737,NORMAL,59.8,57.3157,11.1580,134.8190,18.4637,0.5120,54.9047,31.8412,72.2881,19.6702,1.7431,14.9810,7.8083,1.6975,0.0001,0.5000,0.0000,0.0000
4,hasta_001,1780004376.708,2026-05-29 00:39:36,1738,NORMAL,59.8,57.4160,11.9353,131.1605,18.5155,0.5061,54.9349,31.5478,73.2711,19.6443,1.7369,14.9810,7.8083,1.6661,0.0001,0.5000,0.0000,0.0000
4,hasta_001,1780004376.770,2026-05-29 00:39:36,1739,NORMAL,59.8,57.5176,12.5154,128.5169,18.6052,0.5073,54.9639,31.2535,74.2407,19.6185,1.7292,14.9810,7.8083,1.6369,0.0000,0.5000,0.0000,0.0000
4,hasta_001,1780004376.808,2026-05-29 00:39:36,1740,NORMAL,59.8,57.5879,12.6183,128.1072,18.6691,0.5094,54.9913,30.9513,75.2209,19.5915,1.7184,14.9810,7.8083,1.6110,0.0000,0.5000,0.0000,0.0000
4,hasta_001,1780004376.838,2026-05-29 00:39:36,1741,NORMAL,59.8,57.6715,12.4199,129.1216,18.7052,0.5196,55.0171,30.6376,76.2249,19.5623,1.7034,14.9810,7.8083,1.5884,0.0000,0.5000,0.0000,0.0000
4,hasta_001,1780004376.876,2026-05-29 00:39:36,1742,NORMAL,59.8,57.7759,11.8148,132.0899,18.7226,0.5377,55.0410,30.3051,77.2756,19.5300,1.6821,14.9810,7.8083,1.5703,0.0000,0.5000,0.0000,0.0000
4,hasta_001,1780004376.920,2026-05-29 00:39:36,1743,NORMAL,59.8,57.8751,10.6704,137.7322,18.7366,0.5647,55.0636,29.9480,78.3983,19.4956,1.6556,14.9810,7.8083,1.5562,0.0000,0.5000,0.0000,0.0000
4,hasta_001,1780004376.964,2026-05-29 00:39:36,1744,NORMAL,59.8,57.9949,8.9960,146.2855,18.7326,0.5921,55.0846,29.5566,79.6100,19.4592,1.6237,14.9810,7.8083,1.5459,0.0000,0.5000,0.0000,0.0000
4,hasta_001,1780004377.013,2026-05-29 00:39:37,1745,NORMAL,59.8,58.1606,6.2203,161.3533,18.7258,0.6141,55.1029,29.1210,80.9177,19.4208,1.5856,14.9810,7.8083,1.5399,0.0000,0.5000,0.0000,0.0000
4,hasta_001,1780004377.083,2026-05-29 00:39:37,1746,NORMAL,59.3,58.4384,4.4291,171.8192,18.6947,0.6297,55.1182,28.6514,82.2902,19.3806,1.5419,14.9810,7.8083,1.5363,0.0000,1.0000,0.0000,0.0000
4,hasta_001,1780004377.117,2026-05-29 00:39:37,1747,NORMAL,59.3,58.5873,4.8908,169.1810,18.6748,0.6401,55.1284,28.1701,83.6268,19.3395,1.4934,14.9810,7.8083,1.5337,0.0000,1.0000,0.0000,0.0000
4,hasta_001,1780004377.175,2026-05-29 00:39:37,1748,NORMAL,59.3,58.8222,6.4251,160.6107,18.6212,0.6594,55.1326,27.6871,84.8829,19.2980,1.4427,14.9810,7.8083,1.5318,0.0000,1.0000,0.0000,0.0000
4,hasta_001,1780004377.248,2026-05-29 00:39:37,1749,NORMAL,59.3,59.0227,9.1761,146.1801,18.6528,0.6885,55.1329,27.2161,86.0113,19.2573,1.3907,14.9810,7.8083,1.5305,0.0000,1.0000,0.0000,0.0000
4,hasta_001,1780004377.316,2026-05-29 00:39:37,1750,NORMAL,59.8,59.2106,11.8365,133.3596,18.6376,0.7150,55.1300,26.7575,87.0262,19.2173,1.3378,14.9810,7.8083,1.5291,0.0000,0.5000,0.0000,0.0000
4,hasta_001,1780004377.378,2026-05-29 00:39:37,1751,NORMAL,59.8,59.3363,14.1417,123.0154,18.6305,0.7476,55.1235,26.3094,87.9500,19.1778,1.2837,14.9810,7.8083,1.5279,0.0001,0.5000,0.0000,0.0000
4,hasta_001,1780004377.457,2026-05-29 00:39:37,1752,NORMAL,59.8,59.5475,15.6812,116.6213,18.6273,0.7911,55.1152,25.8690,88.8185,19.1387,1.2271,14.9810,7.8083,1.5275,0.0001,0.5000,0.0000,0.0000
4,hasta_001,1780004377.528,2026-05-29 00:39:37,1753,NORMAL,59.8,59.7046,16.1220,114.9533,18.6403,0.8329,55.1056,25.4296,89.6739,19.1005,1.1693,14.9810,7.8083,1.5285,0.0001,0.5000,0.0000,0.0000
4,hasta_001,1780004377.588,2026-05-29 00:39:37,1754,NORMAL,58.3,59.8730,15.7187,116.8232,18.6100,0.8799,55.0933,24.9857,90.5497,19.0634,1.1123,14.9810,7.8083,1.5310,0.0001,0.5000,0.0000,0.0000
4,hasta_001,1780004377.648,2026-05-29 00:39:37,1755,NORMAL,58.3,59.9980,14.8442,120.6639,18.5684,0.9305,55.0789,24.5365,91.4656,19.0268,1.0540,14.9810,7.8083,1.5346,0.0001,0.5000,0.0000,0.0000
4,hasta_001,1780004377.691,2026-05-29 00:39:37,1756,NORMAL,58.3,60.0637,13.7853,125.3324,18.5198,0.9665,55.0640,24.0820,92.4271,18.9905,0.9941,14.9810,7.8083,1.5384,0.0002,0.5000,0.0000,0.0000
4,hasta_001,1780004377.733,2026-05-29 00:39:37,1757,NORMAL,58.3,60.1306,12.3792,131.7104,18.4746,1.0053,55.0499,23.6203,93.4481,18.9549,0.9336,14.9810,7.8083,1.5417,0.0002,0.5000,0.0000,0.0000
4,hasta_001,1780004377.782,2026-05-29 00:39:37,1758,NORMAL,58.3,60.1964,10.5329,140.4326,18.4277,1.0567,55.0373,23.1496,94.5496,18.9200,0.8726,14.9810,7.8083,1.5428,0.0002,0.5000,0.0000,0.0000
4,hasta_001,1780004377.830,2026-05-29 00:39:37,1759,NORMAL,58.3,60.3180,8.5083,150.5520,18.3693,1.1092,55.0280,22.6668,95.7389,18.8865,0.8140,14.9810,7.8083,1.5416,0.0002,0.5000,0.0000,0.0000
4,hasta_001,1780004377.877,2026-05-29 00:39:37,1760,NORMAL,58.3,60.4989,6.4131,161.6627,18.3049,1.1560,55.0235,22.1710,97.0221,18.8549,0.7605,14.9810,7.8083,1.5372,0.0002,0.5000,0.0000,0.0000
4,hasta_001,1780004377.923,2026-05-29 00:39:37,1761,NORMAL,58.3,60.7137,4.2988,173.5508,18.2483,1.2016,55.0253,21.6625,98.4045,18.8250,0.7118,14.9810,7.8083,1.5301,0.0002,0.5000,0.0000,0.0000
4,hasta_001,1780004377.963,2026-05-29 00:39:37,1762,NORMAL,57.8,60.9215,2.8959,181.8490,18.2065,1.2389,55.0330,21.1474,99.8570,18.7965,0.6657,14.9810,7.8083,1.5207,0.0003,0.5000,0.0000,0.0000
4,hasta_001,1780004378.011,2026-05-29 00:39:38,1763,NORMAL,58.8,61.1173,2.6950,183.1067,18.1731,1.2791,55.0514,20.6459,101.3286,18.7703,0.6270,14.9810,7.8083,1.5062,0.0003,0.0000,0.0000,0.0000
4,hasta_001,1780004378.057,2026-05-29 00:39:38,1764,NORMAL,58.3,61.2847,3.1268,180.5822,18.1435,1.3261,55.0780,20.1622,102.7903,18.7452,0.5899,14.9810,7.8083,1.4884,0.0004,0.0000,0.0000,0.0000
4,hasta_001,1780004378.102,2026-05-29 00:39:38,1765,NORMAL,58.3,61.5163,3.8149,176.6425,18.1365,1.3632,55.1159,19.7040,104.2360,18.7208,0.5532,14.9810,7.8083,1.4668,0.0004,0.0000,0.0000,0.0000
4,hasta_001,1780004378.152,2026-05-29 00:39:38,1766,NORMAL,58.3,61.7565,4.6713,171.8715,18.1540,1.3933,55.1637,19.2694,105.6564,18.6978,0.5175,14.9810,7.8083,1.4426,0.0004,0.0000,0.0000,0.0000
4,hasta_001,1780004378.191,2026-05-29 00:39:38,1767,NORMAL,58.3,61.9186,5.3956,167.9376,18.1646,1.4183,55.2209,18.8576,107.0522,18.6762,0.4842,14.9810,7.8083,1.4163,0.0005,0.0000,0.0000,0.0000
4,hasta_001,1780004378.220,2026-05-29 00:39:38,1768,NORMAL,58.3,62.0455,5.9868,164.8005,18.1708,1.4390,55.2877,18.4680,108.4053,18.6558,0.4524,14.9810,7.8083,1.3877,0.0005,0.0000,0.0000,0.0000
4,hasta_001,1780004378.257,2026-05-29 00:39:38,1769,NORMAL,58.3,62.1957,6.6145,161.5492,18.1786,1.4778,55.3630,18.0983,109.7165,18.6367,0.4231,14.9810,7.8083,1.3573,0.0006,0.0000,0.0000,0.0000
4,hasta_001,1780004378.304,2026-05-29 00:39:38,1770,NORMAL,58.3,62.3764,7.0741,159.2566,18.1772,1.5237,55.4450,17.7434,110.9969,18.6187,0.3954,14.9810,7.8083,1.3260,0.0006,0.0000,0.0000,0.0000
4,hasta_001,1780004378.362,2026-05-29 00:39:38,1771,NORMAL,58.3,62.5516,7.1940,158.7414,18.1704,1.5781,55.5334,17.3990,112.2630,18.6018,0.3698,14.9810,7.8083,1.2940,0.0006,0.0000,0.0000,0.0000
4,hasta_001,1780004378.411,2026-05-29 00:39:38,1772,NORMAL,58.3,62.6995,7.0670,159.4819,18.1532,1.6237,55.6307,17.0663,113.5236,18.5859,0.3471,14.9810,7.8083,1.2615,0.0007,0.0000,0.0000,0.0000
4,hasta_001,1780004378.474,2026-05-29 00:39:38,1773,NORMAL,58.3,62.8540,6.0638,164.8057,18.1223,1.6816,55.7372,16.7375,114.8175,18.5707,0.3265,14.9810,7.8083,1.2285,0.0007,0.0000,0.0000,0.0000
4,hasta_001,1780004378.532,2026-05-29 00:39:38,1774,NORMAL,58.3,62.9969,4.4806,173.4397,18.1266,1.7365,55.8510,16.4055,116.1734,18.5563,0.3073,14.9810,7.8083,1.1957,0.0007,0.0000,0.0000,0.0000
4,hasta_001,1780004378.573,2026-05-29 00:39:38,1775,NORMAL,57.3,63.0888,3.5326,178.7898,18.1263,1.7698,55.9693,16.0718,117.5675,18.5427,0.2892,14.9810,7.8083,1.1634,0.0007,0.5000,0.0000,0.0000
4,hasta_001,1780004378.615,2026-05-29 00:39:38,1776,NORMAL,57.3,63.1852,3.7997,177.3103,18.1339,1.7976,56.0917,15.7459,118.9431,18.5297,0.2717,14.9810,7.8083,1.1317,0.0007,0.5000,0.0000,0.0000
4,hasta_001,1780004378.681,2026-05-29 00:39:38,1777,NORMAL,57.3,63.2886,4.8722,171.4075,18.1623,1.8472,56.2189,15.4355,120.2623,18.5178,0.2559,14.9810,7.8083,1.1011,0.0008,0.5000,0.0000,0.0000
4,hasta_001,1780004378.747,2026-05-29 00:39:38,1778,NORMAL,57.3,63.3493,6.3780,163.4116,18.1758,1.8882,56.3515,15.1453,121.5069,18.5076,0.2446,14.9810,7.8083,1.0719,0.0008,0.5000,0.0000,0.0000
4,hasta_001,1780004378.793,2026-05-29 00:39:38,1779,NORMAL,57.3,63.3729,7.4824,157.7593,18.1804,1.9080,56.4877,14.8699,122.6979,18.4986,0.2366,14.9810,7.8083,1.0441,0.0008,0.5000,0.0000,0.0000
4,hasta_001,1780004378.826,2026-05-29 00:39:38,1780,NORMAL,57.3,63.3702,8.1967,154.1871,18.1883,1.9267,56.6278,14.6073,123.8507,18.4914,0.2326,14.9810,7.8083,1.0184,0.0008,0.5000,0.0000,0.0000
4,hasta_001,1780004378.880,2026-05-29 00:39:38,1781,NORMAL,57.3,63.3349,9.0329,150.0725,18.1830,1.9597,56.7707,14.3567,124.9626,18.4848,0.2301,14.9810,7.8083,0.9949,0.0009,0.5000,0.0000,0.0000
4,hasta_001,1780004378.942,2026-05-29 00:39:38,1782,NORMAL,57.3,63.2734,9.4720,147.9171,18.1720,1.9895,56.9161,14.1144,126.0515,18.4789,0.2289,14.9810,7.8083,0.9737,0.0008,0.5000,0.0000,0.0000
4,hasta_001,1780004379.007,2026-05-29 00:39:39,1783,NORMAL,57.3,62.6416,9.4748,147.4473,18.1322,2.0136,57.0586,13.8758,127.1322,18.4729,0.2284,14.9810,7.8083,0.9547,0.0009,0.5000,0.0000,0.0000
4,hasta_001,1780004379.057,2026-05-29 00:39:39,1784,NORMAL,57.3,60.7579,9.2307,147.2447,18.1057,2.0243,57.1869,13.6373,128.2086,18.4669,0.2286,14.9810,7.8083,0.9374,0.0009,0.5000,0.0000,0.0000
4,hasta_001,1780004379.123,2026-05-29 00:39:39,1785,NORMAL,57.3,54.9536,8.7187,145.2277,18.0844,2.0282,57.2684,13.3968,129.2661,18.4611,0.2294,14.9810,7.8083,0.9219,0.0009,0.5000,0.0000,0.0000
4,hasta_001,1780004379.185,2026-05-29 00:39:39,1786,NORMAL,57.3,45.2629,8.1219,139.1445,18.0910,2.0215,57.2717,13.1542,130.2708,18.4560,0.2308,14.9810,7.8083,0.9094,0.0008,0.5000,0.0000,0.0000
4,hasta_001,1780004379.266,2026-05-29 00:39:39,1787,NORMAL,57.3,32.7090,7.3729,126.4218,18.0977,1.9966,57.1723,12.9069,131.1694,18.4515,0.2325,14.9810,7.8083,0.8996,0.0008,0.5000,0.0000,0.0000
4,hasta_001,1780004379.320,2026-05-29 00:39:39,1788,NORMAL,57.3,23.6626,6.8966,109.7278,18.0814,1.9733,56.9986,12.6566,131.9287,18.4473,0.2345,14.9810,7.8083,0.8924,0.0008,0.5000,0.0000,0.0000
4,hasta_001,1780004379.376,2026-05-29 00:39:39,1789,NORMAL,57.3,16.1620,6.4303,86.1504,18.0811,1.9458,56.7597,12.4035,132.4826,18.4433,0.2367,14.9810,7.8083,0.8875,0.0008,0.5000,0.0000,0.0000
4,hasta_001,1780004379.425,2026-05-29 00:39:39,1790,NORMAL,57.3,11.0259,6.1568,56.6735,18.0923,1.9191,56.4735,12.1516,132.7718,18.4392,0.2384,14.9810,7.8083,0.8846,0.0008,0.5000,0.0000,0.0000
4,hasta_001,1780004379.495,2026-05-29 00:39:39,1791,NORMAL,64.1,7.1305,5.9210,18.5344,18.0946,1.8800,56.1488,11.9116,132.6917,18.4351,0.2400,14.9810,7.8083,0.8830,0.0008,0.5000,0.0000,0.0000
4,hasta_001,1780004379.564,2026-05-29 00:39:39,1792,NORMAL,66.1,5.2596,5.9091,11.6304,18.1393,1.8432,55.7993,11.7047,132.4366,18.4313,0.2411,14.9810,7.8083,0.8833,0.0007,1.0000,0.0000,0.0000
4,hasta_001,1780004379.614,2026-05-29 00:39:39,1793,NORMAL,56.8,4.4384,5.9041,28.3445,18.1481,1.8078,55.4351,11.5575,132.1016,18.4279,0.2422,14.9810,7.8083,0.8849,0.0007,1.0000,0.0000,0.0000
4,hasta_001,1780004379.695,2026-05-29 00:39:39,1794,NORMAL,56.8,3.8218,5.9259,43.1719,18.1402,1.7453,55.0550,11.5060,131.4503,18.4245,0.2434,14.9810,7.8083,0.8883,0.0006,1.0000,0.0000,0.0000
4,hasta_001,1780004379.775,2026-05-29 00:39:39,1795,NORMAL,56.8,3.9306,5.9080,40.1971,18.1526,1.6939,54.6671,11.4726,130.6660,18.4213,0.2444,14.9810,7.8083,0.8929,0.0005,1.0000,0.0000,0.0000
4,hasta_001,1780004379.832,2026-05-29 00:39:39,1796,NORMAL,56.8,4.2386,5.9360,33.3652,18.1578,1.6581,54.2736,11.4093,129.9716,18.4186,0.2455,14.9810,7.8083,0.8994,0.0005,1.0000,0.0000,0.0000
4,hasta_001,1780004379.869,2026-05-29 00:39:39,1797,NORMAL,56.8,4.5572,5.9280,26.1480,18.1582,1.6357,53.8748,11.3059,129.3868,18.4166,0.2466,14.9810,7.8083,0.9079,0.0004,1.0000,0.0000,0.0000
4,hasta_001,1780004379.902,2026-05-29 00:39:39,1798,NORMAL,62.6,4.8645,5.8950,19.1556,18.1620,1.6200,53.4744,11.1692,128.8680,18.4148,0.2477,14.9810,7.8083,0.9170,0.0003,1.0000,0.0000,0.0000
4,hasta_001,1780004379.955,2026-05-29 00:39:39,1799,NORMAL,66.1,5.3239,5.9518,11.1379,18.1690,1.5980,53.0728,10.9890,128.4277,18.4131,0.2487,14.9810,7.8083,0.9266,0.0003,1.0000,0.0000,0.0000
4,hasta_001,1780004380.005,2026-05-29 00:39:40,1800,NORMAL,66.6,5.8161,5.9402,2.1111,18.1887,1.5795,52.6720,10.7752,128.0100,18.4116,0.2495,14.9810,7.8083,0.9362,0.0002,1.0000,0.0000,0.0000
4,hasta_001,1780004380.086,2026-05-29 00:39:40,1801,NORMAL,66.1,6.3991,5.9245,7.7037,18.2554,1.5548,52.2722,10.5340,127.7101,18.4108,0.2498,14.9810,7.8083,0.9456,0.0001,1.0000,0.0000,0.0000
4,hasta_001,1780004380.137,2026-05-29 00:39:40,1802,NORMAL,65.4,6.7172,5.8631,13.5781,18.2909,1.5400,51.8723,10.2794,127.4889,18.4102,0.2500,14.9810,7.8083,0.9549,0.0000,1.0000,0.0000,0.0000
4,hasta_001,1780004380.190,2026-05-29 00:39:40,1803,NORMAL,63.7,6.9527,5.8627,17.0114,18.3666,1.5276,51.4712,10.0169,127.3109,18.4102,0.2500,14.9810,7.8083,0.9638,0.0000,1.0000,0.0000,0.0000
4,hasta_001,1780004380.249,2026-05-29 00:39:40,1804,NORMAL,58.3,7.1272,5.6648,22.8643,18.4354,1.5155,51.0686,9.7499,127.1842,18.4108,0.2500,14.9810,7.8083,0.9724,0.0001,1.0000,0.0000,0.0000
4,hasta_001,1780004380.317,2026-05-29 00:39:40,1805,NORMAL,56.8,7.2749,5.3974,29.6312,18.5296,1.4880,50.6649,9.4800,127.1114,18.4125,0.2501,14.9810,7.8083,0.9804,0.0002,1.0000,0.0000,0.0000
4,hasta_001,1780004380.369,2026-05-29 00:39:40,1806,NORMAL,56.8,7.3562,5.1221,35.8077,18.6295,1.4197,50.2600,9.2116,127.0772,18.4152,0.2507,14.9810,7.8083,0.9875,0.0003,1.0000,0.0000,0.0000
4,hasta_001,1780004380.410,2026-05-29 00:39:40,1807,NORMAL,56.8,7.3550,4.9503,39.0836,18.7071,1.3137,49.8529,8.9470,127.0530,18.4181,0.2520,14.9810,7.8083,0.9934,0.0003,1.0000,0.0000,0.0000
4,hasta_001,1780004380.443,2026-05-29 00:39:40,1808,NORMAL,57.8,7.2603,4.8255,40.2928,18.8189,1.1769,49.4437,8.6902,127.0136,18.4215,0.2546,14.9810,7.8083,0.9980,0.0004,1.0000,0.0000,0.0000
4,hasta_001,1780004380.493,2026-05-29 00:39:40,1809,NORMAL,57.8,7.0652,4.5949,42.3719,19.0463,0.8946,49.0313,8.4438,126.9552,18.4264,0.2609,14.9810,7.8083,1.0001,0.0004,1.0000,0.0000,0.0000
4,hasta_001,1780004380.537,2026-05-29 00:39:40,1810,NORMAL,59.3,6.5941,4.5298,37.1155,19.2540,0.8317,48.6132,8.2135,126.8034,18.4323,0.2713,14.9810,7.8083,1.0016,0.0005,1.0000,0.0000,0.0000
4,hasta_001,1780004380.584,2026-05-29 00:39:40,1811,NORMAL,57.8,5.9742,4.3590,31.2618,19.4363,0.9724,48.1875,8.0098,126.5154,18.4393,0.2859,14.9810,7.8083,1.0042,0.0005,1.0000,0.0000,0.0000
4,hasta_001,1780004380.631,2026-05-29 00:39:40,1812,NORMAL,59.8,5.1680,4.1408,22.0698,19.6498,1.2569,47.7529,7.8338,126.0524,18.4477,0.3058,14.9810,7.8083,1.0091,0.0005,1.0000,0.0000,0.0000
4,hasta_001,1780004380.701,2026-05-29 00:39:40,1813,NORMAL,66.6,3.8358,3.9571,3.1131,20.0226,1.8552,47.3048,7.6875,125.3180,18.4589,0.3371,14.9810,7.8083,1.0191,0.0005,1.0000,0.0000,0.0000
4,hasta_001,1780004380.781,2026-05-29 00:39:40,1814,NORMAL,56.0,2.0030,3.6473,58.2012,20.4893,2.6452,46.8392,7.5670,124.9307,18.4739,0.3838,14.9810,7.8083,1.0357,0.0005,1.0000,0.0000,0.0000
4,hasta_001,1780004380.852,2026-05-29 00:39:40,1815,NORMAL,56.0,1.9782,3.2564,48.8381,21.1037,3.4436,46.3717,7.4686,124.3576,18.4939,0.4518,14.9810,7.8083,1.0591,0.0005,1.0000,0.0000,0.0000
4,hasta_001,1780004380.914,2026-05-29 00:39:40,1816,NORMAL,65.7,2.4784,2.9365,16.9196,21.9889,4.2343,45.9066,7.3982,123.3768,18.5212,0.5520,14.9810,7.8083,1.0893,0.0004,0.5000,0.0000,0.0000
4,hasta_001,1780004380.979,2026-05-29 00:39:40,1817,NORMAL,67.5,2.8749,2.6213,9.2265,23.5199,5.1325,45.4438,7.3496,122.2082,18.5611,0.7149,14.9810,7.8083,1.1272,0.0004,0.5000,0.0000,0.0000
4,hasta_001,1780004381.038,2026-05-29 00:39:41,1818,NORMAL,56.4,3.0928,2.3097,28.9912,26.0249,6.0151,44.9824,7.3146,121.1173,18.6215,0.9855,14.9810,7.8083,1.1728,0.0004,0.5000,0.0000,0.0000
4,hasta_001,1780004381.096,2026-05-29 00:39:41,1819,NORMAL,54.4,3.2496,1.9356,50.6819,29.7692,6.9346,44.5217,7.2932,120.1108,18.7127,1.4136,18.6961,5.0890,1.2264,0.0003,0.5000,0.0000,0.0000
4,hasta_001,1780004381.142,2026-05-29 00:39:41,1820,NORMAL,54.4,3.2588,1.7555,59.9609,33.7201,7.7138,44.0611,7.2788,119.1310,18.8365,1.9646,18.6961,5.0890,1.2869,0.0003,0.5000,0.0000,0.0000
4,hasta_001,1780004381.189,2026-05-29 00:39:41,1821,NORMAL,54.9,3.1347,1.5357,68.4752,39.4059,8.5358,43.5989,7.2673,118.1933,19.0073,2.7122,18.6961,5.0890,1.3546,0.0003,0.5000,0.0000,0.0000
4,hasta_001,1780004381.235,2026-05-29 00:39:41,1822,NORMAL,53.9,2.9744,1.3799,73.2376,43.7542,9.3705,43.1349,7.2558,117.2865,19.2143,3.5237,18.6961,5.0890,1.4295,0.0003,0.5000,0.0000,0.0000
4,hasta_001,1780004381.283,2026-05-29 00:39:41,1823,NORMAL,52.9,2.7981,1.2325,77.6865,47.6330,10.2379,42.6689,7.2428,116.4185,19.4536,4.3691,18.6961,5.0890,1.5119,0.0002,0.5000,0.0000,0.0000
4,hasta_001,1780004381.325,2026-05-29 00:39:41,1824,NORMAL,53.9,2.6770,1.0565,86.8057,50.3578,10.9670,42.2018,7.2263,115.6394,19.7159,5.1939,18.6961,5.0890,1.6005,0.0002,0.5000,0.0000,0.0000
4,hasta_001,1780004381.378,2026-05-29 00:39:41,1825,NORMAL,53.4,2.5474,0.9422,91.9983,52.9252,11.7497,41.7341,7.2052,114.9258,20.0002,6.0066,18.6961,5.0890,1.6959,0.0001,0.5000,0.0000,0.0000
4,hasta_001,1780004381.414,2026-05-29 00:39:41,1826,NORMAL,53.4,2.5163,0.8863,95.8072,54.4827,12.2814,41.2675,7.1775,114.2810,20.2979,6.7739,18.6961,5.0890,1.7958,0.0001,0.5000,0.0000,0.0000
4,hasta_001,1780004381.471,2026-05-29 00:39:41,1827,NORMAL,53.9,2.5112,0.8997,94.4924,56.6438,12.9279,40.8034,7.1428,113.6687,20.6135,7.5350,18.6961,5.0890,1.9015,0.0000,0.5000,0.0000,0.0000
4,hasta_001,1780004381.509,2026-05-29 00:39:41,1828,NORMAL,53.7,2.4435,0.8738,94.6405,57.7861,13.3180,40.3420,7.0995,113.1072,20.9388,8.2557,18.6961,5.0890,2.0108,0.0000,0.5000,0.0000,0.0000
4,hasta_001,1780004381.564,2026-05-29 00:39:41,1829,NORMAL,53.7,2.2341,0.8747,87.4515,58.8529,13.7111,39.8820,7.0481,112.5335,21.2727,8.9434,18.6961,5.0890,2.1237,0.0001,0.5000,0.0000,0.0000
4,hasta_001,1780004381.639,2026-05-29 00:39:41,1830,NORMAL,53.7,1.8277,0.8834,69.6585,59.8729,14.0572,39.4215,6.9891,111.8554,21.6150,9.6038,18.6961,5.0890,2.2396,0.0001,0.5000,0.0000,0.0000
4,hasta_001,1780004381.673,2026-05-29 00:39:41,1831,NORMAL,53.7,1.4368,0.8842,47.6177,60.4857,14.1560,38.9604,6.9233,111.0322,21.9627,10.2291,18.6961,5.0890,2.3563,0.0001,0.5000,0.0000,0.0000
4,hasta_001,1780004381.729,2026-05-29 00:39:41,1832,NORMAL,61.2,1.1100,1.0253,7.9338,61.1275,14.2306,38.4994,6.8510,109.9204,22.3165,10.8260,18.6961,5.0890,2.4735,0.0002,0.5000,0.0000,0.0000
4,hasta_001,1780004381.774,2026-05-29 00:39:41,1833,NORMAL,61.2,1.2092,1.1697,3.3186,61.3193,14.2280,38.0413,6.7723,108.8114,22.6723,11.3859,18.6961,5.0890,2.5905,0.0002,0.5000,0.0000,0.0000
4,hasta_001,1780004381.818,2026-05-29 00:39:41,1834,NORMAL,60.9,1.5729,1.4064,11.1793,61.0550,14.1671,37.5881,6.6854,107.8195,23.0264,11.9017,18.6961,5.0890,2.7067,0.0002,0.5000,0.0000,0.0000
4,hasta_001,1780004381.866,2026-05-29 00:39:41,1835,NORMAL,60.7,1.9748,1.8097,8.7251,60.4098,14.0478,37.1396,6.5946,106.8440,23.3755,12.3695,18.6961,5.0890,2.8217,0.0002,0.5000,0.0000,0.0000
4,hasta_001,1780004381.905,2026-05-29 00:39:41,1836,NORMAL,60.7,2.4305,2.3680,2.6045,59.7298,13.8869,36.6961,6.5019,105.8492,23.7193,12.7945,18.6961,5.0890,2.9351,0.0002,0.5000,0.0000,0.0000
4,hasta_001,1780004381.974,2026-05-29 00:39:41,1837,NORMAL,60.7,3.1665,3.2738,3.3338,58.1459,13.5322,36.2596,6.4125,104.8815,24.0505,13.1617,18.6961,5.0890,3.0452,0.0002,0.5000,0.0000,0.0000
4,hasta_001,1780004382.013,2026-05-29 00:39:42,1838,NORMAL,60.2,3.8093,3.9302,3.1235,56.7120,13.2609,35.8293,6.3243,103.9327,24.3706,13.4812,18.6961,5.0890,3.1526,0.0002,0.5000,0.0000,0.0000
4,hasta_001,1780004382.050,2026-05-29 00:39:42,1839,NORMAL,58.2,4.5006,4.5232,0.4988,54.9566,12.9443,35.4052,6.2402,102.9658,24.6768,13.7524,18.6961,5.0890,3.2570,0.0002,0.5000,0.0000,0.0000
4,hasta_001,1780004382.093,2026-05-29 00:39:42,1840,NORMAL,58.2,5.3606,5.1800,3.4270,52.7427,12.5237,34.9883,6.1647,102.0095,24.9650,13.9734,18.6961,5.0890,3.3575,0.0002,0.5000,0.0000,0.0000
4,hasta_001,1780004382.137,2026-05-29 00:39:42,1841,NORMAL,58.7,6.4281,5.8509,9.4019,50.7114,12.0713,34.5800,6.1036,101.0617,25.2363,14.1534,18.6961,5.0890,3.4537,0.0002,0.5000,0.0000,0.0000
4,hasta_001,1780004382.189,2026-05-29 00:39:42,1842,NORMAL,57.2,7.6656,6.5625,15.5070,48.5385,11.5449,34.1815,6.0585,100.1159,25.4893,14.2956,18.6961,5.0890,3.5453,0.0002,0.5000,0.0000,0.0000
4,hasta_001,1780004382.250,2026-05-29 00:39:42,1843,NORMAL,54.8,8.8940,7.1829,21.2861,46.7692,10.9992,33.7925,6.0323,99.1490,25.7273,14.4098,18.6961,5.0890,3.6322,0.0002,0.5000,0.0000,0.0000
4,hasta_001,1780004382.291,2026-05-29 00:39:42,1844,NORMAL,52.4,9.7792,7.4007,27.6895,45.8462,10.6418,33.4101,6.0234,98.1530,25.9573,14.5084,18.6961,5.0890,3.7159,0.0002,0.5000,0.0000,0.0000
4,hasta_001,1780004382.348,2026-05-29 00:39:42,1845,NORMAL,52.4,10.9162,7.5571,36.3679,44.5678,10.2762,33.0364,6.0314,97.1424,26.1764,14.5891,18.6961,5.0890,3.7965,0.0002,0.5000,0.0000,0.0000
4,hasta_001,1780004382.406,2026-05-29 00:39:42,1846,NORMAL,52.9,12.0006,7.5638,45.3556,42.8686,9.9680,32.6712,6.0515,96.1352,26.3810,14.6494,18.6961,5.0890,3.8745,0.0002,0.5000,0.0000,0.0000
4,hasta_001,1780004382.476,2026-05-29 00:39:42,1847,NORMAL,53.9,13.2913,7.4355,56.5051,40.8213,9.5009,32.3155,6.0870,95.1186,26.5685,14.6890,18.6961,5.0890,3.9485,0.0002,0.5000,0.0000,0.0000
4,hasta_001,1780004382.522,2026-05-29 00:39:42,1848,NORMAL,54.9,14.4210,7.3994,64.3580,39.0717,8.9777,31.9679,6.1297,94.1177,26.7412,14.7131,18.6961,5.0890,4.0183,0.0002,0.5000,0.0000,0.0000
4,hasta_001,1780004382.570,2026-05-29 00:39:42,1849,NORMAL,54.4,15.7145,7.4376,71.5000,36.9561,8.2190,31.6303,6.1704,93.1917,26.8962,14.7220,18.6961,5.0890,4.0817,0.0002,0.5000,0.0000,0.0000
4,hasta_001,1780004382.625,2026-05-29 00:39:42,1850,NORMAL,54.4,17.1604,7.6495,76.6705,34.7176,7.1331,31.3036,6.2051,92.3581,27.0322,14.7182,18.6961,5.0890,4.1361,0.0002,0.5000,0.0000,0.0000
4,hasta_001,1780004382.683,2026-05-29 00:39:42,1851,NORMAL,56.4,18.6336,7.8577,81.3543,32.3303,5.7557,30.9879,6.2336,91.6120,27.1483,14.7046,18.6961,5.0890,4.1792,0.0002,0.5000,0.0000,0.0000
4,hasta_001,1780004382.728,2026-05-29 00:39:42,1852,NORMAL,56.5,19.7531,8.0838,83.8399,30.3961,4.5334,30.6804,6.2550,90.9402,27.2483,14.6855,18.6961,5.0890,4.2121,0.0002,0.5000,0.0000,0.0000
4,hasta_001,1780004382.775,2026-05-29 00:39:42,1853,NORMAL,56.5,20.8483,8.3224,85.8801,28.5738,3.3273,30.3810,6.2681,90.3428,27.3333,14.6634,18.6961,5.0890,4.2350,0.0002,0.5000,0.0000,0.0000
4,hasta_001,1780004382.845,2026-05-29 00:39:42,1854,NORMAL,56.5,22.0524,8.7210,86.6424,26.4613,2.8934,30.0904,6.2753,89.8026,27.4009,14.6406,18.6961,5.0890,4.2545,0.0002,0.5000,0.0000,0.0000
4,hasta_001,1780004382.903,2026-05-29 00:39:42,1855,NORMAL,56.5,22.9482,9.1058,86.3689,25.0081,3.2255,29.8064,6.2762,89.3100,27.4563,14.6188,18.6961,5.0890,4.2768,0.0002,0.5000,0.0000,0.0000
4,hasta_001,1780004382.947,2026-05-29 00:39:42,1856,NORMAL,56.5,23.6039,9.4726,85.4467,23.7696,3.7741,29.5266,6.2699,88.8610,27.5010,14.5992,18.6961,5.0890,4.3039,0.0002,0.5000,0.0000,0.0000
4,hasta_001,1780004382.990,2026-05-29 00:39:42,1857,NORMAL,57.5,24.3090,9.8919,84.3082,22.7925,4.4797,29.2516,6.2594,88.4401,27.5371,14.5822,18.6961,5.0890,4.3369,0.0002,0.0000,0.0000,0.0000
4,hasta_001,1780004383.058,2026-05-29 00:39:43,1858,NORMAL,56.9,25.2021,10.3792,83.3183,22.0123,5.7513,28.9831,6.2464,88.0414,27.5662,14.5676,18.6961,5.0890,4.3806,0.0002,0.0000,0.0000,0.0000
4,hasta_001,1780004383.096,2026-05-29 00:39:43,1859,NORMAL,54.9,25.6109,10.5463,83.3280,23.4807,6.6286,28.7172,6.2300,87.6648,27.6068,14.5494,18.6961,5.0890,4.4317,0.0002,0.0000,0.0000,0.0000
4,hasta_001,1780004383.160,2026-05-29 00:39:43,1860,NORMAL,54.4,26.1050,10.6372,84.1962,27.3210,8.0955,28.4549,6.2135,87.2989,27.6789,14.5263,18.6961,5.0890,4.4949,0.0002,0.0000,0.0000,0.0000
4,hasta_001,1780004383.234,2026-05-29 00:39:43,1861,NORMAL,52.9,26.4599,10.5116,86.2732,33.8807,9.5718,28.1948,6.1976,86.9418,27.8054,14.5137,18.6961,5.0890,4.5703,0.0002,0.0000,0.0000,0.0000
4,hasta_001,1780004383.287,2026-05-29 00:39:43,1862,NORMAL,52.9,26.6264,10.3488,88.0457,39.6147,10.6228,27.9352,6.1854,86.5748,27.9795,14.5290,18.6961,5.0890,4.6544,0.0002,0.0000,0.0000,0.0000
4,hasta_001,1780004383.356,2026-05-29 00:39:43,1863,NORMAL,53.9,26.7804,10.0224,91.0688,49.0732,11.8218,27.6761,6.1800,86.1859,28.2323,14.6295,18.6961,5.0890,4.7482,0.0002,0.0000,0.0000,0.0000
4,hasta_001,1780004383.409,2026-05-29 00:39:43,1864,NORMAL,50.9,26.9062,9.7675,93.4655,55.6374,12.6781,27.4170,6.1864,85.7458,28.5398,14.8134,18.6961,5.0890,4.8489,0.0001,0.0000,0.0000,0.0000
4,hasta_001,1780004383.454,2026-05-29 00:39:43,1865,NORMAL,50.7,27.0226,9.6046,95.1098,60.3093,13.3476,27.1575,6.2146,85.1937,28.8864,15.0640,18.6961,5.0890,4.9550,0.0001,0.0000,0.0000,0.0000
4,hasta_001,1780004383.500,2026-05-29 00:39:43,1866,NORMAL,51.2,27.1338,9.5326,96.0075,63.1894,13.9386,26.8966,6.2571,84.5620,29.2572,15.3534,18.6961,5.0890,5.0659,0.0001,0.0000,0.0000,0.0000
4,hasta_001,1780004383.559,2026-05-29 00:39:43,1867,NORMAL,51.7,27.2672,9.5080,96.5823,64.6359,14.4941,26.6356,6.2956,83.9570,29.6402,15.6549,18.6961,5.0890,5.1813,0.0001,0.0000,0.0000,0.0000
4,hasta_001,1780004383.611,2026-05-29 00:39:43,1868,NORMAL,51.7,27.3751,9.6669,95.6112,63.8161,14.8690,26.3736,6.3226,83.4153,30.0168,15.9266,18.6961,5.0890,5.2998,0.0001,0.0000,0.0000,0.0000
4,hasta_001,1780004383.645,2026-05-29 00:39:43,1869,PARKINSON RISKI,50.3,27.4714,9.8112,94.7367,62.6810,15.0350,26.1106,6.3279,82.9866,30.3837,16.1659,18.6961,5.0890,5.4193,0.0001,0.0000,0.0000,0.0000
4,hasta_001,1780004383.678,2026-05-29 00:39:43,1870,PARKINSON RISKI,50.3,27.5822,9.8908,94.4223,61.5394,15.1105,25.8471,6.3117,82.6622,30.7412,16.3752,18.6961,5.0890,5.5393,0.0001,0.0000,0.0000,0.0000
4,hasta_001,1780004383.710,2026-05-29 00:39:43,1871,PARKINSON RISKI,50.8,27.7026,9.9371,94.3974,60.1847,15.1071,25.5835,6.2767,82.4237,31.0875,16.5539,18.6961,5.0890,5.6589,0.0001,0.0000,0.0000,0.0000
4,hasta_001,1780004383.769,2026-05-29 00:39:43,1872,PARKINSON RISKI,50.9,27.8605,9.8086,95.8449,57.5960,14.9992,25.3194,6.2277,82.2505,31.4122,16.6879,18.6961,5.0890,5.7773,0.0001,0.0000,0.0000,0.0000
4,hasta_001,1780004383.833,2026-05-29 00:39:43,1873,PARKINSON RISKI,51.1,28.0205,9.4540,99.0884,54.8262,14.7844,25.0554,6.1722,82.1183,31.7138,16.7811,18.6961,5.0890,5.8936,0.0001,0.0000,0.0000,0.0000
4,hasta_001,1780004383.887,2026-05-29 00:39:43,1874,PARKINSON RISKI,52.6,28.1953,8.9485,103.6336,52.5271,14.5426,24.7914,6.1158,82.0084,31.9964,16.8435,18.6961,5.0890,6.0075,0.0001,0.0000,0.0000,0.0000
4,hasta_001,1780004383.949,2026-05-29 00:39:43,1875,PARKINSON RISKI,52.6,28.4007,8.2138,110.2674,50.2108,14.3330,24.5281,6.0605,81.9218,32.2601,16.8789,18.6961,5.0890,6.1191,0.0001,0.0000,0.0000,0.0000
4,hasta_001,1780004384.016,2026-05-29 00:39:44,1876,PARKINSON RISKI,52.6,28.5368,7.3415,118.1506,48.1142,14.1534,24.2654,6.0068,81.8619,32.5067,16.8925,18.6961,5.0890,6.2290,0.0001,0.0000,0.0000,0.0000
4,hasta_001,1780004384.068,2026-05-29 00:39:44,1877,PARKINSON RISKI,53.6,28.6254,6.5950,125.1005,46.5419,14.0235,24.0028,5.9586,81.8068,32.7406,16.8909,18.6961,5.0890,6.3375,0.0001,0.0000,0.0000,0.0000
4,hasta_001,1780004384.137,2026-05-29 00:39:44,1878,PARKINSON RISKI,55.1,28.5858,5.7114,133.3896,44.6396,13.6498,23.7394,5.9184,81.7482,32.9591,16.8739,18.6961,5.0890,6.4425,0.0001,0.0000,0.0000,0.0000
4,hasta_001,1780004384.199,2026-05-29 00:39:44,1879,PARKINSON RISKI,55.6,28.3342,5.0039,139.9624,43.0418,13.0955,23.4729,5.8892,81.6599,33.1647,16.8452,18.6961,5.0890,6.5424,0.0001,0.0000,0.0000,0.0000
4,hasta_001,1780004384.276,2026-05-29 00:39:44,1880,PARKINSON RISKI,55.6,27.8282,4.3699,145.7123,41.2771,12.0007,23.2006,5.8722,81.5270,33.3561,16.8057,18.6961,5.0890,6.6327,0.0002,0.0000,0.0000,0.0000
4,hasta_001,1780004384.308,2026-05-29 00:39:44,1881,PARKINSON RISKI,57.1,27.4606,4.1039,147.9940,40.0189,11.3330,22.9235,5.8706,81.3140,33.5375,16.7591,18.6961,5.0890,6.7172,0.0002,0.0000,0.0000,0.0000
4,hasta_001,1780004384.359,2026-05-29 00:39:44,1882,PARKINSON RISKI,57.1,26.6197,3.7145,151.0190,37.5556,9.9106,22.6376,5.8774,81.0571,33.6988,16.7038,18.6961,5.0890,6.7894,0.0002,0.5000,0.0000,0.0000
4,hasta_001,1780004384.432,2026-05-29 00:39:44,1883,PARKINSON RISKI,55.6,25.5492,3.3540,153.5830,34.2569,8.1213,22.3412,5.8829,80.8111,33.8328,16.6431,18.6961,5.0890,6.8464,0.0001,0.5000,0.0000,0.0000
4,hasta_001,1780004384.502,2026-05-29 00:39:44,1884,PARKINSON RISKI,56.1,24.6660,3.1693,154.4567,31.4743,6.4492,22.0361,5.8832,80.5934,33.9439,16.5824,18.6961,5.0890,6.8891,0.0001,0.5000,0.0000,0.0000
4,hasta_001,1780004384.566,2026-05-29 00:39:44,1885,PARKINSON RISKI,52.1,23.8344,2.8855,156.8037,29.0771,4.8922,21.7221,5.8755,80.4280,34.0351,16.5252,18.6961,5.0890,6.9185,0.0001,0.5000,0.0000,0.0000
4,hasta_001,1780004384.624,2026-05-29 00:39:44,1886,PARKINSON RISKI,51.4,22.9830,2.4522,161.4363,26.8414,3.6194,21.3990,5.8570,80.3411,34.1075,16.4744,18.6961,5.0890,6.9371,0.0001,0.5000,0.0000,0.0000
4,hasta_001,1780004384.686,2026-05-29 00:39:44,1887,PARKINSON RISKI,51.4,22.1942,1.8049,169.9168,24.8178,2.5462,21.0679,5.8271,80.3576,34.1629,16.4318,18.6961,5.0890,6.9465,0.0001,0.5000,0.0000,0.0000
4,hasta_001,1780004384.753,2026-05-29 00:39:44,1888,PARKINSON RISKI,51.4,21.5857,1.1364,179.9956,22.9759,2.2317,20.7308,5.7867,80.4842,34.2029,16.3986,18.6961,5.0890,6.9531,0.0001,0.0000,0.0000,0.0000
4,hasta_001,1780004384.805,2026-05-29 00:39:44,1889,PARKINSON RISKI,51.4,21.0419,1.1260,179.6821,21.9041,2.3155,20.3878,5.7409,80.6353,34.2340,16.3717,18.0393,5.0602,6.9601,0.0001,0.0000,0.0000,0.0000
4,hasta_001,1780004384.854,2026-05-29 00:39:44,1890,PARKINSON RISKI,51.9,20.5692,1.3499,175.3665,20.2674,2.5705,20.0394,5.6932,80.7695,34.2514,16.3557,18.0393,5.0602,6.9688,0.0001,0.0000,0.0000,0.0000
4,hasta_001,1780004384.917,2026-05-29 00:39:44,1891,PARKINSON RISKI,52.9,20.0841,2.0047,163.6979,18.3758,3.0619,19.6855,5.6500,80.8109,34.2531,16.3541,18.0393,5.0602,6.9812,0.0001,0.0000,0.0000,0.0000
4,hasta_001,1780004384.979,2026-05-29 00:39:44,1892,PARKINSON RISKI,53.4,19.7068,2.8749,149.0763,17.4229,3.7002,19.3272,5.6150,80.7241,34.2470,16.3602,18.0393,5.0602,6.9985,0.0001,0.0000,0.0000,0.0000
4,hasta_001,1780004385.015,2026-05-29 00:39:45,1893,PARKINSON RISKI,54.3,19.5184,3.6598,136.8413,17.1800,4.1794,18.9661,5.5950,80.4911,34.2392,16.3682,18.0393,5.0602,7.0193,0.0001,0.0000,0.0000,0.0000
4,hasta_001,1780004385.065,2026-05-29 00:39:45,1894,PARKINSON RISKI,54.9,19.2611,4.8490,119.5520,17.3923,4.8352,18.6016,5.5981,80.0420,34.2331,16.3743,18.0393,5.0602,7.0451,0.0002,0.0000,0.0000,0.0000
4,hasta_001,1780004385.111,2026-05-29 00:39:45,1895,PARKINSON RISKI,57.0,19.1565,6.0954,103.4460,18.3408,5.3696,18.2355,5.6194,79.4142,34.2348,16.3726,18.0393,5.0602,7.0751,0.0002,0.0000,0.0000,0.0000
4,hasta_001,1780004385.163,2026-05-29 00:39:45,1896,PARKINSON RISKI,57.0,19.1551,7.5082,87.3631,19.6614,5.9095,17.8686,5.6503,78.6646,34.2476,16.3606,18.0393,5.0602,7.1094,0.0002,0.0000,0.0000,0.0000
4,hasta_001,1780004385.200,2026-05-29 00:39:45,1897,PARKINSON RISKI,58.0,19.1555,8.4649,77.4110,21.2090,6.3114,17.5009,5.6803,77.8813,34.2730,16.3380,18.0393,5.0602,7.1466,0.0002,0.0000,0.0000,0.0000
4,hasta_001,1780004385.236,2026-05-29 00:39:45,1898,PARKINSON RISKI,62.5,19.1623,9.3020,69.2822,23.1524,6.6719,17.1326,5.7046,77.0969,34.3144,16.3034,18.0393,5.0602,7.1864,0.0002,0.0000,0.0000,0.0000
4,hasta_001,1780004385.289,2026-05-29 00:39:45,1899,PARKINSON RISKI,62.5,19.2286,10.3568,59.9739,26.2696,7.0791,16.7648,5.7286,76.2820,34.3818,16.2532,18.0393,5.0602,7.2295,0.0002,0.0000,0.0000,0.0000
4,hasta_001,1780004385.352,2026-05-29 00:39:45,1900,PARKINSON RISKI,62.5,19.4272,11.4033,52.0515,29.7142,7.3823,16.3986,5.7553,75.4309,34.4779,16.1911,18.0393,5.0602,7.2750,0.0003,0.0000,0.0000,0.0000
4,hasta_001,1780004385.386,2026-05-29 00:39:45,1901,PARKINSON RISKI,62.5,19.5402,12.0545,47.3861,31.9210,7.4944,16.0336,5.7805,74.5752,34.5924,16.1239,18.0393,5.0602,7.3211,0.0003,0.0000,0.0000,0.0000
4,hasta_001,1780004385.438,2026-05-29 00:39:45,1902,PARKINSON RISKI,62.5,19.7507,12.8551,42.2970,34.4222,7.5653,15.6709,5.8087,73.6950,34.7278,16.0535,18.0393,5.0602,7.3676,0.0004,0.0000,0.0000,0.0000
4,hasta_001,1780004385.482,2026-05-29 00:39:45,1903,PARKINSON RISKI,62.5,19.9148,13.7896,36.3464,35.9416,7.5511,15.3149,5.8446,72.7692,34.8762,15.9816,18.0393,5.0602,7.4137,0.0004,0.0000,0.0000,0.0000
4,hasta_001,1780004385.534,2026-05-29 00:39:45,1904,PARKINSON RISKI,62.5,20.1080,15.5314,25.6826,37.0067,7.4791,14.9761,5.8971,71.7561,35.0337,15.9085,18.0393,5.0602,7.4592,0.0004,0.0000,0.0000,0.0000
4,hasta_001,1780004385.576,2026-05-29 00:39:45,1905,PARKINSON RISKI,62.5,20.3235,16.4758,20.9118,37.4715,7.3437,14.6875,5.9618,70.7202,35.1953,15.8338,18.0393,5.0602,7.5035,0.0005,0.0000,0.0000,0.0000
4,hasta_001,1780004385.630,2026-05-29 00:39:45,1906,PARKINSON RISKI,62.0,20.6627,17.2591,17.9503,37.6795,7.0850,14.4825,6.0379,69.7102,35.3585,15.7574,18.0393,5.0602,7.5457,0.0005,0.0000,0.0000,0.0000
4,hasta_001,1780004385.691,2026-05-29 00:39:45,1907,PARKINSON RISKI,59.2,21.0605,17.7818,16.8817,37.5677,6.6772,14.3855,6.1247,68.7974,35.5208,15.6789,18.0393,5.0602,7.5847,0.0005,0.0000,0.0000,0.0000
4,hasta_001,1780004385.742,2026-05-29 00:39:45,1908,PARKINSON RISKI,51.0,21.3827,18.0950,16.6561,37.2532,6.2389,14.3665,6.2180,68.0218,35.6805,15.5979,18.0393,5.0602,7.6202,0.0005,0.0000,0.0000,0.0000
4,hasta_001,1780004385.806,2026-05-29 00:39:45,1909,PARKINSON RISKI,51.0,21.7657,18.3996,16.7612,36.6198,5.6364,14.4132,6.3177,67.4436,35.8350,15.5144,18.0393,5.0602,7.6510,0.0005,0.0000,0.0000,0.0000
4,hasta_001,1780004385.866,2026-05-29 00:39:45,1910,PARKINSON RISKI,53.6,22.1586,18.5499,17.7295,35.8209,5.0540,14.5059,6.4210,67.1190,35.9828,15.4289,18.0393,5.0602,7.6771,0.0005,0.0000,0.0000,0.0000
4,hasta_001,1780004385.928,2026-05-29 00:39:45,1911,PARKINSON RISKI,53.2,22.6419,18.6075,19.5611,35.1300,4.4905,14.6352,6.5267,67.1276,36.1247,15.3418,18.0393,5.0602,7.6989,0.0005,0.0000,0.0000,0.0000
4,hasta_001,1780004385.991,2026-05-29 00:39:45,1912,PARKINSON RISKI,55.1,23.2028,18.5299,22.3943,34.3970,4.1024,14.7847,6.6319,67.2173,36.2602,15.2539,18.0393,5.0602,7.7177,0.0005,0.0000,0.0000,0.0000
4,hasta_001,1780004386.054,2026-05-29 00:39:46,1913,PARKINSON RISKI,56.1,23.7862,18.1442,26.9112,33.6873,3.7488,14.9460,6.7339,67.2053,36.3897,15.1653,18.0393,5.0602,7.7339,0.0005,0.0000,0.0000,0.0000
4,hasta_001,1780004386.114,2026-05-29 00:39:46,1914,PARKINSON RISKI,57.1,24.3299,17.3181,33.6720,32.9901,3.3595,15.1169,6.8288,67.1262,36.5134,15.0762,18.0393,5.0602,7.7473,0.0005,0.0000,0.0000,0.0000
4,hasta_001,1780004386.188,2026-05-29 00:39:46,1915,PARKINSON RISKI,57.1,24.9328,15.7699,45.0237,32.1621,2.7715,15.2919,6.9110,67.1664,36.6302,14.9875,18.0393,5.0602,7.7563,0.0005,0.0000,0.0000,0.0000
4,hasta_001,1780004386.250,2026-05-29 00:39:46,1916,PARKINSON RISKI,57.1,25.3955,13.9094,58.4464,31.2208,2.1399,15.4682,6.9775,67.3754,36.7390,14.9002,18.0393,5.0602,7.7603,0.0005,0.0000,0.0000,0.0000
4,hasta_001,1780004386.288,2026-05-29 00:39:46,1917,PARKINSON RISKI,55.9,25.7240,12.2720,70.8077,30.3054,1.7241,15.6446,7.0303,67.7476,36.8403,14.8146,18.0393,5.0602,7.7610,0.0005,0.0000,0.0000,0.0000
4,hasta_001,1780004386.347,2026-05-29 00:39:46,1918,PARKINSON RISKI,55.9,26.1540,9.8513,90.5575,28.5682,1.5940,15.8220,7.0633,68.3426,36.9270,14.7352,18.0393,5.0602,7.7608,0.0004,0.0000,0.0000,0.0000
4,hasta_001,1780004386.429,2026-05-29 00:39:46,1919,PARKINSON RISKI,54.7,26.5202,7.4760,112.0376,26.1652,1.8609,15.9986,7.0760,69.1834,36.9936,14.6682,18.0393,5.0602,7.7630,0.0004,0.5000,0.0000,0.0000
4,hasta_001,1780004386.479,2026-05-29 00:39:46,1920,PARKINSON RISKI,55.9,26.5105,5.8941,127.2437,24.2400,2.2978,16.1711,7.0756,70.2262,37.0440,14.6138,18.0393,5.0602,7.7690,0.0004,0.5000,0.0000,0.0000
4,hasta_001,1780004386.520,2026-05-29 00:39:46,1921,PARKINSON RISKI,55.4,26.2931,4.2798,144.0050,22.3298,2.8205,16.3369,7.0619,71.3620,37.0780,14.5748,18.0393,5.0602,7.7795,0.0003,0.0000,0.0000,0.0000
4,hasta_001,1780004386.570,2026-05-29 00:39:46,1922,PARKINSON RISKI,55.4,25.9509,2.8217,160.7723,19.6152,3.6105,16.4971,7.0366,72.5886,37.0890,14.5610,18.0393,5.0602,7.7968,0.0003,0.0000,0.0000,0.0000
4,hasta_001,1780004386.649,2026-05-29 00:39:46,1923,PARKINSON RISKI,56.0,25.6581,3.0858,157.0577,16.6991,4.7900,16.6530,7.0134,73.7557,37.0751,14.5797,18.0393,5.0602,7.8240,0.0003,0.0000,0.0000,0.0000
4,hasta_001,1780004386.700,2026-05-29 00:39:46,1924,PARKINSON RISKI,57.0,25.5341,4.0732,144.9700,14.9764,5.6452,16.8064,7.0002,74.7732,37.0463,14.6199,18.0393,5.0602,7.8584,0.0002,0.0000,0.0000,0.0000
4,hasta_001,1780004386.754,2026-05-29 00:39:46,1925,PARKINSON RISKI,62.5,25.4832,5.4840,129.1639,13.5123,6.6212,16.9581,7.0009,75.6027,37.0045,14.6798,18.0393,5.0602,7.9012,0.0002,0.0000,0.0000,0.0000
4,hasta_001,1780004386.790,2026-05-29 00:39:46,1926,PARKINSON RISKI,62.5,25.5084,6.8338,115.4819,12.8846,7.3730,17.1094,7.0152,76.2666,36.9566,14.7489,18.0393,5.0602,7.9508,0.0002,0.0000,0.0000,0.0000
4,hasta_001,1780004386.838,2026-05-29 00:39:46,1927,PARKINSON RISKI,62.5,25.5726,8.7901,97.6785,13.4380,8.4245,17.2612,7.0472,76.7549,36.9127,14.8108,18.0393,5.0602,8.0100,0.0002,0.0000,0.0000,0.0000
4,hasta_001,1780004386.888,2026-05-29 00:39:46,1928,PARKINSON RISKI,62.5,25.5531,10.4499,83.9000,14.7075,9.4873,17.4137,7.0940,77.1183,36.8785,14.8573,18.0393,5.0602,8.0793,0.0002,0.0000,0.0000,0.0000
4,hasta_001,1780004386.944,2026-05-29 00:39:46,1929,PARKINSON RISKI,62.5,25.5026,11.7405,73.9039,17.0644,10.5840,17.5673,7.1536,77.3811,36.8619,14.8782,18.0393,5.0602,8.1600,0.0003,0.0000,0.0000,0.0000
4,hasta_001,1780004386.989,2026-05-29 00:39:46,1930,PARKINSON RISKI,62.5,25.3939,12.3841,68.8751,21.9107,11.4457,17.7240,7.2190,77.6457,36.8841,14.8540,18.0393,5.0602,8.2485,0.0003,0.0000,0.0000,0.0000
4,hasta_001,1780004387.034,2026-05-29 00:39:47,1931,PARKINSON RISKI,62.5,25.1409,12.7870,65.1443,28.9822,12.3008,17.8837,7.2893,77.9281,36.9636,14.7857,18.0393,5.0602,8.3429,0.0003,0.0000,0.0000,0.0000
4,hasta_001,1780004387.079,2026-05-29 00:39:47,1932,PARKINSON RISKI,62.5,24.8194,12.9804,62.6403,36.3241,13.0608,18.0475,7.3629,78.2662,37.1026,14.7005,18.0393,5.0602,8.4413,0.0003,0.0000,0.0000,0.0000
4,hasta_001,1780004387.137,2026-05-29 00:39:47,1933,PARKINSON RISKI,62.5,24.3512,13.0996,60.0874,42.5539,13.8253,18.2184,7.4391,78.7410,37.2903,14.6248,18.0393,5.0602,8.5410,0.0002,0.0000,0.0000,0.0000
4,hasta_001,1780004387.211,2026-05-29 00:39:47,1934,PARKINSON RISKI,61.0,23.7690,13.3947,55.8306,45.7276,14.4739,18.3998,7.5203,78.7212,37.5007,14.5630,18.0393,5.0602,8.6396,0.0002,0.0000,0.0000,0.0000
4,hasta_001,1780004387.253,2026-05-29 00:39:47,1935,PARKINSON RISKI,60.4,23.3812,13.9267,50.6838,46.4691,14.7297,18.5782,7.6093,78.7366,37.7120,14.5075,18.0393,5.0602,8.7336,0.0002,0.0000,0.0000,0.0000
4,hasta_001,1780004387.301,2026-05-29 00:39:47,1936,PARKINSON RISKI,60.9,22.9525,14.7465,43.5341,46.1171,14.8573,18.7488,7.7077,78.9584,37.9131,14.4553,18.0393,5.0602,8.8222,0.0001,0.0000,0.0000,0.0000
4,hasta_001,1780004387.366,2026-05-29 00:39:47,1937,PARKINSON RISKI,60.4,22.4974,16.0879,33.2223,45.1477,14.8696,18.9123,7.8199,79.1584,38.0933,14.4094,18.0393,5.0602,8.9033,0.0001,0.0000,0.0000,0.0000
4,hasta_001,1780004387.414,2026-05-29 00:39:47,1938,PARKINSON RISKI,60.4,22.2274,17.1232,25.9423,44.2410,14.8013,19.0718,7.9433,79.1329,38.2451,14.3774,18.0393,5.0602,8.9765,0.0001,0.0000,0.0000,0.0000
4,hasta_001,1780004387.444,2026-05-29 00:39:47,1939,PARKINSON RISKI,59.4,22.0769,17.7063,21.9719,43.4779,14.7269,19.2286,8.0748,78.8937,38.3594,14.3641,18.0393,5.0602,9.0415,0.0001,0.0000,0.0000,0.0000
4,hasta_001,1780004387.477,2026-05-29 00:39:47,1940,PARKINSON RISKI,58.2,21.9329,18.1200,19.0394,42.5924,14.6434,19.3843,8.2111,78.5527,38.4333,14.3628,18.0393,5.0602,9.0992,0.0000,0.0000,0.0000,0.0000
4,hasta_001,1780004387.528,2026-05-29 00:39:47,1941,PARKINSON RISKI,56.7,21.7466,18.3685,16.8423,41.2343,14.5254,19.5394,8.3514,78.1224,38.4486,14.3648,18.0393,5.0602,9.1491,0.0000,0.0000,0.0000,0.0000
4,hasta_001,1780004387.597,2026-05-29 00:39:47,1942,PARKINSON RISKI,57.7,21.6528,18.0685,18.0476,39.8199,14.3251,19.6950,8.4905,77.6625,38.4158,14.3572,18.0393,5.0602,9.1904,0.0000,0.0000,0.0000,0.0000
4,hasta_001,1780004387.657,2026-05-29 00:39:47,1943,PARKINSON RISKI,58.7,21.6211,17.4483,21.3607,39.1620,14.0097,19.8519,8.6256,77.1931,38.3452,14.3325,18.0393,5.0602,9.2218,0.0001,0.0000,0.0000,0.0000
4,hasta_001,1780004387.734,2026-05-29 00:39:47,1944,PARKINSON RISKI,60.5,21.3452,16.3932,26.2437,39.0883,13.4632,20.0074,8.7534,76.6884,38.2513,14.2903,18.0393,5.0602,9.2426,0.0001,0.0000,0.0000,0.0000
4,hasta_001,1780004387.789,2026-05-29 00:39:47,1945,PARKINSON RISKI,60.1,20.9419,15.4061,30.4600,39.2618,13.0286,20.1607,8.8739,76.1756,38.1374,14.2273,18.0393,5.0602,9.2533,0.0002,0.0000,0.0000,0.0000
4,hasta_001,1780004387.832,2026-05-29 00:39:47,1946,PARKINSON RISKI,60.1,20.5457,14.6411,33.5615,39.2472,12.5975,20.3110,8.9886,75.6569,38.0104,14.1486,18.0393,5.0602,9.2559,0.0003,0.0000,0.0000,0.0000
4,hasta_001,1780004387.893,2026-05-29 00:39:47,1947,PARKINSON RISKI,60.6,19.8541,13.9767,34.7457,38.8349,12.0200,20.4555,9.0975,75.1590,37.8620,14.0454,18.0393,5.0602,9.2484,0.0004,0.0000,0.0000,0.0000
4,hasta_001,1780004387.950,2026-05-29 00:39:47,1948,PARKINSON RISKI,60.6,19.0688,13.2641,35.9059,37.6193,11.3995,20.5940,9.2008,74.6695,37.6940,13.9261,18.0393,5.0602,9.2324,0.0005,0.0000,0.0000,0.0000
4,hasta_001,1780004387.987,2026-05-29 00:39:47,1949,PARKINSON RISKI,60.6,18.2875,12.5037,37.5677,36.2256,10.8782,20.7278,9.2977,74.2539,37.5054,13.7909,18.0393,5.0602,9.2088,0.0007,0.0000,0.0000,0.0000
4,hasta_001,1780004388.042,2026-05-29 00:39:48,1950,PARKINSON RISKI,60.6,16.1920,11.2738,35.8138,33.5075,10.0520,20.8475,9.3843,73.9718,37.2857,13.6420,18.0393,5.0602,9.1754,0.0008,0.0000,0.0000,0.0000
4,hasta_001,1780004388.080,2026-05-29 00:39:48,1951,PARKINSON RISKI,58.6,14.2048,10.2792,32.0663,31.1503,9.3614,20.9539,9.4626,73.8422,37.0412,13.4860,18.0393,5.0602,9.1354,0.0009,0.0000,0.0000,0.0000
4,hasta_001,1780004388.110,2026-05-29 00:39:48,1952,PARKINSON RISKI,57.6,12.3135,9.3563,27.2936,29.2051,8.7009,21.0473,9.5320,74.0035,36.7752,13.3221,18.0393,5.0602,9.0894,0.0010,0.0000,0.0000,0.0000
4,hasta_001,1780004388.140,2026-05-29 00:39:48,1953,PARKINSON RISKI,55.2,10.1698,8.3031,20.2107,27.4940,8.0338,21.1220,9.5915,74.1443,36.4933,13.1567,18.0393,5.0602,9.0377,0.0010,0.0000,0.0000,0.0000
4,hasta_001,1780004388.173,2026-05-29 00:39:48,1954,NORMAL,56.0,7.9595,7.0750,11.7674,25.8401,7.3373,21.1752,9.6387,74.1492,36.1999,12.9973,18.0393,5.0602,8.9808,0.0011,0.0000,0.0000,0.0000
4,hasta_001,1780004388.209,2026-05-29 00:39:48,1955,NORMAL,57.2,5.8235,5.7300,1.6201,24.5213,6.6363,21.2073,9.6714,74.0900,35.9008,12.8488,18.0393,5.0602,8.9191,0.0011,0.0000,0.0000,0.0000
4,hasta_001,1780004388.248,2026-05-29 00:39:48,1956,NORMAL,67.5,4.1375,4.2641,3.0125,23.4501,5.9334,21.2215,9.6872,74.0934,35.5985,12.7107,18.0393,5.0602,8.8528,0.0011,0.0000,0.0000,0.0000
4,hasta_001,1780004388.277,2026-05-29 00:39:48,1957,NORMAL,67.0,3.1444,3.0127,4.2763,22.7471,5.3688,21.2213,9.6850,74.1013,35.3035,12.5942,18.0393,5.0602,8.7848,0.0011,0.0000,0.0000,0.0000
4,hasta_001,1780004388.307,2026-05-29 00:39:48,1958,NORMAL,66.3,2.2357,2.5662,13.7644,22.1824,4.7480,21.2082,9.6736,74.1899,35.0157,12.4959,18.0393,5.0602,8.7138,0.0011,0.0000,0.0000,0.0000
4,hasta_001,1780004388.345,2026-05-29 00:39:48,1959,PARKINSON RISKI,50.4,1.6446,3.0864,60.9524,21.7043,4.0467,21.1844,9.6616,74.6937,34.7386,12.4190,18.0393,5.0602,8.6397,0.0011,0.0000,0.0000,0.0000
4,hasta_001,1780004388.390,2026-05-29 00:39:48,1960,PARKINSON RISKI,50.4,1.5594,4.2821,93.2182,21.4366,3.3718,21.1527,9.6542,75.4420,34.4778,12.3668,18.0393,5.0602,8.5634,0.0010,0.0000,0.0000,0.0000
4,hasta_001,1780004388.435,2026-05-29 00:39:48,1961,PARKINSON RISKI,50.4,2.1909,6.1599,95.0559,21.2921,2.8379,21.1174,9.6567,76.1558,34.2326,12.3341,18.0393,5.0602,8.4865,0.0010,0.0000,0.0000,0.0000
4,hasta_001,1780004388.491,2026-05-29 00:39:48,1962,PARKINSON RISKI,50.4,3.3985,9.7541,96.6440,21.0013,2.3473,21.0818,9.6833,76.8319,34.0031,12.3220,18.0393,5.0602,8.4098,0.0010,0.0000,0.0000,0.0000
4,hasta_001,1780004388.556,2026-05-29 00:39:48,1963,NORMAL,50.3,4.9705,14.7547,99.2048,20.3810,1.9884,21.0491,9.7464,77.4812,33.7832,12.3277,18.0393,5.0602,8.3347,0.0009,0.0000,0.0000,0.0000
4,hasta_001,1780004388.608,2026-05-29 00:39:48,1964,NORMAL,50.3,6.3445,19.5973,102.1731,19.9983,1.8391,21.0205,9.8481,78.1019,33.5678,12.3408,18.0393,5.0602,8.2614,0.0009,0.0000,0.0000,0.0000
4,hasta_001,1780004388.667,2026-05-29 00:39:48,1965,NORMAL,50.3,7.3892,24.9170,108.5102,19.5214,1.7883,20.9911,9.9927,78.7031,33.3591,12.3648,18.0393,5.0602,8.1906,0.0008,0.0000,0.0000,0.0000
4,hasta_001,1780004388.717,2026-05-29 00:39:48,1966,NORMAL,50.3,8.0128,29.4566,114.4606,19.0145,1.7789,20.9579,10.1752,79.2790,33.1603,12.4020,18.0393,5.0602,8.1224,0.0008,0.0000,0.0000,0.0000
4,hasta_001,1780004388.788,2026-05-29 00:39:48,1967,PARKINSON RISKI,50.7,8.2335,34.5292,122.9843,17.9698,1.8040,20.9157,10.4010,79.8330,32.9699,12.4582,18.0393,5.0602,8.0582,0.0007,0.0000,0.0000,0.0000
4,hasta_001,1780004388.851,2026-05-29 00:39:48,1968,PARKINSON RISKI,50.7,8.0770,38.1025,130.0383,17.1840,1.8665,20.8629,10.6568,80.3803,32.7875,12.5276,18.0393,5.0602,7.9990,0.0007,0.0000,0.0000,0.0000
4,hasta_001,1780004388.925,2026-05-29 00:39:48,1969,PARKINSON RISKI,50.7,7.6123,39.2020,134.9573,16.5489,1.9612,20.7954,10.9215,80.9091,32.6174,12.6081,18.0393,5.0602,7.9468,0.0006,0.0000,0.0000,0.0000
4,hasta_001,1780004389.001,2026-05-29 00:39:49,1970,PARKINSON RISKI,50.7,7.0660,38.9184,138.5354,16.4673,2.0683,20.7112,11.1821,81.4247,32.4653,12.6916,18.0393,5.0602,7.9046,0.0006,0.0000,0.0000,0.0000
4,hasta_001,1780004389.057,2026-05-29 00:39:49,1971,PARKINSON RISKI,51.4,6.5616,38.3188,141.5189,16.5225,2.1671,20.6106,11.4359,81.9260,32.3336,12.7741,18.0393,5.0602,7.8747,0.0005,0.0000,0.0000,0.0000
4,hasta_001,1780004389.098,2026-05-29 00:39:49,1972,PARKINSON RISKI,51.4,6.0442,38.0377,145.1547,16.6390,2.2396,20.4964,11.6856,82.4370,32.2190,12.8525,18.0393,5.0602,7.8556,0.0005,0.0000,0.0000,0.0000
4,hasta_001,1780004389.147,2026-05-29 00:39:49,1973,PARKINSON RISKI,51.4,5.4270,37.6861,149.6483,16.7999,2.3191,20.3679,11.9303,82.9684,32.1209,12.9247,18.0393,5.0602,7.8472,0.0005,0.0000,0.0000,0.0000
4,hasta_001,1780004389.193,2026-05-29 00:39:49,1974,PARKINSON RISKI,51.4,4.6834,37.3353,155.4158,16.9232,2.3776,20.2231,12.1687,83.5415,32.0414,12.9884,18.0393,5.0602,7.8429,0.0005,0.0000,0.0000,0.0000
4,hasta_001,1780004389.263,2026-05-29 00:39:49,1975,PARKINSON RISKI,51.4,3.0150,36.6667,169.6077,17.1763,2.4270,20.0570,12.3984,84.2352,31.9761,13.0432,18.0393,5.0602,7.8363,0.0005,0.0000,0.0000,0.0000
4,hasta_001,1780004389.338,2026-05-29 00:39:49,1976,PARKINSON RISKI,52.4,2.3424,36.2412,175.7164,17.3328,2.4564,19.8799,12.6215,84.9874,31.9225,13.0899,18.0393,5.0602,7.8253,0.0004,0.0000,0.0000,0.0000
4,hasta_001,1780004389.393,2026-05-29 00:39:49,1977,PARKINSON RISKI,53.9,2.5056,35.7078,173.7724,17.4329,2.4776,19.6982,12.8366,85.7329,31.8778,13.1301,18.0393,5.0602,7.8086,0.0004,0.5000,0.0000,0.0000
4,hasta_001,1780004389.461,2026-05-29 00:39:49,1978,PARKINSON RISKI,53.9,6.6693,35.2040,136.2905,17.6649,2.5327,19.5437,13.0435,86.1744,31.8416,13.1632,18.0393,5.0602,7.7818,0.0003,0.5000,0.0000,0.0000
4,hasta_001,1780004389.516,2026-05-29 00:39:49,1979,PARKINSON RISKI,53.9,14.4422,35.0828,83.3546,17.7205,2.6050,19.4507,13.2479,86.1746,31.7936,13.2041,18.0393,5.0602,7.7482,0.0003,0.5000,0.0000,0.0000
4,hasta_001,1780004389.579,2026-05-29 00:39:49,1980,PARKINSON RISKI,53.9,25.3573,35.6722,33.8030,17.8047,2.6982,19.4444,13.4566,85.7547,31.7143,13.2592,18.0393,5.0602,7.7033,0.0003,0.5000,0.0000,0.0000
4,hasta_001,1780004389.616,2026-05-29 00:39:49,1981,NORMAL,60.6,33.0654,36.3791,9.5434,17.9726,2.7648,19.4995,13.6721,85.1152,31.5817,13.3162,18.0393,5.0602,7.6465,0.0003,0.5000,0.0000,0.0000
4,hasta_001,1780004389.646,2026-05-29 00:39:49,1982,NORMAL,60.6,39.4480,37.2127,5.8317,18.2218,2.8207,19.6063,13.8960,84.4301,31.4034,13.3507,18.0393,5.0602,7.5815,0.0003,0.5000,0.0000,0.0000
4,hasta_001,1780004389.700,2026-05-29 00:39:49,1983,NORMAL,53.5,46.3338,38.5008,18.4665,18.7593,2.8945,19.7693,14.1333,83.8251,31.1508,13.3006,18.0393,5.0602,7.5071,0.0002,0.5000,0.0000,0.0000
4,hasta_001,1780004389.747,2026-05-29 00:39:49,1984,PARKINSON RISKI,51.4,50.4011,39.5056,24.2373,19.4039,2.9374,19.9650,14.3811,83.2482,30.8489,13.1518,18.0393,5.0602,7.4260,0.0002,0.5000,0.0000,0.0000
4,hasta_001,1780004389.796,2026-05-29 00:39:49,1985,PARKINSON RISKI,51.9,53.2592,40.2925,27.7209,20.0939,2.9616,20.1837,14.6368,82.6866,30.5137,12.9069,18.0393,5.0602,7.3394,0.0002,0.5000,0.0000,0.0000
4,hasta_001,1780004389.868,2026-05-29 00:39:49,1986,PARKINSON RISKI,52.4,55.5984,40.8927,30.4809,21.0701,2.9461,20.4209,14.8982,82.1406,30.1627,12.5821,18.0393,5.0602,7.2478,0.0002,0.5000,0.0000,0.0000
4,hasta_001,1780004389.943,2026-05-29 00:39:49,1987,PARKINSON RISKI,52.4,55.9241,41.3709,29.9156,21.6015,2.8062,20.6597,15.1637,81.5850,29.8041,12.2020,18.0393,5.0602,7.1504,0.0001,0.5000,0.0000,0.0000
4,hasta_001,1780004389.996,2026-05-29 00:39:49,1988,PARKINSON RISKI,51.9,55.5137,42.0265,27.6546,21.8719,2.6392,20.8942,15.4334,81.0187,29.4546,11.8174,18.0393,5.0602,7.0485,0.0001,0.5000,0.0000,0.0000
4,hasta_001,1780004390.036,2026-05-29 00:39:50,1989,NORMAL,50.1,54.9198,43.0497,24.2321,22.1488,2.3934,21.1229,15.7104,80.4312,29.1168,11.4360,18.0393,5.0602,6.9431,0.0000,0.5000,0.0000,0.0000
4,hasta_001,1780004390.064,2026-05-29 00:39:50,1990,NORMAL,52.9,54.4475,44.0288,21.1598,22.3327,2.1524,21.3468,15.9948,79.8207,28.7901,11.0589,18.0393,5.0602,6.8352,0.0000,0.5000,0.0000,0.0000
4,hasta_001,1780004390.125,2026-05-29 00:39:50,1991,NORMAL,61.4,53.7189,45.9799,15.5247,22.6332,1.6024,21.5636,16.2952,79.1634,28.4772,10.6913,18.0393,5.0602,6.7226,0.0000,0.5000,0.0000,0.0000
4,hasta_001,1780004390.184,2026-05-29 00:39:50,1992,NORMAL,63.6,53.6704,47.6515,11.8807,22.7755,1.2678,21.7787,16.6106,78.4637,28.1870,10.3645,18.0393,5.0602,6.6082,0.0000,0.5000,0.0000,0.0000
4,hasta_001,1780004390.245,2026-05-29 00:39:50,1993,NORMAL,64.6,54.2274,49.6859,8.7410,22.9739,1.2722,21.9971,16.9458,77.7108,27.9216,10.0830,18.0393,5.0602,6.4956,0.0000,0.5000,0.0000,0.0000
4,hasta_001,1780004390.300,2026-05-29 00:39:50,1994,NORMAL,64.1,54.9800,52.4593,4.6923,23.4324,1.6739,22.2203,17.3084,76.8863,27.6791,9.8351,18.0393,5.0602,6.3883,0.0001,0.5000,0.0000,0.0000
4,hasta_001,1780004390.352,2026-05-29 00:39:50,1995,NORMAL,65.6,55.6264,56.3067,1.2156,24.0358,2.2542,22.4472,17.7092,75.9775,27.4610,9.6209,18.0393,5.0602,6.2877,0.0001,0.5000,0.0000,0.0000
4,hasta_001,1780004390.412,2026-05-29 00:39:50,1996,NORMAL,65.6,56.5642,60.5333,6.7792,24.7562,3.0419,22.6807,18.1525,75.0494,27.2663,9.4356,18.0393,5.0602,6.1951,0.0001,0.5000,0.0000,0.0000
4,hasta_001,1780004390.449,2026-05-29 00:39:50,1997,NORMAL,65.6,57.8181,65.1794,11.9698,25.3311,3.7487,22.9240,18.6407,74.1067,27.0896,9.2701,18.0393,5.0602,6.1095,0.0001,0.5000,0.0000,0.0000
4,hasta_001,1780004390.480,2026-05-29 00:39:50,1998,NORMAL,60.4,59.0813,70.1421,17.1190,25.7349,4.5865,23.1781,19.1776,73.1377,26.9320,9.1301,18.0393,5.0602,6.0339,0.0001,0.5000,0.0000,0.0000
4,hasta_001,1780004390.509,2026-05-29 00:39:50,1999,NORMAL,60.8,60.2195,73.1960,19.4527,25.9493,5.4457,23.4438,19.7458,72.1335,26.7896,9.0102,18.0393,5.0602,5.9702,0.0001,0.0000,0.0000,0.0000
4,hasta_001,1780004390.565,2026-05-29 00:39:50,2000,PARKINSON RISKI,50.2,61.7372,74.9247,19.2994,26.1036,6.8922,23.7264,20.3338,71.0800,26.6631,8.9119,18.0393,5.0602,5.9276,0.0002,0.0000,0.0000,0.0000
4,hasta_001,1780004390.601,2026-05-29 00:39:50,2001,PARKINSON RISKI,50.2,62.1410,75.9413,19.9884,26.0419,7.9179,24.0154,20.9324,70.0133,26.5467,8.8275,18.0393,5.0602,5.8992,0.0003,0.0000,0.0000,0.0000
4,hasta_001,1780004390.633,2026-05-29 00:39:50,2002,NORMAL,50.7,61.7189,74.4070,18.6417,25.9955,8.6506,24.3079,21.5215,68.9102,26.4503,8.7698,18.0393,5.0602,5.8887,0.0004,0.0000,0.0000,0.0000
4,hasta_001,1780004390.685,2026-05-29 00:39:50,2003,NORMAL,54.7,60.2632,63.9901,5.9990,26.4412,9.2011,24.5972,22.0269,67.6803,26.3852,8.7405,18.0393,5.0602,5.8977,0.0004,0.0000,0.0000,0.0000
4,hasta_001,1780004390.751,2026-05-29 00:39:50,2004,NORMAL,52.7,58.7531,53.7116,8.9655,26.6691,9.8864,24.8813,22.4480,66.4679,26.3452,8.7281,18.0393,5.0602,5.9263,0.0005,0.0000,0.0000,0.0000
4,hasta_001,1780004390.809,2026-05-29 00:39:50,2005,NORMAL,52.5,58.5416,52.5388,10.8079,26.6660,9.9437,25.1705,22.8618,65.2513,26.3251,8.7246,18.0393,5.0602,5.9684,0.0005,0.0000,0.0000,0.0000
4,hasta_001,1780004390.877,2026-05-29 00:39:50,2006,NORMAL,54.2,58.9942,54.9331,7.1293,26.1599,9.5343,25.4706,23.2992,63.9654,26.3194,8.7245,18.0393,5.0602,6.0177,0.0005,0.0000,0.0000,0.0000
4,hasta_001,1780004390.935,2026-05-29 00:39:50,2007,NORMAL,56.2,59.6036,57.0455,4.3859,25.6933,8.8507,25.7823,23.7595,62.5859,26.3267,8.7236,18.0393,5.0602,6.0702,0.0005,0.0000,0.0000,0.0000
4,hasta_001,1780004390.973,2026-05-29 00:39:50,2008,NORMAL,59.7,59.7887,55.3438,7.7213,25.4899,8.3164,26.1007,24.2112,61.1503,26.3476,8.7185,18.0393,5.0602,6.1209,0.0006,0.0000,0.0000,0.0000
4,hasta_001,1780004391.025,2026-05-29 00:39:51,2009,NORMAL,53.8,60.0276,50.0012,18.2251,25.3286,7.4508,26.4256,24.6185,59.8049,26.3762,8.7095,18.0393,5.0602,6.1637,0.0006,0.0000,0.0000,0.0000
4,hasta_001,1780004391.063,2026-05-29 00:39:51,2010,NORMAL,51.4,59.9474,44.6005,29.3585,25.0885,6.4599,26.7537,24.9789,58.5881,26.4164,8.6923,18.0393,5.0602,6.1961,0.0007,0.0000,0.0000,0.0000
4,hasta_001,1780004391.112,2026-05-29 00:39:51,2011,NORMAL,57.9,59.5196,45.5229,26.6496,24.5116,5.3394,27.0823,25.3416,57.4461,26.4675,8.6629,18.0393,5.0602,6.2151,0.0007,0.0000,0.0000,0.0000
4,hasta_001,1780004391.154,2026-05-29 00:39:51,2012,NORMAL,64.3,59.5534,48.9905,19.4630,24.1261,4.4006,27.4144,25.7259,56.3659,26.5233,8.6259,18.0393,5.0602,6.2210,0.0008,0.0000,0.0000,0.0000
4,hasta_001,1780004391.189,2026-05-29 00:39:51,2013,NORMAL,71.9,59.5531,52.4211,12.7385,23.8178,3.7028,27.7480,26.1322,55.3318,26.5787,8.5870,18.0393,5.0602,6.2170,0.0008,0.0000,0.0000,0.0000
4,hasta_001,1780004391.234,2026-05-29 00:39:51,2014,NORMAL,72.6,59.2436,55.2674,6.9446,23.5548,2.9427,28.0812,26.5524,54.3934,26.6300,8.5503,18.0393,5.0602,6.2012,0.0008,0.0000,0.0000,0.0000
4,hasta_001,1780004391.278,2026-05-29 00:39:51,2015,NORMAL,73.1,58.9032,56.9710,3.3349,23.3074,2.2874,28.4124,26.9763,53.5591,26.6714,8.5220,18.0393,5.0602,6.1755,0.0008,0.0000,0.0000,0.0000
4,hasta_001,1780004391.330,2026-05-29 00:39:51,2016,NORMAL,72.6,58.1152,57.6880,0.7378,23.2611,1.6867,28.7371,27.3945,52.8372,26.7014,8.5036,18.0393,5.0602,6.1403,0.0008,0.0000,0.0000,0.0000
4,hasta_001,1780004391.397,2026-05-29 00:39:51,2017,NORMAL,73.6,57.3849,58.0511,1.1543,23.3800,1.1607,29.0557,27.8077,52.2017,26.7195,8.4942,18.0393,5.0602,6.0974,0.0008,0.0000,0.0000,0.0000
4,hasta_001,1780004391.430,2026-05-29 00:39:51,2018,NORMAL,73.6,57.0093,58.1392,1.9625,23.4544,0.9353,29.3711,28.2147,51.6407,26.7220,8.4932,18.0393,5.0602,6.0496,0.0008,0.0000,0.0000,0.0000
4,hasta_001,1780004391.486,2026-05-29 00:39:51,2019,NORMAL,73.1,56.2601,58.6662,4.1871,23.4043,0.6918,29.6797,28.6173,51.1759,26.6981,8.4985,18.0393,5.0602,5.9964,0.0009,0.0000,0.0000,0.0000
4,hasta_001,1780004391.528,2026-05-29 00:39:51,2020,NORMAL,73.1,55.9590,58.4902,4.4233,23.2242,0.6151,29.9841,29.0097,50.7790,26.6440,8.4998,18.0393,5.0602,5.9400,0.0009,0.0000,0.0000,0.0000
4,hasta_001,1780004391.581,2026-05-29 00:39:51,2021,NORMAL,73.6,55.8263,57.8087,3.4891,22.8151,0.6283,30.2865,29.3910,50.4131,26.5682,8.4930,18.0393,5.0602,5.8828,0.0009,0.0000,0.0000,0.0000
4,hasta_001,1780004391.640,2026-05-29 00:39:51,2022,NORMAL,73.6,56.0124,57.0941,1.9128,22.2561,0.7616,30.5887,29.7596,50.0766,26.4668,8.4712,18.0393,5.0602,5.8261,0.0008,0.0000,0.0000,0.0000
4,hasta_001,1780004391.677,2026-05-29 00:39:51,2023,NORMAL,73.6,56.3376,56.3072,0.0540,21.8710,1.0222,30.8922,30.1139,49.7742,26.3495,8.4365,18.0393,5.0602,5.7717,0.0008,0.0000,0.0000,0.0000
4,hasta_001,1780004391.733,2026-05-29 00:39:51,2024,NORMAL,72.6,56.9462,54.9896,3.4960,21.1806,1.7061,31.1992,30.4428,49.5893,26.2176,8.3925,18.0393,5.0602,5.7236,0.0008,0.0000,0.0000,0.0000
4,hasta_001,1780004391.797,2026-05-29 00:39:51,2025,NORMAL,72.6,57.2426,54.3470,5.1896,20.4919,2.7447,31.5068,30.7583,49.4583,26.0761,8.3446,18.0393,5.0602,5.6852,0.0008,0.0000,0.0000,0.0000
4,hasta_001,1780004391.833,2026-05-29 00:39:51,2026,NORMAL,72.6,57.3098,53.9273,6.0816,20.1104,3.4497,31.8122,31.0639,49.3594,25.9297,8.2937,18.0393,5.0602,5.6549,0.0008,0.0000,0.0000,0.0000
4,hasta_001,1780004391.887,2026-05-29 00:39:51,2027,NORMAL,72.5,57.5095,53.9485,6.3898,19.5761,4.3556,32.1160,31.3653,49.2719,25.7798,8.2444,18.0393,5.0602,5.6356,0.0007,0.0000,0.0000,0.0000
4,hasta_001,1780004391.928,2026-05-29 00:39:51,2028,NORMAL,72.0,57.8674,53.9895,6.9337,19.2241,5.0407,32.4200,31.6644,49.1909,25.6296,8.1981,18.0393,5.0602,5.6256,0.0007,0.0000,0.0000,0.0000
4,hasta_001,1780004391.975,2026-05-29 00:39:51,2029,NORMAL,72.0,58.2188,54.1712,7.2028,18.7746,5.6112,32.7238,31.9625,49.1113,25.4809,8.1591,18.0393,5.0602,5.6254,0.0007,0.0000,0.0000,0.0000
4,hasta_001,1780004392.022,2026-05-29 00:39:52,2030,NORMAL,72.0,58.4555,54.6523,6.7248,18.4244,5.8004,33.0262,32.2634,49.0196,25.3359,8.1286,18.0393,5.0602,5.6316,0.0006,0.0000,0.0000,0.0000
4,hasta_001,1780004392.068,2026-05-29 00:39:52,2031,NORMAL,72.0,58.5723,55.1404,6.0361,18.1616,5.8233,33.3257,32.5678,48.9068,25.1945,8.1046,18.0393,5.0602,5.6427,0.0006,0.0000,0.0000,0.0000
4,hasta_001,1780004392.138,2026-05-29 00:39:52,2032,NORMAL,72.0,58.8045,55.6967,5.4283,17.8270,5.7967,33.6223,32.8775,48.7655,25.0564,8.0877,18.0393,5.0602,5.6568,0.0006,0.0000,0.0000,0.0000
4,hasta_001,1780004392.209,2026-05-29 00:39:52,2033,NORMAL,72.0,59.1669,55.9980,5.5032,17.5293,5.8124,33.9172,33.1930,48.5871,24.9217,8.0774,18.0393,5.0602,5.6740,0.0006,0.0000,0.0000,0.0000
4,hasta_001,1780004392.250,2026-05-29 00:39:52,2034,NORMAL,72.0,59.2981,56.0913,5.5582,17.2520,5.7593,34.2086,33.5161,48.3528,24.7906,8.0731,18.0393,5.0602,5.6940,0.0006,0.0000,0.0000,0.0000
4,hasta_001,1780004392.321,2026-05-29 00:39:52,2035,NORMAL,72.0,59.5306,56.5576,5.1219,16.9737,5.6018,34.4969,33.8560,48.0203,24.6640,8.0756,18.0393,5.0602,5.7176,0.0006,0.0000,0.0000,0.0000
4,hasta_001,1780004392.382,2026-05-29 00:39:52,2036,NORMAL,72.0,59.7308,56.6743,5.2515,16.7016,5.4015,34.7830,34.2124,47.5770,24.5430,8.0852,18.0393,5.0602,5.7448,0.0006,0.0000,0.0000,0.0000
4,hasta_001,1780004392.444,2026-05-29 00:39:52,2037,NORMAL,72.0,59.6506,56.6798,5.1075,16.5265,5.2017,35.0657,34.5824,47.0295,24.4282,8.1004,18.0393,5.0602,5.7738,0.0006,0.0000,0.0000,0.0000
4,hasta_001,1780004392.477,2026-05-29 00:39:52,2038,NORMAL,72.0,59.3589,56.5080,4.9210,16.4049,5.0496,35.3425,34.9712,46.3158,24.3268,8.1240,18.0393,5.0602,5.8026,0.0006,0.0000,0.0000,0.0000
4,hasta_001,1780004392.530,2026-05-29 00:39:52,2039,NORMAL,72.0,58.8429,55.9149,5.1028,16.2736,4.8192,35.6118,35.3749,45.4247,24.2444,8.1551,18.0393,5.0602,5.8272,0.0007,0.0000,0.0000,0.0000
4,hasta_001,1780004392.586,2026-05-29 00:39:52,2040,NORMAL,72.0,57.5908,54.1383,6.1802,16.2923,4.6000,35.8708,35.7769,44.4158,24.1782,8.1871,18.0393,5.0602,5.8464,0.0007,0.0000,0.0000,0.0000
4,hasta_001,1780004392.636,2026-05-29 00:39:52,2041,NORMAL,72.5,56.5818,53.0775,6.3912,16.3675,4.4489,36.1232,36.1836,43.2691,24.1285,8.2162,16.7351,5.0917,5.8600,0.0008,0.0000,0.0000,0.0000
4,hasta_001,1780004392.702,2026-05-29 00:39:52,2042,NORMAL,72.6,56.7338,53.7059,5.4834,16.3917,4.2953,36.3797,36.6076,41.9750,24.1016,8.2361,16.7351,5.0917,5.8657,0.0008,0.0000,0.0000,0.0000
4,hasta_001,1780004392.758,2026-05-29 00:39:52,2043,NORMAL,72.6,58.7654,56.2936,4.2965,16.4000,4.1800,36.6556,37.0510,40.7020,24.0991,8.2384,16.7351,5.0917,5.8606,0.0008,0.0000,0.0000,0.0000
4,hasta_001,1780004392.823,2026-05-29 00:39:52,2044,NORMAL,73.1,61.7264,59.9809,2.8684,16.3814,4.0771,36.9572,37.5169,39.5178,24.1109,8.2264,16.7351,5.0917,5.8476,0.0008,0.0000,0.0000,0.0000
4,hasta_001,1780004392.861,2026-05-29 00:39:52,2045,NORMAL,73.1,63.8386,62.5924,1.9714,16.3982,4.0170,37.2769,37.9928,38.4579,24.1349,8.1996,16.7351,5.0917,5.8259,0.0008,0.0000,0.0000,0.0000
4,hasta_001,1780004392.893,2026-05-29 00:39:52,2046,NORMAL,73.1,65.8292,64.7326,1.6798,16.4319,3.9748,37.6129,38.4753,37.5095,24.1645,8.1653,16.7351,5.0917,5.7975,0.0008,0.0000,0.0000,0.0000
4,hasta_001,1780004392.950,2026-05-29 00:39:52,2047,NORMAL,73.1,68.2310,67.1126,1.6528,16.4985,3.9287,37.9684,38.9613,36.7093,24.1900,8.1365,16.7351,5.0917,5.7601,0.0008,0.0000,0.0000,0.0000
4,hasta_001,1780004393.029,2026-05-29 00:39:53,2048,NORMAL,73.1,70.1689,68.7146,2.0943,16.6030,3.9175,38.3402,39.4469,36.0276,24.2058,8.1199,16.7351,5.0917,5.7137,0.0008,0.0000,0.0000,0.0000
4,hasta_001,1780004393.079,2026-05-29 00:39:53,2049,NORMAL,73.1,71.2251,69.4099,2.5814,16.6742,3.9312,38.7212,39.9274,35.4332,24.2025,8.1228,16.7351,5.0917,5.6582,0.0008,0.0000,0.0000,0.0000
4,hasta_001,1780004393.148,2026-05-29 00:39:53,2050,NORMAL,73.1,71.9882,69.7061,3.2211,16.8422,3.9730,39.1095,40.4051,34.8861,24.1603,8.1478,16.7351,5.0917,5.5959,0.0008,0.0000,0.0000,0.0000
4,hasta_001,1780004393.211,2026-05-29 00:39:53,2051,NORMAL,73.1,72.4669,69.8273,3.7100,16.9562,4.0427,39.5039,40.8805,34.3742,24.0601,8.1618,16.7351,5.0917,5.5271,0.0007,0.0000,0.0000,0.0000
4,hasta_001,1780004393.263,2026-05-29 00:39:53,2052,NORMAL,72.6,72.5846,69.6959,4.0606,17.0517,4.1266,39.9019,41.3531,33.8860,23.8995,8.1083,16.7351,5.0917,5.4527,0.0008,0.0000,0.0000,0.0000
4,hasta_001,1780004393.313,2026-05-29 00:39:53,2053,NORMAL,72.6,72.5388,69.5074,4.2682,17.0909,4.2286,40.3035,41.8232,33.4208,23.6873,7.9490,16.7351,5.0917,5.3727,0.0008,0.0000,0.0000,0.0000
4,hasta_001,1780004393.352,2026-05-29 00:39:53,2054,NORMAL,72.5,72.3578,69.1975,4.4652,17.2210,4.3179,40.7084,42.2882,32.9928,23.4497,7.7091,16.7351,5.0917,5.2881,0.0008,0.0000,0.0000,0.0000
4,hasta_001,1780004393.410,2026-05-29 00:39:53,2055,NORMAL,72.5,72.0695,68.7215,4.7560,17.4748,4.3984,41.1141,42.7448,32.6101,23.2081,7.4333,16.7351,5.0917,5.2020,0.0008,0.0000,0.0000,0.0000
4,hasta_001,1780004393.444,2026-05-29 00:39:53,2056,NORMAL,72.5,71.9184,68.4163,4.9911,17.7511,4.4393,41.5222,43.1921,32.2889,22.9717,7.1465,16.7351,5.0917,5.1152,0.0008,0.0000,0.0000,0.0000
4,hasta_001,1780004393.476,2026-05-29 00:39:53,2057,NORMAL,72.5,71.7893,68.0593,5.3342,18.0056,4.4574,41.9329,43.6251,32.0565,22.7455,6.8650,16.7351,5.0917,5.0284,0.0008,0.0000,0.0000,0.0000
4,hasta_001,1780004393.528,2026-05-29 00:39:53,2058,NORMAL,72.5,71.6064,67.5223,5.8711,18.4149,4.4661,42.3444,44.0451,31.8892,22.5303,6.5870,16.7351,5.0917,4.9423,0.0008,0.0000,0.0000,0.0000
4,hasta_001,1780004393.590,2026-05-29 00:39:53,2059,NORMAL,72.0,71.4567,67.1978,6.1432,18.8706,4.5332,42.7559,44.4576,31.7573,22.3252,6.3088,16.7351,5.0917,4.8573,0.0008,0.0000,0.0000,0.0000
4,hasta_001,1780004393.657,2026-05-29 00:39:53,2060,NORMAL,72.0,71.3128,66.8589,6.4469,19.3387,4.7070,43.1674,44.8637,31.6524,22.1315,6.0345,16.7351,5.0917,4.7745,0.0008,0.0000,0.0000,0.0000
4,hasta_001,1780004393.716,2026-05-29 00:39:53,2061,NORMAL,72.0,71.1912,66.5069,6.8037,19.6335,4.9600,43.5794,45.2649,31.5687,21.9515,5.7787,16.7351,5.0917,4.6948,0.0008,0.0000,0.0000,0.0000
4,hasta_001,1780004393.800,2026-05-29 00:39:53,2062,NORMAL,72.0,70.5004,64.3013,9.1973,19.8578,5.4408,43.9865,45.6502,31.4950,21.7851,5.5445,16.7351,5.0917,4.6208,0.0008,0.0000,0.0000,0.0000
4,hasta_001,1780004393.833,2026-05-29 00:39:53,2063,NORMAL,71.3,69.9340,61.4258,12.9541,19.8265,5.7367,44.3891,46.0166,31.4249,21.6240,5.3133,16.7351,5.0917,4.5518,0.0008,0.0000,0.0000,0.0000
4,hasta_001,1780004393.892,2026-05-29 00:39:53,2064,NORMAL,58.9,68.8361,55.1975,21.9918,19.8132,6.3447,44.7849,46.3400,31.3895,21.4634,5.0686,16.7351,5.0917,4.4925,0.0009,0.0000,0.0000,0.0000
4,hasta_001,1780004393.927,2026-05-29 00:39:53,2065,NORMAL,54.9,68.1683,50.1282,30.4998,19.8665,6.7615,45.1784,46.6294,31.3898,21.3017,4.8007,16.7351,5.0917,4.4403,0.0009,0.0000,0.0000,0.0000
4,hasta_001,1780004393.997,2026-05-29 00:39:53,2066,NORMAL,54.4,67.2590,42.1749,45.8433,21.1026,7.4839,45.5677,46.8588,31.4922,21.1505,4.5100,16.7351,5.0917,4.3977,0.0010,0.0000,0.0000,0.0000
4,hasta_001,1780004394.050,2026-05-29 00:39:54,2067,NORMAL,54.4,66.6216,37.6435,55.5854,23.3495,7.9254,45.9574,47.0560,31.6658,21.0215,4.2140,16.7351,5.0917,4.3635,0.0011,0.0000,0.0000,0.0000
4,hasta_001,1780004394.098,2026-05-29 00:39:54,2068,NORMAL,54.4,66.0502,35.2386,60.8392,25.6778,8.2400,46.3489,47.2391,31.8736,20.9220,3.9538,16.7351,5.0917,4.3372,0.0013,0.0000,0.0000,0.0000
4,hasta_001,1780004394.159,2026-05-29 00:39:54,2069,NORMAL,54.4,65.6325,33.8745,63.8306,28.8250,8.5624,46.7435,47.4172,32.0924,20.8603,3.7680,16.7351,5.0917,4.3179,0.0014,0.0000,0.0000,0.0000
4,hasta_001,1780004394.201,2026-05-29 00:39:54,2070,NORMAL,54.4,64.9574,33.3941,64.1846,31.1116,8.7574,47.1499,47.6016,32.3289,20.8403,3.7068,16.7351,5.0917,4.3071,0.0014,0.0000,0.0000,0.0000
4,hasta_001,1780004394.254,2026-05-29 00:39:54,2071,NORMAL,54.9,64.3062,33.2610,63.6388,34.2061,8.9032,47.5674,47.7931,32.5920,20.8658,3.7871,16.7351,5.0917,4.3033,0.0015,0.0000,0.0000,0.0000
4,hasta_001,1780004394.318,2026-05-29 00:39:54,2072,NORMAL,54.9,63.9537,33.4422,62.6547,38.3989,8.9323,47.9977,47.9938,32.8867,20.9424,4.0397,16.5628,5.0736,4.3052,0.0016,0.0000,0.0000,0.0000
4,hasta_001,1780004394.370,2026-05-29 00:39:54,2073,NORMAL,55.4,64.0648,33.8024,61.8438,40.9774,8.9343,48.4468,48.2063,33.2336,21.0548,4.3924,16.5628,5.0736,4.3127,0.0016,0.0000,0.0000,0.0000
4,hasta_001,1780004394.442,2026-05-29 00:39:54,2074,NORMAL,54.9,64.3947,34.4016,60.7170,43.5627,9.0799,48.9171,48.4340,33.6415,21.2025,4.8273,16.5628,5.0736,4.3273,0.0016,0.0000,0.0000,0.0000
4,hasta_001,1780004394.518,2026-05-29 00:39:54,2075,NORMAL,54.4,65.2076,35.0647,60.1222,45.4173,9.4269,49.4120,48.6785,34.1290,21.3766,5.2978,16.5628,5.0736,4.3505,0.0016,0.0000,0.0000,0.0000
4,hasta_001,1780004394.576,2026-05-29 00:39:54,2076,NORMAL,53.9,65.6602,35.7501,58.9883,46.4595,9.8160,49.9247,48.9409,34.5955,21.5683,5.7652,16.5628,5.0736,4.3829,0.0016,0.0000,0.0000,0.0000
4,hasta_001,1780004394.620,2026-05-29 00:39:54,2077,NORMAL,53.4,65.3869,36.7240,56.1407,46.9124,10.1141,50.4434,49.2218,35.0277,21.7697,6.2079,16.5628,5.0736,4.4224,0.0016,0.0000,0.0000,0.0000
4,hasta_001,1780004394.667,2026-05-29 00:39:54,2078,NORMAL,53.4,64.5504,38.1566,51.3962,47.3263,10.3315,50.9627,49.5184,35.3413,21.9792,6.6284,16.5628,5.0736,4.4689,0.0015,0.0000,0.0000,0.0000
4,hasta_001,1780004394.713,2026-05-29 00:39:54,2079,NORMAL,53.9,63.3593,39.9200,45.3901,47.9020,10.3159,51.4770,49.8253,35.2116,22.1976,7.0347,16.5628,5.0736,4.5212,0.0014,0.0000,0.0000,0.0000
4,hasta_001,1780004394.787,2026-05-29 00:39:54,2080,NORMAL,54.9,61.5677,42.1516,37.4398,48.9683,9.9013,51.9770,50.1409,34.7468,22.4270,7.4432,16.5628,5.0736,4.5756,0.0014,0.0000,0.0000,0.0000
4,hasta_001,1780004394.860,2026-05-29 00:39:54,2081,NORMAL,56.4,60.1161,45.1361,28.4649,49.8190,9.0366,52.4597,50.4657,34.1919,22.6647,7.8477,16.5628,5.0736,4.6273,0.0015,0.0000,0.0000,0.0000
4,hasta_001,1780004394.921,2026-05-29 00:39:54,2082,NORMAL,60.2,58.5067,48.9005,17.8875,49.7314,7.9446,52.9190,50.7919,33.5356,22.9041,8.2226,16.5628,5.0736,4.6739,0.0016,0.0000,0.0000,0.0000
4,hasta_001,1780004394.954,2026-05-29 00:39:54,2083,NORMAL,70.4,57.4432,52.1091,9.7381,49.1194,7.1465,53.3562,51.1032,32.7900,23.1436,8.5574,16.5628,5.0736,4.7169,0.0017,0.0000,0.0000,0.0000
4,hasta_001,1780004394.986,2026-05-29 00:39:54,2084,NORMAL,77.9,56.2757,55.7258,0.9819,47.0307,6.2404,53.7723,51.4043,31.9467,23.3689,8.8233,16.5628,5.0736,4.7536,0.0017,0.0000,0.0000,0.0000
4,hasta_001,1780004395.039,2026-05-29 00:39:55,2085,NORMAL,74.0,55.0612,61.3379,10.7848,41.8564,4.8489,54.1696,51.7078,31.1324,23.5550,8.9744,16.5628,5.0736,4.7791,0.0018,0.0000,0.0000,0.0000
4,hasta_001,1780004395.101,2026-05-29 00:39:55,2086,NORMAL,62.1,53.0480,66.2720,22.1657,36.5537,3.4694,54.5449,52.0146,30.3632,23.7012,9.0419,16.5628,5.0736,4.7931,0.0018,0.0000,0.0000,0.0000
4,hasta_001,1780004395.141,2026-05-29 00:39:55,2087,NORMAL,59.1,52.1671,69.5900,28.6191,33.9083,2.6120,54.9110,52.3068,29.5769,23.8340,9.0737,16.5628,5.0736,4.7999,0.0018,0.0000,0.0000,0.0000
4,hasta_001,1780004395.195,2026-05-29 00:39:55,2088,NORMAL,58.8,50.8090,74.1382,37.3424,32.1168,1.9821,55.2671,52.6070,28.8044,23.9584,9.0840,16.5628,5.0736,4.8008,0.0018,0.0000,0.0000,0.0000
4,hasta_001,1780004395.249,2026-05-29 00:39:55,2089,NORMAL,58.3,48.6628,76.5853,44.5874,31.3258,1.6069,55.6092,52.9186,28.0513,24.0816,9.0829,16.5628,5.0736,4.7979,0.0017,0.0000,0.0000,0.0000
4,hasta_001,1780004395.295,2026-05-29 00:39:55,2090,NORMAL,58.3,46.2833,77.7143,50.6962,31.4579,1.3607,55.9360,53.2419,27.3193,24.2065,9.0804,16.5628,5.0736,4.7920,0.0016,0.0000,0.0000,0.0000
4,hasta_001,1780004395.349,2026-05-29 00:39:55,2091,NORMAL,59.8,42.4931,76.1361,56.7196,32.3450,1.1493,56.2354,53.5570,26.6127,24.3383,9.0828,16.5628,5.0736,4.7835,0.0016,0.0000,0.0000,0.0000
4,hasta_001,1780004395.413,2026-05-29 00:39:55,2092,NORMAL,59.8,38.4091,73.5467,62.7704,33.6159,0.9679,56.5051,53.8529,25.9261,24.4798,9.0939,16.5628,5.0736,4.7729,0.0015,0.0000,0.0000,0.0000
4,hasta_001,1780004395.473,2026-05-29 00:39:55,2093,NORMAL,59.8,35.0956,70.8489,67.4944,34.8051,0.9809,56.7524,54.1293,25.2415,24.6299,9.1145,16.5628,5.0736,4.7618,0.0014,0.0000,0.0000,0.0000
4,hasta_001,1780004395.531,2026-05-29 00:39:55,2094,NORMAL,59.8,32.7084,68.9511,71.3022,35.9325,1.1728,56.9859,54.3927,24.5406,24.7883,9.1443,16.5628,5.0736,4.7517,0.0014,0.0000,0.0000,0.0000
4,hasta_001,1780004395.598,2026-05-29 00:39:55,2095,NORMAL,58.8,30.8906,67.9396,74.9751,37.0348,1.4553,57.2182,54.6534,23.7520,24.9538,9.1847,16.5628,5.0736,4.7436,0.0013,0.0000,0.0000,0.0000
4,hasta_001,1780004395.651,2026-05-29 00:39:55,2096,NORMAL,58.8,29.5694,67.0158,77.5406,37.4106,1.5963,57.4451,54.9098,22.9338,25.1211,9.2271,16.5628,5.0736,4.7365,0.0013,0.0000,0.0000,0.0000
4,hasta_001,1780004395.699,2026-05-29 00:39:55,2097,NORMAL,58.8,28.4095,66.5771,80.3640,37.2570,1.6187,57.6610,55.1671,22.1554,25.2863,9.2654,16.5628,5.0736,4.7293,0.0012,0.0000,0.0000,0.0000
4,hasta_001,1780004395.754,2026-05-29 00:39:55,2098,NORMAL,58.8,27.3165,66.1719,83.1236,36.8908,1.4602,57.8330,55.4251,21.7124,25.4465,9.2984,16.5628,5.0736,4.7204,0.0011,0.0000,0.0000,0.0000
4,hasta_001,1780004395.807,2026-05-29 00:39:55,2099,NORMAL,59.8,26.4053,66.4819,86.2908,36.4403,1.2078,57.9327,55.6868,21.7368,25.6025,9.3244,16.5628,5.0736,4.7087,0.0011,0.0000,0.0000,0.0000
4,hasta_001,1780004395.889,2026-05-29 00:39:55,2100,NORMAL,58.8,25.5069,65.5286,87.9254,35.6129,1.6284,57.9340,55.9356,22.1879,25.7509,9.3408,16.5628,5.0736,4.6998,0.0010,0.0000,0.0000,0.0000
4,hasta_001,1780004395.951,2026-05-29 00:39:55,2101,NORMAL,58.1,25.1374,64.2220,87.4773,34.8969,2.4328,57.8679,56.1676,22.8373,25.8919,9.3501,16.5628,5.0736,4.6970,0.0010,0.0000,0.0000,0.0000
4,hasta_001,1780004396.008,2026-05-29 00:39:56,2102,NORMAL,58.1,24.6614,61.7317,85.8177,34.4343,3.4809,57.7447,56.3719,23.5039,26.0270,9.3554,16.5628,5.0736,4.7025,0.0009,0.0000,0.0000,0.0000
4,hasta_001,1780004396.067,2026-05-29 00:39:56,2103,NORMAL,58.0,24.1312,57.5834,81.8759,34.2476,4.5881,57.5597,56.5310,24.0323,26.1561,9.3611,16.5628,5.0736,4.7167,0.0009,0.0000,0.0000,0.0000
4,hasta_001,1780004396.121,2026-05-29 00:39:56,2104,NORMAL,57.4,23.0819,52.4906,77.8290,35.0503,5.5290,57.3320,56.6392,24.4789,26.2865,9.3751,16.5628,5.0736,4.7383,0.0008,0.0000,0.0000,0.0000
4,hasta_001,1780004396.180,2026-05-29 00:39:56,2105,NORMAL,56.9,21.2887,46.3058,74.0210,36.6917,6.2505,57.0656,56.6893,24.8647,26.4248,9.4051,16.5628,5.0736,4.7657,0.0008,0.0000,0.0000,0.0000
4,hasta_001,1780004396.241,2026-05-29 00:39:56,2106,NORMAL,55.4,19.2178,40.6159,71.5253,38.7040,6.6383,56.7624,56.6870,25.2067,26.5718,9.4579,16.5628,5.0736,4.7964,0.0007,0.0000,0.0000,0.0000
4,hasta_001,1780004396.301,2026-05-29 00:39:56,2107,NORMAL,55.9,17.2423,35.7476,69.8444,40.6182,6.7857,56.4401,56.6401,25.5395,26.7302,9.5323,16.5628,5.0736,4.8296,0.0006,0.0000,0.0000,0.0000
4,hasta_001,1780004396.343,2026-05-29 00:39:56,2108,NORMAL,55.9,15.9021,32.6107,68.8831,41.5728,6.7810,56.1100,56.5616,25.8830,26.8944,9.6165,16.5628,5.0736,4.8641,0.0005,0.0000,0.0000,0.0000
4,hasta_001,1780004396.393,2026-05-29 00:39:56,2109,NORMAL,55.9,14.7284,29.7475,67.5380,42.2185,6.6662,55.7750,56.4508,26.2439,27.0617,9.7066,16.5628,5.0736,4.8997,0.0004,0.0000,0.0000,0.0000
4,hasta_001,1780004396.460,2026-05-29 00:39:56,2110,NORMAL,56.9,13.6473,28.0355,69.0366,42.7055,6.3627,55.4350,56.3175,26.6429,27.2314,9.8001,16.5628,5.0736,4.9348,0.0003,0.0000,0.0000,0.0000
4,hasta_001,1780004396.491,2026-05-29 00:39:56,2111,NORMAL,57.4,12.7795,27.1401,71.9474,42.7830,6.0593,55.0939,56.1605,27.1131,27.3993,9.8921,16.5628,5.0736,4.9719,0.0003,0.0000,0.0000,0.0000
4,hasta_001,1780004396.544,2026-05-29 00:39:56,2112,NORMAL,57.9,11.4147,24.7933,73.8990,42.8406,5.3540,54.7417,55.9700,27.6299,27.5665,9.9817,16.5628,5.0736,5.0060,0.0002,0.0000,0.0000,0.0000
4,hasta_001,1780004396.589,2026-05-29 00:39:56,2113,NORMAL,58.5,9.5880,21.7037,77.4372,42.9619,4.5655,54.3697,55.7368,28.2024,27.7331,10.0701,16.5628,5.0736,5.0334,0.0002,0.0000,0.0000,0.0000
4,hasta_001,1780004396.636,2026-05-29 00:39:56,2114,NORMAL,58.6,6.8144,25.5084,115.6702,43.2446,3.6143,53.9684,55.5123,29.1272,27.8982,10.1602,16.5628,5.0736,5.0496,0.0002,0.0000,0.0000,0.0000
4,hasta_001,1780004396.683,2026-05-29 00:39:56,2115,NORMAL,58.6,4.2454,30.3879,150.9672,43.5169,2.7276,53.5402,55.2963,30.3751,28.0606,10.2524,16.5628,5.0736,5.0536,0.0002,0.0000,0.0000,0.0000
4,hasta_001,1780004396.726,2026-05-29 00:39:56,2116,NORMAL,59.3,3.0112,35.9363,169.0740,43.7807,2.0491,53.0939,55.0913,31.7276,28.2191,10.3468,16.5628,5.0736,5.0453,0.0002,0.0000,0.0000,0.0000
4,hasta_001,1780004396.768,2026-05-29 00:39:56,2117,NORMAL,59.3,3.0357,42.7778,173.4948,43.6337,1.6050,52.6374,54.9046,33.0736,28.3716,10.4376,16.5628,5.0736,5.0274,0.0001,0.0000,0.0000,0.0000
4,hasta_001,1780004396.829,2026-05-29 00:39:56,2118,NORMAL,59.8,3.9241,52.9209,172.3875,43.3899,1.2230,52.1778,54.7611,34.3675,28.5187,10.5234,16.5628,5.0736,4.9994,0.0001,0.0000,0.0000,0.0000
4,hasta_001,1780004396.883,2026-05-29 00:39:56,2119,NORMAL,60.3,4.5490,59.9312,171.7806,42.9852,0.9749,51.7138,54.6506,35.6369,28.6607,10.6024,16.5628,5.0736,4.9621,0.0000,0.0000,0.0000,0.0000
4,hasta_001,1780004396.925,2026-05-29 00:39:56,2120,NORMAL,61.8,5.0584,63.0908,170.3096,42.5508,0.8128,51.2415,54.5519,36.8953,28.7978,10.6745,16.5628,5.0736,4.9115,0.0001,0.0000,0.0000,0.0000
4,hasta_001,1780004396.991,2026-05-29 00:39:56,2121,NORMAL,61.8,5.3905,65.2941,169.4954,41.7401,0.6185,50.7686,54.4632,38.1412,28.9286,10.7360,16.5628,5.0736,4.8506,0.0002,0.0000,0.0000,0.0000
4,hasta_001,1780004397.031,2026-05-29 00:39:57,2122,NORMAL,61.8,5.3849,65.3852,169.5640,41.1240,0.4898,50.2991,54.3880,39.3989,29.0547,10.7895,16.5628,5.0736,4.7826,0.0002,0.0000,0.0000,0.0000
4,hasta_001,1780004397.086,2026-05-29 00:39:57,2123,NORMAL,61.8,5.3202,64.8984,169.6934,40.4305,0.4211,49.8413,54.3956,40.7630,29.1712,10.8361,16.5628,5.0736,4.7095,0.0003,0.0000,0.0000,0.0000
4,hasta_001,1780004397.123,2026-05-29 00:39:57,2124,NORMAL,61.8,5.1143,64.4748,170.6030,40.0239,0.4048,49.3943,54.4853,42.1100,29.2825,10.8783,16.5628,5.0736,4.6305,0.0003,0.0000,0.0000,0.0000
4,hasta_001,1780004397.153,2026-05-29 00:39:57,2125,NORMAL,61.8,4.8677,64.6027,171.9727,39.6889,0.4085,48.9470,54.5858,43.4531,29.3911,10.9166,16.5628,5.0736,4.5510,0.0004,0.0000,0.0000,0.0000
4,hasta_001,1780004397.201,2026-05-29 00:39:57,2126,NORMAL,61.8,4.2876,61.3222,173.8600,39.1851,0.4731,48.4911,54.6391,44.8425,29.4996,10.9486,16.5628,5.0736,4.4755,0.0004,0.0000,0.0000,0.0000
4,hasta_001,1780004397.256,2026-05-29 00:39:57,2127,NORMAL,61.3,3.6165,55.8604,175.6783,38.7180,0.5749,48.0246,54.6292,46.2699,29.6081,10.9749,16.5628,5.0736,4.4065,0.0005,0.0000,0.0000,0.0000
4,hasta_001,1780004397.312,2026-05-29 00:39:57,2128,NORMAL,61.3,2.9727,48.8869,177.0713,38.3034,0.7814,47.5511,54.5754,47.6812,29.7149,10.9966,16.5628,5.0736,4.3437,0.0005,0.0000,0.0000,0.0000
4,hasta_001,1780004397.358,2026-05-29 00:39:57,2129,NORMAL,59.8,2.4654,42.9234,178.2731,37.9855,1.0748,47.0714,54.5164,49.0149,29.8204,11.0147,16.5628,5.0736,4.2906,0.0006,0.0000,0.0000,0.0000
4,hasta_001,1780004397.405,2026-05-29 00:39:57,2130,NORMAL,58.8,2.0512,38.0807,179.5556,37.4096,1.5823,46.5889,54.4621,50.2665,29.9231,11.0275,16.5628,5.0736,4.2499,0.0006,0.0000,0.0000,0.0000
4,hasta_001,1780004397.452,2026-05-29 00:39:57,2131,NORMAL,58.8,1.5954,33.1439,181.6297,36.7338,2.1257,46.1062,54.3589,51.5580,30.0249,11.0335,16.5628,5.0736,4.2232,0.0006,0.0000,0.0000,0.0000
4,hasta_001,1780004397.498,2026-05-29 00:39:57,2132,NORMAL,58.1,5.6919,28.8100,134.0106,36.0188,2.5808,45.6574,54.1907,52.5126,30.1240,11.0335,16.5628,5.0736,4.2080,0.0006,0.0000,0.0000,0.0000
4,hasta_001,1780004397.542,2026-05-29 00:39:57,2133,NORMAL,58.1,14.1791,25.7824,58.0727,35.2344,2.8893,45.2793,53.9688,52.8904,30.2192,11.0279,16.5628,5.0736,4.2012,0.0006,0.0000,0.0000,0.0000
4,hasta_001,1780004397.574,2026-05-29 00:39:57,2134,NORMAL,73.6,24.8874,24.1553,2.9858,34.5128,3.1713,44.9930,53.7095,52.8574,30.3105,11.0177,16.1239,5.0376,4.2031,0.0007,0.0000,0.0000,0.0000
4,hasta_001,1780004397.604,2026-05-29 00:39:57,2135,NORMAL,58.1,37.7813,22.3041,51.5173,33.8580,3.4438,44.8170,53.4206,53.2589,30.3984,11.0036,16.1239,5.0376,4.2128,0.0008,0.0000,0.0000,0.0000
4,hasta_001,1780004397.635,2026-05-29 00:39:57,2136,NORMAL,58.1,46.8931,20.5770,78.0082,33.2271,3.7305,44.7234,53.1113,53.9028,30.4814,10.9870,16.1239,5.0376,4.2298,0.0008,0.0000,0.0000,0.0000
4,hasta_001,1780004397.686,2026-05-29 00:39:57,2137,NORMAL,58.1,48.2292,18.2150,90.3440,32.5344,3.7892,44.6471,52.7794,54.6461,30.5577,10.9692,16.1239,5.0376,4.2517,0.0009,0.0000,0.0000,0.0000
4,hasta_001,1780004397.736,2026-05-29 00:39:57,2138,NORMAL,58.1,35.7988,16.1575,75.6069,32.1596,3.2594,44.4704,52.4295,55.2598,30.6303,10.9508,16.1239,5.0376,4.2711,0.0009,0.0000,0.0000,0.0000
4,hasta_001,1780004397.775,2026-05-29 00:39:57,2139,NORMAL,58.1,23.1908,14.8293,43.9847,32.0918,2.7159,44.1948,52.0642,55.5914,30.7027,10.9314,16.1239,5.0376,4.2879,0.0008,0.0000,0.0000,0.0000
4,hasta_001,1780004397.805,2026-05-29 00:39:57,2140,NORMAL,73.1,15.0781,13.9528,7.7524,31.9972,2.6564,43.8541,51.6931,55.6192,30.7758,10.9105,16.1239,5.0376,4.3049,0.0008,0.0000,0.0000,0.0000
4,hasta_001,1780004397.839,2026-05-29 00:39:57,2141,NORMAL,58.1,9.5916,13.1306,31.1502,32.1226,2.8036,43.4688,51.3207,55.8497,30.8533,10.8867,16.1239,5.0376,4.3231,0.0009,0.0000,0.0000,0.0000
4,hasta_001,1780004397.889,2026-05-29 00:39:57,2142,PARKINSON RISKI,79.5,4.5153,12.2238,92.1023,32.3430,2.9572,43.0397,50.9468,56.6013,30.9374,10.8589,16.1239,5.0376,4.3414,0.0010,0.0000,3.0000,0.0000
4,hasta_001,1780004397.923,2026-05-29 00:39:57,2143,PARKINSON RISKI,79.5,2.8673,11.5098,120.2265,32.5317,3.1334,42.5941,50.5735,57.6027,31.0262,10.8279,16.1239,5.0376,4.3590,0.0009,0.0000,3.0000,0.0000
4,hasta_001,1780004397.973,2026-05-29 00:39:57,2144,NORMAL,58.1,3.6064,10.5538,98.1248,32.9149,3.3137,42.1496,50.2032,58.3913,31.1240,10.7915,16.1239,5.0376,4.3724,0.0009,0.0000,0.0000,0.0000
4,hasta_001,1780004398.024,2026-05-29 00:39:58,2145,NORMAL,58.1,3.7950,9.6753,87.3068,33.1390,3.2976,41.7042,49.8310,59.0756,31.2294,10.7488,16.1239,5.0376,4.3770,0.0010,0.0000,0.0000,0.0000
4,hasta_001,1780004398.070,2026-05-29 00:39:58,2146,NORMAL,58.1,2.2744,9.0447,119.6266,33.2545,3.1258,41.2456,49.4569,60.0218,31.3390,10.7018,16.1239,5.0376,4.3743,0.0011,0.0000,0.0000,0.0000
4,hasta_001,1780004398.113,2026-05-29 00:39:58,2147,NORMAL,58.1,2.4311,8.6902,112.5612,33.3251,2.8248,40.7866,49.0798,60.9066,31.4535,10.6487,18.1139,4.7923,4.3615,0.0010,0.0000,0.0000,0.0000
4,hasta_001,1780004398.167,2026-05-29 00:39:58,2148,NORMAL,58.1,3.0001,8.5767,96.3403,33.3773,2.4331,40.3294,48.7013,61.6516,31.5715,10.5908,18.1139,4.7923,4.3398,0.0009,0.0000,0.0000,0.0000
4,hasta_001,1780004398.257,2026-05-29 00:39:58,2149,NORMAL,58.8,13.9279,9.0990,41.9419,32.5836,1.7793,39.9603,48.3257,61.9411,31.6865,10.5260,18.1139,4.7923,4.3078,0.0008,0.0000,0.0000,0.0000
4,hasta_001,1780004398.346,2026-05-29 00:39:58,2150,NORMAL,59.3,23.5733,14.2576,49.2494,31.9550,1.3028,39.6696,47.9891,62.2955,31.7993,10.4556,18.1139,4.7923,4.2704,0.0009,0.0000,0.0000,0.0000
4,hasta_001,1780004398.418,2026-05-29 00:39:58,2151,NORMAL,59.3,30.1090,20.8186,36.4849,31.1993,1.1349,39.4324,47.7031,62.5492,31.9079,10.3808,18.1610,4.7974,4.2313,0.0009,0.0000,0.0000,0.0000
4,hasta_001,1780004398.474,2026-05-29 00:39:58,2152,NORMAL,60.3,35.2459,27.2437,25.6114,30.6834,1.0066,39.2361,47.4660,62.7174,32.0151,10.3009,18.1610,4.7974,4.1914,0.0008,0.0000,0.0000,0.0000
4,hasta_001,1780004398.536,2026-05-29 00:39:58,2153,NORMAL,71.1,38.5437,32.7297,16.3147,30.3993,0.7783,39.0642,47.2721,62.8075,32.1223,10.2162,18.1610,4.7974,4.1494,0.0008,0.0000,0.0000,0.0000
4,hasta_001,1780004398.586,2026-05-29 00:39:58,2154,NORMAL,73.1,40.0018,37.5597,6.2971,30.4051,0.6419,38.9034,47.1177,62.8137,32.2319,10.1262,18.1610,4.7974,4.1068,0.0010,0.0000,0.0000,0.0000
4,hasta_001,1780004398.624,2026-05-29 00:39:58,2155,NORMAL,73.6,39.7424,40.4510,1.7674,30.3318,0.5180,38.7385,46.9834,62.7857,32.3433,10.0309,18.1610,4.7974,4.0644,0.0009,0.0000,0.0000,0.0000
4,hasta_001,1780004398.701,2026-05-29 00:39:58,2156,NORMAL,73.1,38.8401,42.7989,9.6982,29.7969,0.3761,38.5644,46.8678,62.8228,32.4524,9.9308,18.1610,4.7974,4.0225,0.0008,0.0000,0.0000,0.0000
4,hasta_001,1780004398.773,2026-05-29 00:39:58,2157,NORMAL,73.1,37.8165,42.2239,11.0129,29.2300,0.2663,38.3825,46.7473,62.8720,32.5583,9.8277,18.1610,4.7974,3.9814,0.0007,0.0000,0.0000,0.0000
4,hasta_001,1780004398.822,2026-05-29 00:39:58,2158,NORMAL,73.1,37.3472,41.3195,10.0991,28.8487,0.2482,38.1991,46.6208,62.9151,32.6620,9.7218,18.1480,4.7960,3.9414,0.0007,0.0000,0.0000,0.0000
4,hasta_001,1780004398.881,2026-05-29 00:39:58,2159,NORMAL,73.1,36.7082,39.8966,8.3242,28.4344,0.2691,38.0146,46.4873,62.9420,32.7633,9.6132,18.1480,4.7960,3.9035,0.0006,0.0000,0.0000,0.0000
4,hasta_001,1780004398.956,2026-05-29 00:39:58,2160,NORMAL,73.1,36.2442,38.1472,5.1164,27.9663,0.4202,37.8367,46.3540,62.9331,32.8606,9.5044,18.1480,4.7960,3.8686,0.0011,0.0000,0.0000,0.0000
4,hasta_001,1780004399.017,2026-05-29 00:39:59,2161,NORMAL,73.1,35.4019,37.0953,4.6714,27.6280,0.6401,37.6602,46.2208,62.9188,32.9544,9.3961,18.1480,4.7960,3.8369,0.0012,0.0000,0.0000,0.0000
4,hasta_001,1780004399.082,2026-05-29 00:39:59,2162,NORMAL,73.6,34.4835,35.7312,3.5541,27.1048,0.8098,37.4748,46.0711,62.9027,33.0437,9.2886,18.1480,4.7960,3.8079,0.0017,0.0000,0.0000,0.0000
4,hasta_001,1780004399.139,2026-05-29 00:39:59,2163,NORMAL,73.6,34.4814,35.3715,2.5484,26.6845,0.9835,37.2724,45.8967,62.8881,33.1294,9.1815,18.1621,4.7976,3.7812,0.0016,0.0000,0.0000,0.0000
4,hasta_001,1780004399.218,2026-05-29 00:39:59,2164,NORMAL,73.1,34.7617,35.2653,1.4384,26.3678,1.2306,37.0477,45.6907,62.8762,33.2126,9.0739,18.1621,4.7976,3.7575,0.0015,0.0000,0.0000,0.0000
4,hasta_001,1780004399.281,2026-05-29 00:39:59,2165,NORMAL,72.6,34.7239,34.9866,0.7536,26.2706,1.4208,36.8051,45.4607,62.8661,33.2949,8.9652,18.1621,4.7976,3.7359,0.0015,0.0000,0.0000,0.0000
4,hasta_001,1780004399.315,2026-05-29 00:39:59,2166,NORMAL,72.1,32.8893,35.0443,6.3443,25.9991,1.5091,36.5306,45.2133,62.9049,33.3746,8.8568,18.1621,4.7976,3.7153,0.0013,0.0000,0.0000,0.0000
4,hasta_001,1780004399.377,2026-05-29 00:39:59,2167,NORMAL,71.9,30.8968,34.9709,12.3705,25.5964,1.6102,36.2195,44.9454,62.9943,33.4504,8.7503,18.1621,4.7976,3.6960,0.0013,0.0000,0.0000,0.0000
4,hasta_001,1780004399.447,2026-05-29 00:39:59,2168,NORMAL,71.4,29.3630,33.8257,14.1251,25.1423,1.7444,35.8794,44.6547,63.0945,33.5216,8.6471,18.1907,4.8007,3.6779,0.0012,0.0000,0.0000,0.0000
4,hasta_001,1780004399.509,2026-05-29 00:39:59,2169,NORMAL,71.4,27.6483,31.8100,13.9987,24.7011,1.8574,35.5163,44.3414,63.1897,33.5885,8.5470,18.1907,4.8007,3.6606,0.0012,0.0000,0.0000,0.0000
4,hasta_001,1780004399.576,2026-05-29 00:39:59,2170,NORMAL,72.1,26.0721,29.3765,11.9190,24.2803,1.9742,35.1337,44.0053,63.2621,33.6505,8.4517,18.1907,4.8007,3.6440,0.0012,0.0000,0.0000,0.0000
4,hasta_001,1780004399.631,2026-05-29 00:39:59,2171,NORMAL,72.1,24.0241,26.7652,10.7940,23.9047,2.0730,34.7300,43.6464,63.3212,33.7084,8.3605,18.1907,4.8007,3.6275,0.0011,0.0000,0.0000,0.0000
4,hasta_001,1780004399.684,2026-05-29 00:39:59,2172,NORMAL,72.1,22.1704,23.6630,6.5130,23.6361,2.1483,34.3099,43.2628,63.3416,33.7632,8.2721,18.1907,4.8007,3.6111,0.0011,0.0000,0.0000,0.0000
4,hasta_001,1780004399.744,2026-05-29 00:39:59,2173,NORMAL,72.1,19.3894,17.7904,8.6014,23.3224,2.2409,33.8669,42.8319,63.3777,33.8152,8.1864,18.1907,4.8007,3.5945,0.0011,0.0000,0.0000,0.0000
4,hasta_001,1780004399.808,2026-05-29 00:39:59,2174,NORMAL,58.6,16.2169,12.2368,27.9765,23.2422,2.3414,33.3991,42.3572,63.5736,33.8653,8.1026,18.1832,4.7999,3.5780,0.0010,0.0000,0.0000,0.0000
4,hasta_001,1780004399.860,2026-05-29 00:39:59,2175,NORMAL,57.6,13.0978,7.8794,49.7524,23.3075,2.4416,32.9077,41.8502,63.9486,33.9139,8.0212,18.1832,4.7999,3.5617,0.0010,0.0000,0.0000,0.0000
4,hasta_001,1780004399.917,2026-05-29 00:39:59,2176,NORMAL,57.6,9.8290,4.3018,78.2294,23.3073,2.5686,32.3903,41.3159,64.5589,33.9602,7.9434,18.1832,4.7999,3.5461,0.0010,0.0000,0.0000,0.0000
4,hasta_001,1780004399.990,2026-05-29 00:39:59,2177,NORMAL,57.6,6.9287,3.9776,54.1180,23.0159,2.7229,31.8498,40.7819,64.9655,34.0020,7.8723,18.1832,4.7999,3.5317,0.0010,0.0000,0.0000,0.0000
4,hasta_001,1780004400.044,2026-05-29 00:40:00,2178,NORMAL,72.6,4.9393,4.5925,7.2772,22.5496,2.8330,31.2942,40.2574,64.9772,34.0365,7.8128,18.1832,4.7999,3.5181,0.0010,0.0000,0.0000,0.0000
4,hasta_001,1780004400.084,2026-05-29 00:40:00,2179,NORMAL,57.6,3.4450,5.1319,39.3351,22.0614,2.9047,30.7274,39.7402,65.2538,34.0630,7.7665,18.1832,4.7999,3.5045,0.0010,0.0000,0.0000,0.0000
4,hasta_001,1780004400.137,2026-05-29 00:40:00,2180,NORMAL,57.6,2.0247,5.8382,96.9988,21.2440,2.9582,30.1500,39.2317,66.0084,34.0789,7.7382,18.1999,4.8017,3.4899,0.0010,0.0000,0.0000,0.0000
4,hasta_001,1780004400.203,2026-05-29 00:40:00,2181,NORMAL,57.6,1.7259,6.4485,115.5443,20.2379,2.9737,29.5711,38.7312,66.9146,34.0840,7.7290,18.1999,4.8017,3.4734,0.0010,0.0000,0.0000,0.0000
4,hasta_001,1780004400.260,2026-05-29 00:40:00,2182,NORMAL,57.6,1.9512,6.7945,110.7577,19.5591,2.9961,28.9999,38.2520,67.7609,34.0815,7.7336,18.1999,4.8017,3.4530,0.0009,0.0000,0.0000,0.0000
4,hasta_001,1780004400.304,2026-05-29 00:40:00,2183,NORMAL,57.6,2.3797,6.9949,98.4614,18.8502,3.0045,28.4370,37.7984,68.4734,34.0733,7.7491,18.1999,4.8017,3.4302,0.0009,0.0000,0.0000,0.0000
4,hasta_001,1780004400.368,2026-05-29 00:40:00,2184,NORMAL,57.6,2.8619,7.1234,85.3558,18.0718,3.0365,27.8872,37.3978,69.0015,34.0588,7.7774,18.1999,4.8017,3.4027,0.0009,0.0000,0.0000,0.0000
4,hasta_001,1780004400.456,2026-05-29 00:40:00,2185,NORMAL,57.6,3.0664,7.2083,80.6244,17.2651,3.1840,27.3447,37.0401,69.4192,34.0371,7.8204,18.1999,4.8017,3.3728,0.0009,0.0000,0.0000,0.0000
4,hasta_001,1780004400.527,2026-05-29 00:40:00,2186,NORMAL,57.6,3.0664,7.1355,79.7727,16.6377,3.3215,26.8097,36.7481,69.7019,33.9999,7.8922,18.1895,4.8006,3.3382,0.0009,0.0000,0.0000,0.0000
4,hasta_001,1780004400.583,2026-05-29 00:40:00,2187,NORMAL,57.6,2.9868,7.0460,80.9188,16.0623,3.4520,26.2794,36.4932,69.9130,33.9392,8.0012,18.1895,4.8006,3.3009,0.0009,0.0000,0.0000,0.0000
4,hasta_001,1780004400.633,2026-05-29 00:40:00,2188,NORMAL,57.6,3.0019,7.0484,80.5264,15.6273,3.5658,25.7540,36.2582,70.0771,33.8555,8.1387,18.1895,4.8006,3.2619,0.0008,0.0000,0.0000,0.0000
4,hasta_001,1780004400.677,2026-05-29 00:40:00,2189,NORMAL,57.6,3.0145,7.0485,80.1764,15.2970,3.6586,25.2322,36.0347,70.2133,33.7427,8.2996,18.1895,4.8006,3.2211,0.0008,0.0000,0.0000,0.0000
4,hasta_001,1780004400.732,2026-05-29 00:40:00,2190,NORMAL,56.0,3.0974,7.1157,78.6897,14.9506,3.8054,24.7167,35.8157,70.3342,33.6080,8.4706,18.1895,4.8006,3.1798,0.0008,0.0000,0.0000,0.0000
4,hasta_001,1780004400.764,2026-05-29 00:40:00,2191,NORMAL,56.0,3.1550,7.2183,78.3421,14.7716,3.9479,24.2071,35.5987,70.4567,33.4461,8.6417,18.1895,4.8006,3.1385,0.0009,0.0000,0.0000,0.0000
4,hasta_001,1780004400.816,2026-05-29 00:40:00,2192,NORMAL,55.0,3.2876,7.4732,77.7931,14.5629,4.1952,23.7016,35.3823,70.5829,33.2475,8.7981,18.1895,4.8006,3.0990,0.0009,0.0000,0.0000,0.0000
4,hasta_001,1780004400.864,2026-05-29 00:40:00,2193,NORMAL,54.5,3.3953,7.6983,77.5772,14.4594,4.3758,23.1960,35.1647,70.7140,33.0265,8.9331,18.1895,4.8006,3.0610,0.0008,0.0000,0.0000,0.0000
4,hasta_001,1780004400.908,2026-05-29 00:40:00,2194,NORMAL,52.5,3.5644,7.8268,74.8370,14.3292,4.5212,22.6891,34.9433,70.8317,32.7829,9.0405,18.1895,4.8006,3.0230,0.0008,0.0000,0.0000,0.0000
4,hasta_001,1780004400.955,2026-05-29 00:40:00,2195,NORMAL,51.0,3.7520,7.9268,71.4941,14.1766,4.6758,22.1769,34.7171,70.9264,32.5225,9.1223,18.1895,4.8006,2.9835,0.0008,0.0000,0.0000,0.0000
4,hasta_001,1780004400.994,2026-05-29 00:40:00,2196,PARKINSON RISKI,50.5,3.9073,7.9168,67.8199,14.0719,4.7843,21.6623,34.4852,71.0000,32.2526,9.1849,18.1895,4.8006,2.9415,0.0008,0.0000,0.0000,0.0000
4,hasta_001,1780004401.025,2026-05-29 00:40:01,2197,PARKINSON RISKI,51.1,4.0205,7.8457,64.4721,14.0651,4.8717,21.1509,34.2445,71.0694,31.9789,9.2333,18.1895,4.8006,2.8978,0.0007,0.0000,0.0000,0.0000
4,hasta_001,1780004401.068,2026-05-29 00:40:01,2198,PARKINSON RISKI,52.1,4.0763,7.6898,61.4236,14.0303,4.9766,20.6470,33.9907,71.1530,31.7014,9.2681,18.1895,4.8006,2.8532,0.0006,0.0000,0.0000,0.0000
4,hasta_001,1780004401.112,2026-05-29 00:40:01,2199,PARKINSON RISKI,52.1,4.0732,7.4661,58.8047,13.8224,5.0580,20.1529,33.7202,71.2648,31.4174,9.2894,18.1895,4.8006,2.8094,0.0006,0.0000,0.0000,0.0000
4,hasta_001,1780004401.151,2026-05-29 00:40:01,2200,PARKINSON RISKI,53.5,4.0570,7.2238,56.1448,13.6847,5.1294,19.6737,33.4291,71.4207,31.1234,9.2877,18.1895,4.8006,2.7696,0.0006,0.0000,0.0000,0.0000
4,hasta_001,1780004401.187,2026-05-29 00:40:01,2201,PARKINSON RISKI,54.4,4.0155,6.9443,53.4479,13.5345,5.2029,19.2062,33.1109,71.6289,30.8210,9.2647,18.1895,4.8006,2.7377,0.0007,0.0000,0.0000,0.0000
4,hasta_001,1780004401.240,2026-05-29 00:40:01,2202,PARKINSON RISKI,55.4,3.9239,6.5254,49.7933,13.3554,5.3040,18.7513,32.7578,71.8947,30.5179,9.2361,18.1895,4.8006,2.7157,0.0008,0.0000,0.0000,0.0000
4,hasta_001,1780004401.293,2026-05-29 00:40:01,2203,PARKINSON RISKI,57.0,3.5830,5.4270,40.9333,13.2531,5.4043,18.3025,32.3687,72.1547,30.2190,9.2096,18.1895,4.8006,2.7012,0.0008,0.0000,0.0000,0.0000
4,hasta_001,1780004401.344,2026-05-29 00:40:01,2204,PARKINSON RISKI,57.0,3.0471,4.6592,41.8380,13.1549,5.4993,17.8589,31.9432,72.4952,29.9367,9.2091,18.1895,4.8006,2.6950,0.0009,0.0000,0.0000,0.0000
4,hasta_001,1780004401.429,2026-05-29 00:40:01,2205,PARKINSON RISKI,57.0,2.5565,3.7387,37.5592,12.8190,5.6109,17.4214,31.4632,72.7183,29.6947,9.2740,18.1895,4.8006,2.7013,0.0009,0.0000,0.0000,0.0000
4,hasta_001,1780004401.513,2026-05-29 00:40:01,2206,PARKINSON RISKI,57.0,2.2616,3.1255,32.0728,12.5075,5.5292,16.9982,30.9370,72.8009,29.4944,9.3828,18.0885,4.7906,2.7185,0.0009,0.0000,0.0000,0.0000
4,hasta_001,1780004401.580,2026-05-29 00:40:01,2207,PARKINSON RISKI,56.0,1.8657,2.5104,29.4656,12.1471,5.3672,16.5790,30.3780,72.8079,29.3130,9.5052,18.0885,4.7906,2.7415,0.0010,0.0000,0.0000,0.0000
4,hasta_001,1780004401.627,2026-05-29 00:40:01,2208,PARKINSON RISKI,57.0,1.5751,2.1770,32.0860,11.6665,5.1757,16.1687,29.7783,72.7641,29.1426,9.6358,18.0885,4.7906,2.7681,0.0009,0.0000,0.0000,0.0000
4,hasta_001,1780004401.681,2026-05-29 00:40:01,2209,PARKINSON RISKI,58.7,1.2462,3.0119,82.9383,11.1296,4.8914,15.7736,29.1652,73.0837,28.9743,9.7717,18.0885,4.7906,2.7954,0.0009,0.0000,0.0000,0.0000
4,hasta_001,1780004401.723,2026-05-29 00:40:01,2210,PARKINSON RISKI,58.2,1.0115,3.4012,108.3079,10.6287,4.5865,15.3963,28.5459,73.5638,28.8007,9.9100,18.0885,4.7906,2.8223,0.0008,0.0000,0.0000,0.0000
4,hasta_001,1780004401.780,2026-05-29 00:40:01,2211,PARKINSON RISKI,58.1,0.7334,3.6797,133.5218,10.1287,4.1158,15.0483,27.9421,74.2038,28.6156,10.0486,18.0885,4.7906,2.8470,0.0008,0.0000,0.0000,0.0000
4,hasta_001,1780004401.835,2026-05-29 00:40:01,2212,PARKINSON RISKI,57.1,0.4979,3.7761,153.4035,10.5225,3.7117,14.7324,27.3607,74.9591,28.4231,10.1714,18.1413,4.7964,2.8699,0.0008,0.0000,0.0000,0.0000
4,hasta_001,1780004401.909,2026-05-29 00:40:01,2213,PARKINSON RISKI,57.1,0.3880,4.3929,167.5369,11.3621,3.2699,14.4431,26.8069,75.7928,28.2278,10.2716,18.1413,4.7964,2.8890,0.0007,0.0000,0.0000,0.0000
4,hasta_001,1780004401.974,2026-05-29 00:40:01,2214,PARKINSON RISKI,57.1,0.4593,5.1677,167.3503,12.5281,2.9451,14.1744,26.2754,76.5932,28.0327,10.3454,18.1413,4.7964,2.9038,0.0007,0.0000,0.0000,0.0000
4,hasta_001,1780004402.023,2026-05-29 00:40:02,2215,PARKINSON RISKI,57.9,0.5931,5.6329,161.8929,13.4954,2.7138,13.9219,25.7561,77.3175,27.8366,10.3959,18.1413,4.7964,2.9142,0.0006,0.0000,0.0000,0.0000
4,hasta_001,1780004402.082,2026-05-29 00:40:02,2216,PARKINSON RISKI,57.9,0.7553,5.9180,154.7267,14.9029,2.4830,13.6818,25.2470,77.9607,27.6490,10.4244,18.1413,4.7964,2.9216,0.0005,0.0000,0.0000,0.0000
4,hasta_001,1780004402.132,2026-05-29 00:40:02,2217,PARKINSON RISKI,57.9,0.9190,6.0289,147.0918,16.2415,2.3102,13.4527,24.7424,78.5168,27.4739,10.4381,18.1413,4.7964,2.9274,0.0005,0.0000,0.0000,0.0000
4,hasta_001,1780004402.195,2026-05-29 00:40:02,2218,PARKINSON RISKI,57.9,1.1470,6.0482,136.2371,17.7402,2.1415,13.2346,24.2414,78.9594,27.3143,10.4393,18.1413,4.7964,2.9331,0.0004,0.0000,0.0000,0.0000
4,hasta_001,1780004402.275,2026-05-29 00:40:02,2219,PARKINSON RISKI,56.7,1.3748,5.9932,125.3649,19.3368,1.9341,13.0260,23.7373,79.2850,27.1718,10.4305,18.1413,4.7964,2.9391,0.0004,0.0000,0.0000,0.0000
4,hasta_001,1780004402.351,2026-05-29 00:40:02,2220,PARKINSON RISKI,56.7,1.6439,5.8428,112.1702,20.9695,1.7746,12.8272,23.2399,79.4870,27.0497,10.4166,18.1413,4.7964,2.9403,0.0004,0.0000,0.0000,0.0000
4,hasta_001,1780004402.432,2026-05-29 00:40:02,2221,PARKINSON RISKI,56.7,1.8345,5.7099,102.7349,22.2396,1.8212,12.6330,22.7523,79.6142,26.9443,10.4007,18.1413,4.7964,2.9352,0.0004,0.0000,0.0000,0.0000
4,hasta_001,1780004402.479,2026-05-29 00:40:02,2222,PARKINSON RISKI,56.7,2.0220,5.7732,96.2445,22.9971,1.9542,12.4443,22.2860,79.7011,26.8490,10.3840,18.1413,4.7964,2.9225,0.0003,0.0000,0.0000,0.0000
4,hasta_001,1780004402.529,2026-05-29 00:40:02,2223,PARKINSON RISKI,57.9,2.2035,5.9680,92.1369,23.8566,2.1487,12.2616,21.8559,79.7866,26.7624,10.3653,18.1413,4.7964,2.9022,0.0003,0.0000,0.0000,0.0000
4,hasta_001,1780004402.569,2026-05-29 00:40:02,2224,PARKINSON RISKI,58.4,2.4186,6.0884,86.2783,24.4177,2.3661,12.0894,21.4692,79.8570,26.6738,10.3395,18.1413,4.7964,2.8758,0.0002,0.0000,0.0000,0.0000
4,hasta_001,1780004402.621,2026-05-29 00:40:02,2225,PARKINSON RISKI,58.4,2.7197,6.1654,77.5621,24.9111,2.6656,11.9347,21.1347,79.8865,26.5756,10.2997,18.1413,4.7964,2.8460,0.0002,0.0000,0.0000,0.0000
4,hasta_001,1780004402.690,2026-05-29 00:40:02,2226,PARKINSON RISKI,58.4,3.1149,6.2021,66.2697,25.2445,3.0526,11.8005,20.8479,79.8427,26.4634,10.2402,18.1413,4.7964,2.8161,0.0002,0.0000,0.0000,0.0000
4,hasta_001,1780004402.734,2026-05-29 00:40:02,2227,PARKINSON RISKI,58.4,3.4066,6.2472,58.8496,25.3492,3.2734,11.6852,20.6021,79.7511,26.3362,10.1580,18.1413,4.7964,2.7868,0.0001,0.0000,0.0000,0.0000
4,hasta_001,1780004402.764,2026-05-29 00:40:02,2228,PARKINSON RISKI,58.4,3.6064,6.2891,54.2207,25.4149,3.4401,11.5827,20.3827,79.6289,26.2015,10.0618,18.1413,4.7964,2.7590,0.0000,0.0000,0.0000,0.0000
4,hasta_001,1780004402.811,2026-05-29 00:40:02,2229,PARKINSON RISKI,58.4,3.8386,6.3500,49.2993,25.4044,3.6632,11.4920,20.1877,79.4769,26.0614,9.9543,18.1413,4.7964,2.7339,0.0001,0.0000,0.0000,0.0000
4,hasta_001,1780004402.867,2026-05-29 00:40:02,2230,PARKINSON RISKI,58.4,4.0142,6.4226,46.1525,25.2369,3.8819,11.4117,20.0076,79.2862,25.9158,9.8368,18.1413,4.7964,2.7133,0.0002,0.0000,0.0000,0.0000
4,hasta_001,1780004402.924,2026-05-29 00:40:02,2231,PARKINSON RISKI,59.4,4.1456,6.4780,43.9102,25.0613,4.0640,11.3397,19.8355,79.0526,25.7682,9.7148,18.1413,4.7964,2.6966,0.0002,0.0000,0.0000,0.0000
4,hasta_001,1780004402.968,2026-05-29 00:40:02,2232,PARKINSON RISKI,59.4,4.2499,6.5643,42.8018,24.9181,4.1843,11.2800,19.6835,78.7934,25.6188,9.5881,18.1413,4.7964,2.6869,0.0002,0.0000,0.0000,0.0000
4,hasta_001,1780004403.024,2026-05-29 00:40:03,2233,PARKINSON RISKI,59.4,4.3680,6.6516,41.4470,24.7250,4.2893,11.2365,19.5581,78.4935,25.4668,9.4556,18.1413,4.7964,2.6846,0.0002,0.0000,0.0000,0.0000
4,hasta_001,1780004403.080,2026-05-29 00:40:03,2234,PARKINSON RISKI,59.5,4.6038,6.8280,38.9116,24.5281,4.4112,11.2181,19.4024,77.8538,25.3109,9.3144,18.1413,4.7964,2.6912,0.0002,0.0000,0.0000,0.0000
4,hasta_001,1780004403.119,2026-05-29 00:40:03,2235,PARKINSON RISKI,59.5,4.8410,6.9577,35.8795,24.4229,4.5159,11.2231,19.2072,76.8948,25.1517,9.1639,18.1413,4.7964,2.7061,0.0003,0.0000,0.0000,0.0000
4,hasta_001,1780004403.177,2026-05-29 00:40:03,2236,PARKINSON RISKI,59.5,5.1646,7.1304,31.9776,24.2499,4.6429,11.2410,18.9671,75.7523,24.9890,9.0036,18.1413,4.7964,2.7278,0.0003,0.0000,0.0000,0.0000
4,hasta_001,1780004403.232,2026-05-29 00:40:03,2237,PARKINSON RISKI,58.5,5.5178,7.3036,27.8559,24.1119,4.6986,11.2617,18.6715,74.5387,24.8263,8.8402,18.1413,4.7964,2.7535,0.0003,0.0000,0.0000,0.0000
4,hasta_001,1780004403.293,2026-05-29 00:40:03,2238,PARKINSON RISKI,56.5,5.9327,7.4601,22.8086,23.9611,4.7908,11.2784,18.2927,73.2922,24.6644,8.6751,18.1413,4.7964,2.7833,0.0003,0.0000,0.0000,0.0000
4,hasta_001,1780004403.365,2026-05-29 00:40:03,2239,PARKINSON RISKI,54.0,6.3422,7.6874,19.1764,23.8471,4.8072,11.2934,17.8573,72.0205,24.5049,8.5112,18.1413,4.7964,2.8152,0.0003,0.0000,0.0000,0.0000
4,hasta_001,1780004403.418,2026-05-29 00:40:03,2240,PARKINSON RISKI,51.4,6.7026,7.9330,16.8137,23.7697,4.7770,11.3071,17.3977,70.7413,24.3484,8.3490,18.1413,4.7964,2.8482,0.0004,0.0000,0.0000,0.0000
4,hasta_001,1780004403.456,2026-05-29 00:40:03,2241,NORMAL,55.4,7.0291,8.1002,14.1582,23.6896,4.6838,11.3207,16.9211,69.4469,24.1980,8.1955,18.1413,4.7964,2.8821,0.0004,0.0000,0.0000,0.0000
4,hasta_001,1780004403.511,2026-05-29 00:40:03,2242,NORMAL,53.0,7.4321,8.3234,11.3145,23.5484,4.4930,11.3378,16.4455,68.1281,24.0515,8.0474,18.1413,4.7964,2.9155,0.0004,0.5000,0.0000,0.0000
4,hasta_001,1780004403.549,2026-05-29 00:40:03,2243,NORMAL,54.0,7.8194,8.4956,8.2898,23.4153,4.3660,11.3586,15.9755,66.7831,23.9097,7.9063,18.1413,4.7964,2.9483,0.0005,0.5000,0.0000,0.0000
4,hasta_001,1780004403.608,2026-05-29 00:40:03,2244,NORMAL,54.1,8.2883,8.8518,6.5754,23.2266,4.2062,11.3851,15.5120,65.4162,23.7698,7.7672,18.1413,4.7964,2.9800,0.0005,0.5000,0.0000,0.0000
4,hasta_001,1780004403.643,2026-05-29 00:40:03,2245,NORMAL,54.1,8.5508,8.9842,4.9432,23.0537,4.1073,11.4158,15.0485,64.0243,23.6311,7.6291,18.1413,4.7964,3.0108,0.0006,0.5000,0.0000,0.0000
4,hasta_001,1780004403.674,2026-05-29 00:40:03,2246,NORMAL,54.6,8.7568,9.0822,3.6484,22.8955,3.9880,11.4530,14.6132,62.6058,23.4954,7.4948,18.1413,4.7964,3.0401,0.0006,0.5000,0.0000,0.0000
4,hasta_001,1780004403.706,2026-05-29 00:40:03,2247,NORMAL,56.1,8.9874,9.1445,1.7321,22.7251,3.8497,11.4978,14.2239,61.1563,23.3621,7.3640,18.1413,4.7964,3.0674,0.0007,0.5000,0.0000,0.0000
4,hasta_001,1780004403.763,2026-05-29 00:40:03,2248,NORMAL,55.6,9.4112,9.1682,2.6166,22.4527,3.6521,11.5514,13.8929,59.7025,23.2300,7.2359,18.1413,4.7964,3.0914,0.0007,0.5000,0.0000,0.0000
4,hasta_001,1780004403.817,2026-05-29 00:40:03,2249,NORMAL,55.1,9.8690,9.1654,7.3924,22.2184,3.4775,11.6131,13.6116,58.2785,23.0986,7.1088,18.1413,4.7964,3.1114,0.0007,0.5000,0.0000,0.0000
4,hasta_001,1780004403.875,2026-05-29 00:40:03,2250,NORMAL,59.1,10.2346,9.2284,10.3389,21.9155,3.3535,11.6813,13.3711,56.8684,22.9695,6.9873,18.1413,4.7964,3.1261,0.0007,0.0000,0.0000,0.0000
4,hasta_001,1780004403.925,2026-05-29 00:40:03,2251,NORMAL,58.5,10.4792,9.2322,12.6525,21.6225,3.2498,11.7553,13.1719,55.4602,22.8436,6.8734,18.1413,4.7964,3.1355,0.0007,0.0000,0.0000,0.0000
4,hasta_001,1780004403.976,2026-05-29 00:40:03,2252,NORMAL,57.0,10.7220,9.2191,15.0733,21.3280,3.1491,11.7973,13.0086,54.4691,22.7212,6.7676,18.1413,4.7964,3.1402,0.0007,0.0000,0.0000,0.0000
4,hasta_001,1780004404.034,2026-05-29 00:40:04,2253,NORMAL,52.2,10.9845,9.3439,16.1415,20.9505,3.0558,11.7706,12.8716,54.1196,22.6021,6.6714,18.1413,4.7964,3.1416,0.0007,0.0000,0.0000,0.0000
4,hasta_001,1780004404.075,2026-05-29 00:40:04,2254,NORMAL,51.2,11.1313,9.4429,16.4124,20.6912,2.9935,11.6560,12.7490,54.2315,22.4869,6.5835,18.1413,4.7964,3.1401,0.0007,0.0000,0.0000,0.0000
4,hasta_001,1780004404.130,2026-05-29 00:40:04,2255,NORMAL,50.7,11.3454,9.5823,16.8493,20.3461,2.9332,11.4357,12.6430,53.9426,22.3743,6.5032,18.1413,4.7964,3.1359,0.0008,0.0000,0.0000,0.0000
4,hasta_001,1780004404.192,2026-05-29 00:40:04,2256,NORMAL,51.2,11.5847,9.8037,16.6536,19.9668,2.8628,11.1415,12.5532,53.4313,22.2638,6.4301,18.1413,4.7964,3.1287,0.0008,0.0000,0.0000,0.0000
4,hasta_001,1780004404.246,2026-05-29 00:40:04,2257,NORMAL,57.0,11.8220,10.1575,15.1457,19.6853,2.7817,10.8381,12.4861,52.8047,22.1568,6.3648,18.1413,4.7964,3.1203,0.0008,0.0000,0.0000,0.0000
4,hasta_001,1780004404.311,2026-05-29 00:40:04,2258,NORMAL,57.5,12.2190,10.6691,13.5431,19.4324,2.6812,10.6416,12.4403,52.2875,22.0507,6.3030,18.1413,4.7964,3.1154,0.0006,0.0000,0.0000,0.0000
4,hasta_001,1780004404.372,2026-05-29 00:40:04,2259,NORMAL,58.5,12.7540,11.2368,12.6478,19.2156,2.5735,10.5546,12.4104,52.0263,21.9434,6.2404,18.1413,4.7964,3.1143,0.0006,0.0000,0.0000,0.0000
4,hasta_001,1780004404.413,2026-05-29 00:40:04,2260,NORMAL,59.0,13.1714,11.6553,12.2134,19.0655,2.4920,10.5387,12.3913,52.0635,21.8356,6.1772,18.1413,4.7964,3.1129,0.0006,0.0000,0.0000,0.0000
4,hasta_001,1780004404.465,2026-05-29 00:40:04,2261,NORMAL,58.5,13.7502,12.1047,12.7289,18.9003,2.4176,10.5734,12.3827,51.9100,21.7255,6.1103,18.1413,4.7964,3.1097,0.0008,0.0000,0.0000,0.0000
4,hasta_001,1780004404.529,2026-05-29 00:40:04,2262,NORMAL,57.5,14.2684,12.4829,13.3491,18.7180,2.3586,10.6546,12.3849,51.2537,21.6119,6.0381,18.1413,4.7964,3.1047,0.0007,0.0000,0.0000,0.0000
4,hasta_001,1780004404.586,2026-05-29 00:40:04,2263,NORMAL,59.1,14.6542,13.0003,11.9612,18.5846,2.3314,10.7529,12.3973,50.3515,21.4957,5.9605,18.1413,4.7964,3.0980,0.0008,0.0000,0.0000,0.0000
4,hasta_001,1780004404.646,2026-05-29 00:40:04,2264,NORMAL,55.1,14.9347,13.6414,9.0517,18.4552,2.3489,10.8473,12.4230,49.6092,21.3752,5.8740,18.1413,4.7964,3.0900,0.0008,0.5000,0.0000,0.0000
4,hasta_001,1780004404.702,2026-05-29 00:40:04,2265,NORMAL,55.1,15.2929,14.0614,8.3901,18.3521,2.3567,10.9431,12.4596,48.9516,21.2520,5.7803,18.1413,4.7964,3.0821,0.0009,0.5000,0.0000,0.0000
4,hasta_001,1780004404.758,2026-05-29 00:40:04,2266,NORMAL,54.1,15.7665,14.3778,9.2137,18.2545,2.3723,11.0555,12.5040,48.0315,21.1270,5.6807,18.1413,4.7964,3.0758,0.0008,1.0000,0.0000,0.0000
4,hasta_001,1780004404.807,2026-05-29 00:40:04,2267,NORMAL,54.1,16.1910,14.7069,9.6068,18.1713,2.4126,11.1702,12.5542,47.1735,21.0007,5.5756,18.1413,4.7964,3.0724,0.0008,1.0000,0.0000,0.0000
4,hasta_001,1780004404.861,2026-05-29 00:40:04,2268,NORMAL,54.1,16.6556,15.1921,9.1906,18.1266,2.4500,11.2840,12.6093,46.4473,20.8736,5.4647,18.1413,4.7964,3.0725,0.0008,1.0000,0.0000,0.0000
4,hasta_001,1780004404.951,2026-05-29 00:40:04,2269,NORMAL,54.1,17.0972,15.6034,9.1366,18.0864,2.5304,11.3104,12.6635,46.1739,20.7528,5.3638,18.1413,4.7964,3.0788,0.0009,1.0000,0.0000,0.0000
4,hasta_001,1780004405.037,2026-05-29 00:40:05,2270,NORMAL,54.1,17.7140,16.1057,9.5108,18.0398,2.5766,11.2616,12.6789,45.8428,20.6368,5.2700,18.1413,4.7964,3.0894,0.0009,1.0000,0.0000,0.0000
4,hasta_001,1780004405.074,2026-05-29 00:40:05,2271,NORMAL,54.1,17.9657,16.2655,9.9337,18.0398,2.5962,11.1604,12.6409,45.6215,20.5272,5.1853,18.1413,4.7964,3.1016,0.0009,1.0000,0.0000,0.0000
4,hasta_001,1780004405.125,2026-05-29 00:40:05,2272,NORMAL,54.1,18.2537,16.4193,10.5811,18.0293,2.6114,11.0188,12.5507,45.4963,20.4217,5.1057,18.1413,4.7964,3.1150,0.0009,1.0000,0.0000,0.0000
4,hasta_001,1780004405.175,2026-05-29 00:40:05,2273,NORMAL,54.1,18.5272,16.5285,11.4032,18.0005,2.6325,10.8520,12.4157,45.4553,20.3184,5.0276,18.1413,4.7964,3.1304,0.0011,1.0000,0.0000,0.0000
4,hasta_001,1780004405.250,2026-05-29 00:40:05,2274,NORMAL,54.0,18.9655,16.7670,12.3053,17.9615,2.6695,10.6767,12.2425,45.5054,20.2147,4.9462,18.1413,4.7964,3.1473,0.0010,1.0000,0.0000,0.0000
4,hasta_001,1780004405.293,2026-05-29 00:40:05,2275,NORMAL,53.5,19.2473,16.9410,12.7462,17.9216,2.7099,10.5059,12.0465,45.5969,20.1113,4.8626,18.1413,4.7964,3.1656,0.0010,1.0000,0.0000,0.0000
4,hasta_001,1780004405.343,2026-05-29 00:40:05,2276,NORMAL,52.5,19.6295,17.1886,13.2593,17.8255,2.7643,10.3458,11.8331,45.6266,20.0115,4.7851,18.1413,4.7964,3.1855,0.0009,1.0000,0.0000,0.0000
4,hasta_001,1780004405.426,2026-05-29 00:40:05,2277,NORMAL,52.5,20.0438,17.3426,14.4500,17.6640,2.8162,10.1977,11.6258,45.6552,19.9151,4.7144,18.1413,4.7964,3.2067,0.0009,1.0000,0.0000,0.0000
4,hasta_001,1780004405.489,2026-05-29 00:40:05,2278,NORMAL,52.5,20.2817,17.5579,14.3963,17.5379,2.8608,10.0555,11.4278,45.6910,19.8209,4.6474,18.1413,4.7964,3.2285,0.0009,1.0000,0.0000,0.0000
4,hasta_001,1780004405.547,2026-05-29 00:40:05,2279,NORMAL,50.3,20.5736,17.5628,15.7896,17.4404,2.8935,9.9210,11.2417,45.7532,19.7293,4.5846,18.1413,4.7964,3.2504,0.0013,1.0000,0.0000,0.0000
4,hasta_001,1780004405.614,2026-05-29 00:40:05,2280,PARKINSON RISKI,53.8,20.7986,17.4427,17.5508,17.3281,2.8453,9.7923,11.0691,45.8568,19.6406,4.5270,18.1413,4.7964,3.2706,0.0014,1.0000,0.0000,0.0000
4,hasta_001,1780004405.680,2026-05-29 00:40:05,2281,PARKINSON RISKI,55.9,20.9616,17.1998,19.7150,17.1946,2.7649,9.6720,10.9033,45.9822,19.5537,4.4726,18.1413,4.7964,3.2883,0.0019,1.0000,0.0000,0.0000
4,hasta_001,1780004405.732,2026-05-29 00:40:05,2282,PARKINSON RISKI,57.4,21.2064,16.8859,22.6844,17.0428,2.6819,9.5613,10.7463,46.1416,19.4698,4.4243,18.1413,4.7964,3.3039,0.0019,1.0000,0.0000,0.0000
4,hasta_001,1780004405.798,2026-05-29 00:40:05,2283,PARKINSON RISKI,57.4,21.3823,16.6276,25.0181,16.8276,2.6072,9.4522,10.5901,46.3289,19.3877,4.3809,18.1413,4.7964,3.3174,0.0018,0.0000,0.0000,0.0000
4,hasta_001,1780004405.869,2026-05-29 00:40:05,2284,PARKINSON RISKI,57.4,21.4127,16.6415,25.0760,16.6355,2.6012,9.3409,10.4349,46.5259,19.3066,4.3408,18.1413,4.7964,3.3288,0.0018,0.0000,0.0000,0.0000
4,hasta_001,1780004405.929,2026-05-29 00:40:05,2285,PARKINSON RISKI,57.4,21.2698,16.4916,25.3074,16.5337,2.6792,9.2288,10.2808,46.7305,19.2254,4.3007,18.1413,4.7964,3.3393,0.0016,0.0000,0.0000,0.0000
4,hasta_001,1780004405.968,2026-05-29 00:40:05,2286,PARKINSON RISKI,55.4,21.0999,16.6305,23.6914,16.3261,2.7946,9.1306,10.1273,46.8750,19.1448,4.2635,18.1413,4.7964,3.3500,0.0017,0.0000,0.0000,0.0000
4,hasta_001,1780004406.000,2026-05-29 00:40:06,2287,PARKINSON RISKI,55.9,21.0009,16.5105,23.9417,16.1798,2.9262,9.0481,9.9735,46.9715,19.0663,4.2306,18.1413,4.7964,3.3610,0.0016,0.0000,0.0000,0.0000
4,hasta_001,1780004406.060,2026-05-29 00:40:06,2288,PARKINSON RISKI,56.4,20.8770,16.2563,24.8870,15.9191,3.1909,8.9774,9.8271,47.0611,18.9895,4.2032,18.1413,4.7964,3.3731,0.0016,0.0000,0.0000,0.0000
4,hasta_001,1780004406.112,2026-05-29 00:40:06,2289,PARKINSON RISKI,55.9,20.6010,16.1955,23.9455,15.7278,3.4319,8.9186,9.6969,47.1440,18.9147,4.1807,18.1413,4.7964,3.3862,0.0016,0.0000,0.0000,0.0000
4,hasta_001,1780004406.169,2026-05-29 00:40:06,2290,PARKINSON RISKI,55.4,20.5662,16.3826,22.6456,15.5569,3.6832,8.8728,9.5887,47.2334,18.8420,4.1625,18.1413,4.7964,3.4004,0.0015,0.0000,0.0000,0.0000
4,hasta_001,1780004406.205,2026-05-29 00:40:06,2291,PARKINSON RISKI,54.9,20.5055,16.6137,20.9694,15.4423,3.8597,8.8434,9.5041,47.3182,18.7715,4.1478,18.1413,4.7964,3.4153,0.0015,0.0000,0.0000,0.0000
4,hasta_001,1780004406.262,2026-05-29 00:40:06,2292,PARKINSON RISKI,55.9,20.5364,16.6330,21.0030,15.2530,4.1127,8.8298,9.4455,47.4390,18.7016,4.1359,18.1413,4.7964,3.4317,0.0015,0.0000,0.0000,0.0000
4,hasta_001,1780004406.324,2026-05-29 00:40:06,2293,PARKINSON RISKI,56.5,20.3732,16.4136,21.5269,15.0571,4.3323,8.8380,9.4340,47.5467,18.6328,4.1272,18.1413,4.7964,3.4491,0.0015,0.0000,0.0000,0.0000
4,hasta_001,1780004406.388,2026-05-29 00:40:06,2294,PARKINSON RISKI,56.5,20.1267,15.9496,23.1573,14.9604,4.5309,8.8706,9.4649,47.5065,18.5637,4.1187,18.1413,4.7964,3.4674,0.0015,0.0000,0.0000,0.0000
4,hasta_001,1780004406.424,2026-05-29 00:40:06,2295,PARKINSON RISKI,57.5,19.9946,15.6333,24.4826,14.9434,4.6031,8.9281,9.5296,47.2959,18.4940,4.1086,18.1413,4.7964,3.4854,0.0015,0.0000,0.0000,0.0000
4,hasta_001,1780004406.479,2026-05-29 00:40:06,2296,PARKINSON RISKI,58.5,19.7377,15.0286,27.0899,15.0013,4.6425,9.0107,9.6189,46.8698,18.4248,4.0969,18.1413,4.7964,3.5027,0.0015,0.0000,0.0000,0.0000
4,hasta_001,1780004406.515,2026-05-29 00:40:06,2297,PARKINSON RISKI,58.5,19.5436,14.6137,28.8658,15.0775,4.6189,9.1158,9.7076,46.6593,18.3587,4.0863,18.1413,4.7964,3.5185,0.0015,0.0000,0.0000,0.0000
4,hasta_001,1780004406.547,2026-05-29 00:40:06,2298,PARKINSON RISKI,59.0,19.3469,14.2201,30.5470,15.1420,4.5460,9.2358,9.7878,46.8533,18.2969,4.0785,18.1413,4.7964,3.5327,0.0015,0.0000,0.0000,0.0000
4,hasta_001,1780004406.605,2026-05-29 00:40:06,2299,PARKINSON RISKI,59.5,19.0416,13.6092,33.2760,15.2377,4.3593,9.3658,9.8585,46.8028,18.2401,4.0732,18.1413,4.7964,3.5449,0.0015,0.0000,0.0000,0.0000
4,hasta_001,1780004406.683,2026-05-29 00:40:06,2300,PARKINSON RISKI,59.4,18.7447,13.1476,35.1000,15.3088,4.0461,9.5051,9.9194,46.2869,18.1906,4.0724,18.1413,4.7964,3.5539,0.0015,0.0000,0.0000,0.0000
4,hasta_001,1780004406.738,2026-05-29 00:40:06,2301,PARKINSON RISKI,58.4,18.5523,12.8385,36.4043,15.3585,3.7411,9.6454,9.9726,45.6274,18.1500,4.0761,18.1413,4.7964,3.5603,0.0014,0.0000,0.0000,0.0000
4,hasta_001,1780004406.803,2026-05-29 00:40:06,2302,PARKINSON RISKI,58.4,18.3381,12.5630,37.3778,15.4053,3.3574,9.7819,10.0207,45.0159,18.1153,4.0817,18.1413,4.7964,3.5633,0.0014,0.0000,0.0000,0.0000
4,hasta_001,1780004406.840,2026-05-29 00:40:06,2303,PARKINSON RISKI,58.4,18.1984,12.3866,38.0042,15.4164,3.1187,9.9137,10.0656,44.5121,18.0867,4.0884,18.1413,4.7964,3.5643,0.0014,0.0000,0.0000,0.0000
4,hasta_001,1780004406.871,2026-05-29 00:40:06,2304,PARKINSON RISKI,58.4,18.0687,12.2808,38.1420,15.4105,2.9127,10.0405,10.1086,44.1187,18.0645,4.0957,18.1413,4.7964,3.5632,0.0014,0.0000,0.0000,0.0000
4,hasta_001,1780004406.928,2026-05-29 00:40:06,2305,PARKINSON RISKI,58.4,17.8520,12.1359,38.1223,15.4067,2.5948,10.1637,10.1497,43.7645,18.0491,4.1022,18.1413,4.7964,3.5583,0.0014,0.0000,0.0000,0.0000
4,hasta_001,1780004407.007,2026-05-29 00:40:07,2306,PARKINSON RISKI,58.4,17.6066,11.9052,38.6380,15.4785,2.2676,10.2849,10.1894,43.4217,18.0394,4.1069,18.1413,4.7964,3.5496,0.0014,0.0000,0.0000,0.0000
4,hasta_001,1780004407.065,2026-05-29 00:40:07,2307,PARKINSON RISKI,57.2,17.4414,11.6482,39.8303,15.5252,2.1020,10.4053,10.2278,43.0793,18.0349,4.1093,18.1413,4.7964,3.5383,0.0013,0.0000,0.0000,0.0000
4,hasta_001,1780004407.132,2026-05-29 00:40:07,2308,PARKINSON RISKI,57.2,17.3263,11.2210,42.7735,15.5338,1.9452,10.5247,10.2625,42.7647,18.0341,4.1098,18.1413,4.7964,3.5248,0.0013,0.0000,0.0000,0.0000
4,hasta_001,1780004407.169,2026-05-29 00:40:07,2309,PARKINSON RISKI,57.2,17.3250,10.9247,45.3121,15.5445,1.8845,10.6439,10.2948,42.4742,18.0362,4.1085,18.1413,4.7964,3.5100,0.0013,0.0000,0.0000,0.0000
4,hasta_001,1780004407.219,2026-05-29 00:40:07,2310,PARKINSON RISKI,57.2,17.4351,10.5483,49.2204,15.5635,1.8148,10.7634,10.3234,42.2286,18.0413,4.1050,18.1413,4.7964,3.4934,0.0013,0.0000,0.0000,0.0000
4,hasta_001,1780004407.287,2026-05-29 00:40:07,2311,PARKINSON RISKI,57.2,17.6528,10.0941,54.4830,15.5287,1.7334,10.8842,10.3474,42.0298,18.0476,4.1005,18.1413,4.7964,3.4750,0.0013,0.0000,0.0000,0.0000
4,hasta_001,1780004407.343,2026-05-29 00:40:07,2312,PARKINSON RISKI,57.2,17.8821,9.7728,58.6466,15.4905,1.6835,11.0058,10.3666,41.8702,18.0554,4.0948,18.1413,4.7964,3.4540,0.0013,0.0000,0.0000,0.0000
4,hasta_001,1780004407.405,2026-05-29 00:40:07,2313,PARKINSON RISKI,57.2,18.1681,9.4589,63.0482,15.5328,1.6264,11.1290,10.3812,41.7491,18.0643,4.0881,18.1413,4.7964,3.4311,0.0013,0.0000,0.0000,0.0000
4,hasta_001,1780004407.466,2026-05-29 00:40:07,2314,PARKINSON RISKI,57.2,18.5211,9.2224,67.0337,15.5695,1.5935,11.2536,10.3929,41.6841,18.0746,4.0802,18.1413,4.7964,3.4067,0.0012,0.0000,0.0000,0.0000
4,hasta_001,1780004407.526,2026-05-29 00:40:07,2315,PARKINSON RISKI,57.2,18.9430,9.0688,70.5003,15.5909,1.5431,11.3802,10.4024,41.6758,18.0864,4.0710,18.1413,4.7964,3.3806,0.0012,0.0000,0.0000,0.0000
4,hasta_001,1780004407.612,2026-05-29 00:40:07,2316,PARKINSON RISKI,57.2,19.5595,9.0273,73.6862,15.6287,1.5170,11.5106,10.4116,41.7247,18.0994,4.0607,18.1413,4.7964,3.3534,0.0012,0.0000,0.0000,0.0000
4,hasta_001,1780004407.662,2026-05-29 00:40:07,2317,PARKINSON RISKI,57.2,20.0465,9.2005,74.1683,15.6195,1.5463,11.6442,10.4229,41.8055,18.1123,4.0502,18.1413,4.7964,3.3257,0.0011,0.0000,0.0000,0.0000
4,hasta_001,1780004407.705,2026-05-29 00:40:07,2318,PARKINSON RISKI,57.2,20.4433,9.4049,73.9634,15.5910,1.6245,11.7806,10.4372,41.9100,18.1254,4.0396,18.1413,4.7964,3.2978,0.0011,0.0000,0.0000,0.0000
4,hasta_001,1780004407.755,2026-05-29 00:40:07,2319,PARKINSON RISKI,57.2,20.7196,9.6177,73.1897,15.5631,1.7681,11.9193,10.4551,42.0299,18.1399,4.0272,18.1413,4.7964,3.2703,0.0011,0.0000,0.0000,0.0000
4,hasta_001,1780004407.825,2026-05-29 00:40:07,2320,PARKINSON RISKI,57.2,20.8860,9.8110,72.1571,15.5569,1.9535,12.0595,10.4767,42.1633,18.1555,4.0135,18.1413,4.7964,3.2439,0.0011,0.0000,0.0000,0.0000
4,hasta_001,1780004407.879,2026-05-29 00:40:07,2321,PARKINSON RISKI,57.2,20.9666,9.9378,71.3733,15.5255,2.1030,12.2008,10.5017,42.3127,18.1721,3.9985,18.1413,4.7964,3.2180,0.0010,0.0000,0.0000,0.0000
4,hasta_001,1780004407.928,2026-05-29 00:40:07,2322,PARKINSON RISKI,57.9,20.9584,9.9729,71.0313,15.4993,2.2761,12.3427,10.5304,42.4897,18.1899,3.9817,18.1413,4.7964,3.1928,0.0010,0.0000,0.0000,0.0000
4,hasta_001,1780004407.973,2026-05-29 00:40:07,2323,PARKINSON RISKI,57.9,20.8549,9.9209,71.0560,15.4873,2.4396,12.4867,10.5678,42.7407,18.2085,3.9637,18.1413,4.7964,3.1681,0.0009,0.0000,0.0000,0.0000
4,hasta_001,1780004408.020,2026-05-29 00:40:08,2324,PARKINSON RISKI,57.9,20.5479,9.8573,70.3207,15.4773,2.6110,12.6325,10.6112,42.9781,18.2279,3.9446,18.1413,4.7964,3.1440,0.0009,0.0000,0.0000,0.0000
4,hasta_001,1780004408.056,2026-05-29 00:40:08,2325,PARKINSON RISKI,57.9,20.2675,9.8496,69.1820,15.4770,2.7140,12.7801,10.6621,43.2416,18.2500,3.9216,18.1413,4.7964,3.1199,0.0009,0.0000,0.0000,0.0000
4,hasta_001,1780004408.122,2026-05-29 00:40:08,2326,PARKINSON RISKI,57.9,19.6850,9.9465,65.7312,15.3804,2.8865,12.9253,10.7189,43.5221,18.2740,3.8951,18.1413,4.7964,3.0979,0.0009,0.0000,0.0000,0.0000
4,hasta_001,1780004408.183,2026-05-29 00:40:08,2327,PARKINSON RISKI,57.9,18.9411,10.0081,61.7150,15.3305,3.0271,13.0676,10.7814,43.7908,18.3005,3.8640,18.1413,4.7964,3.0784,0.0009,0.0000,0.0000,0.0000
4,hasta_001,1780004408.236,2026-05-29 00:40:08,2328,PARKINSON RISKI,57.9,18.4307,10.0812,58.5681,15.3013,3.0935,13.2081,10.8473,44.0115,18.3308,3.8260,18.1413,4.7964,3.0610,0.0009,0.0000,0.0000,0.0000
4,hasta_001,1780004408.307,2026-05-29 00:40:08,2329,PARKINSON RISKI,57.9,17.8849,10.1832,54.8790,15.2673,3.1793,13.3467,10.9070,43.7777,18.3653,3.7793,18.1413,4.7964,3.0467,0.0010,0.0000,0.0000,0.0000
4,hasta_001,1780004408.383,2026-05-29 00:40:08,2330,PARKINSON RISKI,57.9,17.5012,10.3107,51.7081,15.2444,3.2177,13.4841,10.9646,43.3060,18.4037,3.7234,18.1413,4.7964,3.0353,0.0010,0.0000,0.0000,0.0000
4,hasta_001,1780004408.441,2026-05-29 00:40:08,2331,PARKINSON RISKI,57.9,17.3215,10.4220,49.7382,15.2102,3.2313,13.6224,11.0208,42.6078,18.4461,3.6574,18.1413,4.7964,3.0280,0.0010,0.0000,0.0000,0.0000
4,hasta_001,1780004408.495,2026-05-29 00:40:08,2332,PARKINSON RISKI,57.9,17.2671,10.4446,49.2390,15.1794,3.2181,13.7621,11.0764,41.7398,18.4849,3.5973,18.1413,4.7964,3.0239,0.0010,0.0000,0.0000,0.0000
4,hasta_001,1780004408.541,2026-05-29 00:40:08,2333,PARKINSON RISKI,57.9,17.2828,10.4921,48.8981,15.1573,3.2111,13.9029,11.1272,40.7511,18.5165,3.5509,18.1413,4.7964,3.0234,0.0010,0.0000,0.0000,0.0000
4,hasta_001,1780004408.600,2026-05-29 00:40:08,2334,PARKINSON RISKI,57.1,17.3004,10.6012,48.0197,15.1281,3.2247,14.0432,11.1725,39.7567,18.5382,3.5221,18.1413,4.7964,3.0257,0.0010,0.0000,0.0000,0.0000
4,hasta_001,1780004408.656,2026-05-29 00:40:08,2335,PARKINSON RISKI,57.1,17.3555,10.7501,47.0037,15.0971,3.2112,14.1829,11.2151,38.7993,18.5515,3.5060,18.1413,4.7964,3.0298,0.0010,0.0000,0.0000,0.0000
4,hasta_001,1780004408.709,2026-05-29 00:40:08,2336,PARKINSON RISKI,57.1,17.4956,10.8889,46.5515,15.1106,3.1601,14.3224,11.2565,37.8978,18.5533,3.5043,18.1413,4.7964,3.0355,0.0009,0.0000,0.0000,0.0000
4,hasta_001,1780004408.751,2026-05-29 00:40:08,2337,PARKINSON RISKI,57.1,17.6586,11.0151,46.3390,15.1847,3.1164,14.4619,11.2981,37.0582,18.5445,3.5114,18.1413,4.7964,3.0422,0.0009,0.0000,0.0000,0.0000
4,hasta_001,1780004408.779,2026-05-29 00:40:08,2338,PARKINSON RISKI,57.6,17.8017,11.1880,45.6276,15.2327,3.0795,14.6007,11.3409,36.3031,18.5236,3.5235,18.1413,4.7964,3.0500,0.0009,1.0000,0.0000,0.0000
4,hasta_001,1780004408.846,2026-05-29 00:40:08,2339,PARKINSON RISKI,57.6,18.2352,11.7278,43.4364,15.3121,2.9763,14.7412,11.3887,35.6204,18.4900,3.5348,18.1413,4.7964,3.0587,0.0009,1.0000,0.0000,0.0000
4,hasta_001,1780004408.909,2026-05-29 00:40:08,2340,PARKINSON RISKI,57.6,18.8452,12.4964,40.5135,15.3590,2.8701,14.8846,11.4442,35.0233,18.4433,3.5388,18.1413,4.7964,3.0678,0.0009,1.0000,0.0000,0.0000
4,hasta_001,1780004408.945,2026-05-29 00:40:08,2341,PARKINSON RISKI,57.6,19.4451,13.2548,37.8613,15.3850,2.8228,15.0313,11.5070,34.4826,18.3862,3.5324,18.1413,4.7964,3.0762,0.0010,1.0000,0.0000,0.0000
4,hasta_001,1780004409.004,2026-05-29 00:40:09,2342,PARKINSON RISKI,57.6,21.1160,14.5541,36.7921,15.3157,2.7815,15.1904,11.5802,33.9872,18.3221,3.5178,18.1413,4.7964,3.0831,0.0010,1.0000,0.0000,0.0000
4,hasta_001,1780004409.063,2026-05-29 00:40:09,2343,PARKINSON RISKI,57.6,22.8927,15.7324,37.0759,15.1126,2.7700,15.3628,11.6616,33.5284,18.2493,3.4929,18.1413,4.7964,3.0883,0.0010,1.0000,0.0000,0.0000
4,hasta_001,1780004409.104,2026-05-29 00:40:09,2344,PARKINSON RISKI,57.6,24.4796,16.7089,37.7324,14.9800,2.7641,15.5467,11.7501,33.1238,18.1706,3.4592,18.1413,4.7964,3.0916,0.0010,1.0000,0.0000,0.0000
4,hasta_001,1780004409.151,2026-05-29 00:40:09,2345,PARKINSON RISKI,57.6,26.4213,17.7685,39.1616,14.8270,2.7793,15.7442,11.8468,32.8038,18.0866,3.4166,18.1413,4.7964,3.0925,0.0010,1.0000,0.0000,0.0000
4,hasta_001,1780004409.193,2026-05-29 00:40:09,2346,PARKINSON RISKI,57.1,28.2637,18.7118,40.6672,14.6972,2.7980,15.9538,11.9510,32.5905,17.9987,3.3667,18.1413,4.7964,3.0904,0.0010,1.0000,0.0000,0.0000
4,hasta_001,1780004409.249,2026-05-29 00:40:09,2347,PARKINSON RISKI,55.4,30.4530,19.7560,42.6100,14.5703,2.8114,16.1792,12.0636,32.4551,17.9089,3.3127,18.1413,4.7964,3.0865,0.0010,0.0000,0.0000,0.0000
4,hasta_001,1780004409.309,2026-05-29 00:40:09,2348,PARKINSON RISKI,55.4,32.5074,20.6110,44.7918,14.4365,2.8487,16.4200,12.1829,32.3766,17.8174,3.2553,18.1413,4.7964,3.0816,0.0010,0.0000,0.0000,0.0000
4,hasta_001,1780004409.367,2026-05-29 00:40:09,2349,PARKINSON RISKI,54.9,34.4649,22.0889,43.7670,14.3467,2.8702,16.6752,12.3141,32.3304,17.7252,3.1951,18.1413,4.7964,3.0750,0.0009,0.0000,0.0000,0.0000
4,hasta_001,1780004409.405,2026-05-29 00:40:09,2350,PARKINSON RISKI,55.4,35.6663,22.9537,43.3731,14.2759,2.8970,16.9390,12.4519,32.3073,17.6339,3.1352,18.1413,4.7964,3.0668,0.0009,0.0000,0.0000,0.0000
4,hasta_001,1780004409.451,2026-05-29 00:40:09,2351,PARKINSON RISKI,55.4,36.8315,24.1476,41.6008,14.2109,2.9204,17.2114,12.5991,32.2880,17.5435,3.0756,18.1413,4.7964,3.0573,0.0009,0.0000,0.0000,0.0000
4,hasta_001,1780004409.499,2026-05-29 00:40:09,2352,PARKINSON RISKI,55.4,38.1337,25.0540,41.3996,14.1647,2.9407,17.4937,12.7532,32.2764,17.4539,3.0155,18.1413,4.7964,3.0469,0.0009,0.0000,0.0000,0.0000
4,hasta_001,1780004409.542,2026-05-29 00:40:09,2353,PARKINSON RISKI,55.4,39.2388,26.3216,39.4053,14.1348,2.9411,17.7843,12.9171,32.2593,17.3656,2.9558,18.1413,4.7964,3.0357,0.0009,0.0000,0.0000,0.0000
4,hasta_001,1780004409.590,2026-05-29 00:40:09,2354,PARKINSON RISKI,55.4,40.5133,27.6838,37.6248,14.1128,2.9413,18.0836,13.0909,32.2486,17.2788,2.8965,18.1413,4.7964,3.0234,0.0009,0.0000,0.0000,0.0000
4,hasta_001,1780004409.639,2026-05-29 00:40:09,2355,PARKINSON RISKI,53.9,42.0431,29.3844,35.4448,14.1065,2.9464,18.3936,13.2778,32.2450,17.1928,2.8356,18.1413,4.7964,3.0103,0.0009,0.0000,0.0000,0.0000
4,hasta_001,1780004409.681,2026-05-29 00:40:09,2356,PARKINSON RISKI,53.8,43.2262,30.4696,34.6198,14.1090,2.9539,18.7108,13.4723,32.2670,17.1083,2.7745,18.1413,4.7964,2.9963,0.0008,0.0000,0.0000,0.0000
4,hasta_001,1780004409.736,2026-05-29 00:40:09,2357,PARKINSON RISKI,53.3,44.1842,31.9087,32.2646,14.0986,2.9612,19.0330,13.6773,32.3038,17.0249,2.7125,18.1413,4.7964,2.9818,0.0008,0.0000,0.0000,0.0000
4,hasta_001,1780004409.795,2026-05-29 00:40:09,2358,PARKINSON RISKI,52.9,44.8000,32.8332,30.8291,14.0806,2.9814,19.3569,13.8888,32.3706,16.9426,2.6499,18.1413,4.7964,2.9667,0.0008,0.0000,0.0000,0.0000
4,hasta_001,1780004409.837,2026-05-29 00:40:09,2359,PARKINSON RISKI,52.4,45.2710,33.3791,30.2400,14.0684,2.9959,19.6813,14.1029,32.4628,16.8611,2.5860,18.1413,4.7964,2.9516,0.0008,0.0000,0.0000,0.0000
4,hasta_001,1780004409.881,2026-05-29 00:40:09,2360,PARKINSON RISKI,50.9,45.6158,34.0896,28.9218,14.0577,3.0126,20.0056,14.3208,32.5637,16.7801,2.5196,18.1413,4.7964,2.9369,0.0008,0.0000,0.0000,0.0000
4,hasta_001,1780004409.956,2026-05-29 00:40:09,2361,PARKINSON RISKI,50.4,45.8342,34.5071,28.1974,14.0674,3.0105,20.3289,14.5409,32.6807,16.7000,2.4506,18.1413,4.7964,2.9230,0.0007,0.0000,0.0000,0.0000
4,hasta_001,1780004410.014,2026-05-29 00:40:10,2362,PARKINSON RISKI,52.9,45.8812,34.8248,27.3992,14.0656,3.0211,20.6493,14.7617,32.8147,16.6209,2.3804,18.1413,4.7964,2.9107,0.0007,1.0000,0.0000,0.0000
4,hasta_001,1780004410.059,2026-05-29 00:40:10,2363,PARKINSON RISKI,51.9,46.4061,35.5366,26.5294,14.0649,3.0241,20.9709,14.9871,32.9667,16.5430,2.3086,18.1413,4.7964,2.8995,0.0007,1.0000,0.0000,0.0000
4,hasta_001,1780004410.099,2026-05-29 00:40:10,2364,PARKINSON RISKI,51.9,47.0758,36.3876,25.6118,14.0738,3.0301,21.2941,15.2165,33.1254,16.4667,2.2366,18.1413,4.7964,2.8897,0.0007,1.0000,0.0000,0.0000
4,hasta_001,1780004410.141,2026-05-29 00:40:10,2365,PARKINSON RISKI,51.9,47.6021,37.0002,25.0627,14.0980,3.0346,21.6196,15.4500,33.2930,16.3921,2.1638,18.1413,4.7964,2.8808,0.0006,1.0000,0.0000,0.0000
4,hasta_001,1780004410.199,2026-05-29 00:40:10,2366,NORMAL,51.1,48.0565,37.8989,23.6344,14.1383,3.0420,21.9471,15.6902,33.4596,16.3191,2.0897,18.1413,4.7964,2.8729,0.0006,1.0000,0.0000,0.0000
4,hasta_001,1780004410.268,2026-05-29 00:40:10,2367,NORMAL,52.6,48.2437,38.4429,22.6119,14.1801,3.0388,22.2742,15.9343,33.6336,16.2479,2.0144,18.1413,4.7964,2.8661,0.0006,1.0000,0.0000,0.0000
4,hasta_001,1780004410.327,2026-05-29 00:40:10,2368,NORMAL,54.4,48.2302,38.8864,21.4512,14.2155,3.0328,22.5977,16.1820,33.7905,16.1793,1.9408,18.1413,4.7964,2.8610,0.0006,1.0000,0.0000,0.0000
4,hasta_001,1780004410.408,2026-05-29 00:40:10,2369,NORMAL,53.6,48.7760,39.0801,22.0723,14.2599,3.0232,22.9219,16.4312,33.9129,16.1130,1.8679,18.1413,4.7964,2.8572,0.0006,1.0000,0.0000,0.0000
4,hasta_001,1780004410.456,2026-05-29 00:40:10,2370,NORMAL,55.5,48.8858,39.2115,21.9627,14.2936,3.0208,23.2440,16.6811,34.0097,16.0494,1.7978,18.1413,4.7964,2.8544,0.0005,1.0000,0.0000,0.0000
4,hasta_001,1780004410.487,2026-05-29 00:40:10,2371,NORMAL,55.5,49.0257,39.3236,21.9629,14.3099,3.0227,23.5652,16.9319,34.0873,15.9885,1.7305,18.1413,4.7964,2.8525,0.0005,1.0000,0.0000,0.0000
4,hasta_001,1780004410.519,2026-05-29 00:40:10,2372,NORMAL,57.0,49.1927,39.3526,22.2261,14.3219,3.0175,23.8858,17.1830,34.1469,15.9301,1.6664,18.1413,4.7964,2.8514,0.0005,1.0000,0.0000,0.0000
4,hasta_001,1780004410.580,2026-05-29 00:40:10,2373,NORMAL,56.0,49.7581,39.2924,23.5051,14.3480,3.0086,24.2089,17.4326,34.2083,15.8751,1.6077,18.1413,4.7964,2.8510,0.0005,1.0000,0.0000,0.0000
4,hasta_001,1780004410.653,2026-05-29 00:40:10,2374,NORMAL,55.5,50.3289,39.2686,24.6888,14.3779,2.9927,24.5356,17.6811,34.2772,15.8225,1.5516,18.1413,4.7964,2.8510,0.0005,1.0000,0.0000,0.0000
4,hasta_001,1780004410.711,2026-05-29 00:40:10,2375,NORMAL,54.6,50.7913,39.1362,25.9212,14.4026,2.9898,24.8643,17.9274,34.3528,15.7730,1.5004,18.1413,4.7964,2.8515,0.0005,1.0000,0.0000,0.0000
4,hasta_001,1780004410.773,2026-05-29 00:40:10,2376,NORMAL,56.0,51.3395,39.1048,27.0545,14.4281,2.9895,25.1956,18.1716,34.4395,15.7268,1.4552,18.1413,4.7964,2.8526,0.0005,1.0000,0.0000,0.0000
4,hasta_001,1780004410.838,2026-05-29 00:40:10,2377,NORMAL,56.0,51.7273,39.2709,27.3771,14.4487,2.9713,25.5281,18.4142,34.5414,15.6832,1.4137,18.1413,4.7964,2.8541,0.0005,1.0000,0.0000,0.0000
4,hasta_001,1780004410.874,2026-05-29 00:40:10,2378,NORMAL,56.0,52.1044,39.2836,28.0578,14.4634,2.9709,25.8605,18.6526,34.6624,15.6418,1.3756,18.1413,4.7964,2.8566,0.0005,1.0000,0.0000,0.0000
4,hasta_001,1780004410.928,2026-05-29 00:40:10,2379,NORMAL,56.0,52.3438,39.2705,28.5400,14.4802,2.9714,26.1904,18.8862,34.7948,15.6023,1.3399,18.1413,4.7964,2.8599,0.0005,1.0000,0.0000,0.0000
4,hasta_001,1780004410.995,2026-05-29 00:40:10,2380,NORMAL,56.0,52.3943,39.1269,28.9931,14.4962,2.9761,26.5173,19.1152,34.9347,15.5642,1.3055,18.1413,4.7964,2.8639,0.0005,1.0000,0.0000,0.0000
4,hasta_001,1780004411.029,2026-05-29 00:40:11,2381,NORMAL,56.0,52.3987,39.0024,29.3132,14.5007,2.9731,26.8393,19.3393,35.0729,15.5276,1.2726,18.1413,4.7964,2.8685,0.0005,1.0000,0.0000,0.0000
4,hasta_001,1780004411.061,2026-05-29 00:40:11,2382,NORMAL,56.0,52.2029,38.8220,29.4004,14.4997,2.9605,27.1555,19.5588,35.2066,15.4924,1.2419,18.1413,4.7964,2.8736,0.0005,1.0000,0.0000,0.0000
4,hasta_001,1780004411.095,2026-05-29 00:40:11,2383,NORMAL,56.0,51.8494,38.6374,29.2022,14.4798,2.9598,27.4654,19.7724,35.3503,15.4582,1.2124,18.1413,4.7964,2.8788,0.0005,1.0000,0.0000,0.0000
4,hasta_001,1780004411.144,2026-05-29 00:40:11,2384,NORMAL,56.0,51.1462,38.2804,28.7741,14.4588,2.9682,27.7672,19.9778,35.5147,15.4249,1.1842,18.1413,4.7964,2.8840,0.0005,1.0000,0.0000,0.0000
4,hasta_001,1780004411.209,2026-05-29 00:40:11,2385,NORMAL,56.0,50.1952,37.7827,28.2175,14.4349,2.9854,28.0580,20.1755,35.6799,15.3922,1.1567,18.1413,4.7964,2.8892,0.0005,1.0000,0.0000,0.0000
4,hasta_001,1780004411.271,2026-05-29 00:40:11,2386,NORMAL,56.0,49.3822,37.3903,27.6399,14.3798,2.9917,28.3382,20.3672,35.8334,15.3600,1.1302,18.1413,4.7964,2.8944,0.0005,1.0000,0.0000,0.0000
4,hasta_001,1780004411.350,2026-05-29 00:40:11,2387,NORMAL,56.0,48.4633,36.9987,26.8296,14.3339,2.9924,28.6071,20.5530,35.9770,15.3280,1.1042,18.1413,4.7964,2.8992,0.0005,1.0000,0.0000,0.0000
4,hasta_001,1780004411.405,2026-05-29 00:40:11,2388,NORMAL,56.0,48.2982,36.7817,27.0724,14.3195,2.9934,28.8708,20.7329,36.1260,15.2963,1.0777,18.1413,4.7964,2.9037,0.0005,1.0000,0.0000,0.0000
4,hasta_001,1780004411.472,2026-05-29 00:40:11,2389,NORMAL,56.0,48.3086,36.4898,27.8749,14.3413,2.9877,29.1309,20.9070,36.2821,15.2650,1.0503,18.1413,4.7964,2.9075,0.0005,1.0000,0.0000,0.0000
4,hasta_001,1780004411.554,2026-05-29 00:40:11,2390,NORMAL,56.0,48.7584,36.2865,29.3300,14.3634,2.9609,29.3896,21.0751,36.4473,15.2344,1.0222,18.1413,4.7964,2.9107,0.0005,1.0000,0.0000,0.0000
4,hasta_001,1780004411.631,2026-05-29 00:40:11,2391,NORMAL,56.0,49.1685,36.0489,30.7908,14.3347,2.9375,29.6496,21.2400,36.6211,15.2035,0.9925,18.1413,4.7964,2.9136,0.0005,1.0000,0.0000,0.0000
4,hasta_001,1780004411.691,2026-05-29 00:40:11,2392,NORMAL,56.0,49.2450,35.8033,31.6095,14.3073,2.9071,29.9079,21.4015,36.7963,15.1725,0.9614,18.1413,4.7964,2.9160,0.0005,1.0000,0.0000,0.0000
4,hasta_001,1780004411.750,2026-05-29 00:40:11,2393,NORMAL,56.0,49.8744,35.6681,33.2145,14.2915,2.8794,30.1691,21.5610,36.9781,15.1416,0.9290,18.1413,4.7964,2.9181,0.0005,1.0000,0.0000,0.0000
4,hasta_001,1780004411.822,2026-05-29 00:40:11,2394,NORMAL,56.0,50.0481,35.4758,34.0777,14.2510,2.8675,30.4281,21.7169,37.1595,15.1107,0.8958,18.1413,4.7964,2.9197,0.0005,1.0000,0.0000,0.0000
4,hasta_001,1780004411.869,2026-05-29 00:40:11,2395,NORMAL,56.0,50.1588,35.3242,34.7077,14.2140,2.8768,30.6857,21.8701,37.3425,15.0798,0.8616,18.1413,4.7964,2.9211,0.0005,1.0000,0.0000,0.0000
4,hasta_001,1780004411.937,2026-05-29 00:40:11,2396,NORMAL,56.0,49.9593,35.0856,34.9786,14.1726,2.8943,30.9385,22.0193,37.5235,15.0493,0.8279,18.1413,4.7964,2.9222,0.0005,1.0000,0.0000,0.0000
4,hasta_001,1780004411.989,2026-05-29 00:40:11,2397,NORMAL,56.0,49.6366,34.8550,34.9895,14.1337,2.9221,31.1851,22.1652,37.6947,15.0199,0.7966,18.1413,4.7964,2.9231,0.0005,1.0000,0.0000,0.0000
4,hasta_001,1780004412.035,2026-05-29 00:40:12,2398,NORMAL,56.0,49.3006,34.6324,34.9523,14.1130,2.9517,31.4269,22.3075,37.8660,14.9914,0.7667,18.1413,4.7964,2.9239,0.0005,1.0000,0.0000,0.0000
4,hasta_001,1780004412.079,2026-05-29 00:40:12,2399,NORMAL,56.0,49.0790,34.3710,35.2498,14.0918,2.9862,31.6644,22.4476,38.0282,14.9635,0.7374,18.1413,4.7964,2.9246,0.0005,1.0000,0.0000,0.0000
4,hasta_001,1780004412.109,2026-05-29 00:40:12,2400,NORMAL,56.0,48.9246,34.1671,35.5209,14.0953,3.0010,31.8988,22.5869,38.1779,14.9365,0.7091,18.1413,4.7964,2.9259,0.0005,1.0000,0.0000,0.0000
4,hasta_001,1780004412.164,2026-05-29 00:40:12,2401,NORMAL,56.0,48.7960,33.8704,36.1104,14.1191,3.0241,32.1308,22.7258,38.3146,14.9109,0.6820,18.1413,4.7964,2.9281,0.0004,1.0000,0.0000,0.0000
4,hasta_001,1780004412.204,2026-05-29 00:40:12,2402,NORMAL,56.0,48.6558,33.6410,36.4894,14.1438,3.0496,32.3595,22.8655,38.4296,14.8868,0.6570,18.1413,4.7964,2.9311,0.0004,1.0000,0.0000,0.0000
4,hasta_001,1780004412.258,2026-05-29 00:40:12,2403,NORMAL,56.0,48.4290,33.3744,36.8068,14.1851,3.0720,32.5849,23.0050,38.5278,14.8647,0.6355,18.1413,4.7964,2.9350,0.0004,1.0000,0.0000,0.0000
4,hasta_001,1780004412.294,2026-05-29 00:40:12,2404,NORMAL,56.0,48.3411,33.2396,37.0223,14.2284,3.0780,32.8093,23.1433,38.6274,14.8447,0.6170,18.1413,4.7964,2.9390,0.0004,1.0000,0.0000,0.0000
4,hasta_001,1780004412.324,2026-05-29 00:40:12,2405,NORMAL,56.0,48.3711,33.1396,37.3728,14.2693,3.0749,33.0352,23.2821,38.7279,14.8258,0.5994,18.1413,4.7964,2.9423,0.0004,1.0000,0.0000,0.0000
4,hasta_001,1780004412.374,2026-05-29 00:40:12,2406,NORMAL,56.0,48.5909,33.0458,38.0837,14.3331,3.0619,33.2643,23.4189,38.8479,14.8092,0.5851,18.1413,4.7964,2.9445,0.0004,1.0000,0.0000,0.0000
4,hasta_001,1780004412.427,2026-05-29 00:40:12,2407,NORMAL,56.0,49.1106,32.9368,39.4256,14.4007,3.0343,33.4985,23.5558,38.9769,14.7944,0.5726,18.1413,4.7964,2.9454,0.0003,1.0000,0.0000,0.0000
4,hasta_001,1780004412.475,2026-05-29 00:40:12,2408,NORMAL,56.0,49.8557,32.7498,41.4158,14.4499,2.9962,33.7400,23.6932,39.1146,14.7821,0.5640,18.1413,4.7964,2.9438,0.0003,1.0000,0.0000,0.0000
4,hasta_001,1780004412.529,2026-05-29 00:40:12,2409,NORMAL,56.0,50.8982,32.4922,44.1441,14.4926,2.9609,33.9925,23.8290,39.2830,14.7718,0.5579,18.1413,4.7964,2.9399,0.0003,1.0000,0.0000,0.0000
4,hasta_001,1780004412.592,2026-05-29 00:40:12,2410,NORMAL,56.0,52.0467,32.0833,47.4583,14.5400,2.9451,34.2548,23.9599,39.4897,14.7634,0.5536,18.1413,4.7964,2.9337,0.0003,1.0000,0.0000,0.0000
4,hasta_001,1780004412.648,2026-05-29 00:40:12,2411,NORMAL,56.0,53.1591,31.8352,50.1772,14.6259,2.9500,34.5269,24.0867,39.7331,14.7566,0.5503,18.1413,4.7964,2.9261,0.0003,1.0000,0.0000,0.0000
4,hasta_001,1780004412.691,2026-05-29 00:40:12,2412,NORMAL,56.0,54.2527,31.5790,52.8330,14.6564,2.9784,34.8079,24.2112,39.9984,14.7516,0.5484,18.1413,4.7964,2.9167,0.0003,1.0000,0.0000,0.0000
4,hasta_001,1780004412.747,2026-05-29 00:40:12,2413,NORMAL,56.0,55.4305,31.3026,55.6370,14.7167,3.0533,35.1000,24.3353,40.2826,14.7487,0.5477,18.1413,4.7964,2.9060,0.0003,1.0000,0.0000,0.0000
4,hasta_001,1780004412.786,2026-05-29 00:40:12,2414,NORMAL,56.5,56.3301,31.1356,57.6098,14.7179,3.1286,35.4017,24.4619,40.5697,14.7467,0.5474,18.1413,4.7964,2.8943,0.0003,0.5000,0.0000,0.0000
4,hasta_001,1780004412.829,2026-05-29 00:40:12,2415,NORMAL,57.6,57.2747,30.7880,60.1541,14.7154,3.2895,35.7124,24.5882,40.8670,14.7448,0.5471,18.1413,4.7964,2.8834,0.0003,0.0000,0.0000,0.0000
4,hasta_001,1780004412.878,2026-05-29 00:40:12,2416,NORMAL,57.6,58.2303,30.4169,62.7509,14.6926,3.5187,36.0332,24.7164,41.1642,14.7423,0.5466,18.1413,4.7964,2.8740,0.0003,0.0000,0.0000,0.0000
4,hasta_001,1780004412.946,2026-05-29 00:40:12,2417,NORMAL,57.6,59.2275,30.1563,65.0479,14.6482,3.8959,36.3639,24.8459,41.4657,14.7387,0.5458,18.1413,4.7964,2.8680,0.0003,0.0000,0.0000,0.0000
4,hasta_001,1780004413.005,2026-05-29 00:40:13,2418,NORMAL,57.5,60.2458,29.6800,67.9800,14.6206,4.3494,36.7047,24.9748,41.7776,14.7343,0.5447,18.1413,4.7964,2.8664,0.0003,0.0000,0.0000,0.0000
4,hasta_001,1780004413.044,2026-05-29 00:40:13,2419,NORMAL,57.5,60.9316,28.7266,71.8396,14.6195,4.7339,37.0538,25.1007,42.0990,14.7292,0.5428,18.1413,4.7964,2.8695,0.0002,0.0000,0.0000,0.0000
4,hasta_001,1780004413.090,2026-05-29 00:40:13,2420,NORMAL,56.9,62.2308,27.7643,76.5965,14.5493,5.1022,37.4162,25.2225,42.4448,14.7229,0.5404,18.1413,4.7964,2.8783,0.0002,0.0000,0.0000,0.0000
4,hasta_001,1780004413.146,2026-05-29 00:40:13,2421,NORMAL,56.9,64.6008,26.2430,84.4477,14.4834,5.4535,37.7999,25.3342,42.8452,14.7156,0.5377,18.1413,4.7964,2.8926,0.0002,0.0000,0.0000,0.0000
4,hasta_001,1780004413.188,2026-05-29 00:40:13,2422,NORMAL,56.9,66.8966,24.9844,91.2317,14.4627,5.7371,38.2045,25.4378,43.2939,14.7077,0.5344,18.1413,4.7964,2.9124,0.0001,0.0000,0.0000,0.0000
4,hasta_001,1780004413.233,2026-05-29 00:40:13,2423,NORMAL,56.9,69.4099,23.6902,98.2161,14.4596,5.9603,38.6313,25.5319,43.7957,14.6997,0.5309,18.1413,4.7964,2.9361,0.0001,0.0000,0.0000,0.0000
4,hasta_001,1780004413.296,2026-05-29 00:40:13,2424,NORMAL,56.4,71.3373,21.6671,106.8124,14.4846,6.0936,39.0752,25.6102,44.3680,14.6920,0.5273,18.1413,4.7964,2.9626,0.0000,0.0000,0.0000,0.0000
4,hasta_001,1780004413.357,2026-05-29 00:40:13,2425,NORMAL,56.4,72.9471,20.0137,113.8834,14.5282,6.1359,39.5343,25.6758,44.9993,14.6847,0.5234,18.1413,4.7964,2.9921,0.0000,0.0000,0.0000,0.0000
4,hasta_001,1780004413.418,2026-05-29 00:40:13,2426,NORMAL,56.4,73.3384,18.7931,118.4073,14.5622,6.1235,39.9988,25.7332,45.6640,14.6771,0.5184,18.1413,4.7964,3.0242,0.0001,0.0000,0.0000,0.0000
4,hasta_001,1780004413.484,2026-05-29 00:40:13,2427,NORMAL,56.4,73.1761,17.7289,121.9892,14.6702,6.0555,40.4632,25.7839,46.3487,14.6699,0.5125,18.1413,4.7964,3.0572,0.0001,0.0000,0.0000,0.0000
4,hasta_001,1780004413.519,2026-05-29 00:40:13,2428,NORMAL,56.9,73.0922,17.4634,122.8612,14.7460,6.0279,40.9279,25.8359,47.0161,14.6634,0.5064,18.1413,4.7964,3.0912,0.0002,0.0000,0.0000,0.0000
4,hasta_001,1780004413.549,2026-05-29 00:40:13,2429,NORMAL,56.9,73.0490,17.1815,123.8329,14.8149,5.9399,41.3923,25.8880,47.6704,14.6573,0.5002,18.1413,4.7964,3.1250,0.0002,0.0000,0.0000,0.0000
4,hasta_001,1780004413.602,2026-05-29 00:40:13,2430,NORMAL,56.9,73.5479,17.1231,124.4605,14.9369,5.7640,41.8599,25.9428,48.2974,14.6521,0.4939,18.1413,4.7964,3.1579,0.0003,0.0000,0.0000,0.0000
4,hasta_001,1780004413.667,2026-05-29 00:40:13,2431,NORMAL,56.9,74.3821,17.3960,124.1825,15.0833,5.5530,42.3327,26.0037,48.8783,14.6484,0.4890,18.1413,4.7964,3.1897,0.0003,0.0000,0.0000,0.0000
4,hasta_001,1780004413.706,2026-05-29 00:40:13,2432,NORMAL,56.9,75.2314,17.6330,124.0483,15.0691,5.3754,42.8106,26.0692,49.4233,14.6448,0.4844,16.2742,5.0184,3.2205,0.0003,0.0000,0.0000,0.0000
4,hasta_001,1780004413.756,2026-05-29 00:40:13,2433,NORMAL,56.9,76.1013,18.2673,122.5704,15.0342,5.1574,43.2933,26.1426,49.9193,14.6407,0.4789,16.2742,5.0184,3.2499,0.0003,0.0000,0.0000,0.0000
4,hasta_001,1780004413.803,2026-05-29 00:40:13,2434,NORMAL,56.9,76.7445,19.2129,119.9107,15.0168,4.9668,43.7785,26.2258,50.3599,14.6361,0.4725,16.2742,5.0184,3.2780,0.0004,0.0000,0.0000,0.0000
4,hasta_001,1780004413.867,2026-05-29 00:40:13,2435,NORMAL,57.5,77.2555,20.6412,115.6614,14.9461,4.7333,44.2645,26.3223,50.7363,14.6307,0.4652,16.2742,5.0184,3.3046,0.0004,0.0000,0.0000,0.0000
4,hasta_001,1780004413.902,2026-05-29 00:40:13,2436,NORMAL,57.5,77.1876,21.5740,112.6218,14.9334,4.6212,44.7447,26.4268,51.0608,14.6249,0.4570,16.2742,5.0184,3.3305,0.0004,0.0000,0.0000,0.0000
4,hasta_001,1780004413.955,2026-05-29 00:40:13,2437,NORMAL,57.5,76.5650,22.6426,108.7061,14.8879,4.4912,45.2157,26.5389,51.3486,14.6188,0.4485,16.2742,5.0184,3.3550,0.0004,0.0000,0.0000,0.0000
4,hasta_001,1780004414.004,2026-05-29 00:40:14,2438,NORMAL,57.5,75.7566,23.2877,105.9505,14.8637,4.3894,45.6766,26.6545,51.6151,14.6128,0.4402,16.2742,5.0184,3.3781,0.0004,0.0000,0.0000,0.0000
4,hasta_001,1780004414.063,2026-05-29 00:40:14,2439,NORMAL,57.6,74.4532,23.6344,103.6192,14.8377,4.2963,46.1244,26.7714,51.8687,14.6067,0.4320,16.2742,5.0184,3.3991,0.0004,0.0000,0.0000,0.0000
4,hasta_001,1780004414.108,2026-05-29 00:40:14,2440,NORMAL,57.6,73.0987,23.6907,102.0939,14.8204,4.2401,46.5595,26.8870,52.1182,14.6006,0.4236,16.2742,5.0184,3.4182,0.0004,0.0000,0.0000,0.0000
4,hasta_001,1780004414.180,2026-05-29 00:40:14,2441,NORMAL,57.6,71.1959,23.2981,101.3774,14.8118,4.2062,46.9781,26.9984,52.3682,14.5946,0.4155,16.2742,5.0184,3.4357,0.0004,0.0000,0.0000,0.0000
4,hasta_001,1780004414.231,2026-05-29 00:40:14,2442,NORMAL,57.6,70.0549,23.0039,101.1210,14.8355,4.2444,47.3872,27.1069,52.6190,14.5891,0.4078,16.2742,5.0184,3.4521,0.0004,0.0000,0.0000,0.0000
4,hasta_001,1780004414.282,2026-05-29 00:40:14,2443,NORMAL,57.5,69.1429,23.4364,98.7403,14.8467,4.3445,47.7896,27.2196,52.8497,14.5838,0.4001,16.2742,5.0184,3.4680,0.0004,0.0000,0.0000,0.0000
4,hasta_001,1780004414.350,2026-05-29 00:40:14,2444,NORMAL,57.5,68.7511,25.9324,90.4459,14.7573,4.7736,48.1913,27.3535,53.0174,14.5778,0.3920,16.2742,5.0184,3.4860,0.0005,0.0000,0.0000,0.0000
4,hasta_001,1780004414.405,2026-05-29 00:40:14,2445,NORMAL,56.9,68.7815,29.8228,79.0203,14.6575,5.5336,48.5956,27.5200,53.0994,14.5709,0.3833,16.2742,5.0184,3.5095,0.0005,0.0000,0.0000,0.0000
4,hasta_001,1780004414.463,2026-05-29 00:40:14,2446,NORMAL,54.9,68.8053,34.6856,65.9377,14.3608,6.7882,49.0050,27.7261,53.1011,14.5624,0.3765,16.2742,5.0184,3.5420,0.0006,0.0000,0.0000,0.0000
4,hasta_001,1780004414.509,2026-05-29 00:40:14,2447,NORMAL,54.4,70.2610,41.0427,52.5018,13.7730,8.4219,49.4326,27.9848,53.0243,14.5494,0.3766,16.2009,5.0080,3.5870,0.0006,0.0000,0.0000,0.0000
4,hasta_001,1780004414.582,2026-05-29 00:40:14,2448,NORMAL,51.9,73.3215,48.9106,39.9419,12.7943,10.8615,49.8901,28.3083,52.8691,14.5286,0.4030,16.2009,5.0080,3.6517,0.0006,0.0000,0.0000,0.0000
4,hasta_001,1780004414.638,2026-05-29 00:40:14,2449,NORMAL,51.4,77.0739,53.0590,36.9082,11.8467,12.9116,50.3833,28.6656,52.7193,14.5001,0.4658,16.2009,5.0080,3.7328,0.0006,0.0000,0.0000,0.0000
4,hasta_001,1780004414.685,2026-05-29 00:40:14,2450,NORMAL,51.4,78.6870,50.8145,43.0459,11.1848,14.4158,50.8932,29.0032,52.6471,14.4662,0.5503,16.2009,5.0080,3.8261,0.0007,0.0000,0.0000,0.0000
4,hasta_001,1780004414.751,2026-05-29 00:40:14,2451,NORMAL,51.4,68.1300,46.0500,38.6758,10.2649,15.1358,51.3166,29.3001,52.5550,14.4250,0.6660,16.2009,5.0080,3.9253,0.0003,0.0000,0.0000,0.0000
4,hasta_001,1780004414.811,2026-05-29 00:40:14,2452,NORMAL,51.4,61.4777,43.1863,34.9526,10.0126,15.1190,51.6850,29.5729,52.4359,14.3820,0.7741,16.2009,5.0080,4.0245,0.0002,0.0000,0.0000,0.0000
4,hasta_001,1780004414.856,2026-05-29 00:40:14,2453,NORMAL,53.2,48.8367,39.6006,20.8873,10.2485,14.2140,51.9479,29.8155,52.2025,14.3410,0.8573,16.2009,5.0080,4.1162,0.0001,0.0000,0.0000,0.0000
4,hasta_001,1780004416.753,2026-05-29 00:40:16,2454,NORMAL,72.0,45.6224,48.5923,6.3045,6.3891,4.5138,52.1840,30.1321,51.8549,14.2682,1.1186,16.1027,4.9999,4.1269,0.0093,0.0000,0.0000,0.0000
4,hasta_001,1780004416.817,2026-05-29 00:40:16,2455,NORMAL,72.5,45.4948,48.7455,6.8988,6.3330,4.3907,52.4185,30.4487,51.5206,14.1952,1.3286,16.1027,4.9999,4.1368,0.0097,0.0000,0.0000,0.0000
4,hasta_001,1780004416.867,2026-05-29 00:40:16,2456,NORMAL,72.5,45.2580,48.7479,7.4248,6.4383,4.4011,52.6498,30.7642,51.1946,14.1229,1.5014,16.1027,4.9999,4.1471,0.0097,0.0000,0.0000,0.0000
4,hasta_001,1780004416.917,2026-05-29 00:40:16,2457,NORMAL,72.0,45.5674,48.5780,6.3955,6.7525,4.5409,52.8824,31.0772,50.8617,14.0527,1.6409,16.1027,4.9999,4.1590,0.0094,0.0000,0.0000,0.0000
4,hasta_001,1780004416.958,2026-05-29 00:40:16,2458,NORMAL,72.5,47.0558,48.6594,3.3508,6.6469,4.5942,53.1262,31.3895,50.5094,13.9811,1.7700,16.1027,4.9999,4.1716,0.0094,0.0000,0.0000,0.0000
4,hasta_001,1780004417.007,2026-05-29 00:40:17,2459,NORMAL,72.5,47.3928,48.5013,2.3119,6.5781,4.5433,53.3692,31.6959,50.1667,13.9083,1.8893,16.1027,4.9999,4.1847,0.0097,0.0000,0.0000,0.0000
4,hasta_001,1780004417.073,2026-05-29 00:40:17,2460,NORMAL,72.5,47.2947,48.7807,3.0935,6.6337,4.6553,53.6062,31.9983,49.8549,13.8356,1.9969,16.1027,4.9999,4.1995,0.0097,0.0000,0.0000,0.0000
4,hasta_001,1780004417.125,2026-05-29 00:40:17,2461,NORMAL,72.5,47.7020,49.0900,2.8679,7.0371,4.9082,53.8417,32.2969,49.5633,13.7660,2.0852,16.1027,4.9999,4.2169,0.0093,0.0000,0.0000,0.0000
4,hasta_001,1780004417.173,2026-05-29 00:40:17,2462,NORMAL,72.0,47.6927,49.5889,3.8984,7.0576,5.2662,54.0632,32.5889,49.2892,13.6972,2.1676,16.1027,4.9999,4.2376,0.0089,0.0000,0.0000,0.0000
4,hasta_001,1780004417.236,2026-05-29 00:40:17,2463,NORMAL,72.0,47.9663,50.4127,4.9735,7.2284,5.6005,54.2721,32.8779,49.0216,13.6315,2.2419,16.1027,4.9999,4.2612,0.0086,0.0000,0.0000,0.0000
4,hasta_001,1780004417.297,2026-05-29 00:40:17,2464,NORMAL,72.0,47.4336,52.1689,9.5085,7.4770,5.7442,54.4634,33.1734,48.7864,13.5690,2.3071,16.1027,4.9999,4.2860,0.0084,0.0000,0.0000,0.0000
4,hasta_001,1780004417.334,2026-05-29 00:40:17,2465,NORMAL,71.3,45.4202,52.2167,13.9221,7.7496,5.6847,54.6217,33.4604,48.5761,13.5100,2.3639,16.1027,4.9999,4.3103,0.0084,0.0000,0.0000,0.0000
4,hasta_001,1780004417.388,2026-05-29 00:40:17,2466,NORMAL,71.3,44.2145,51.3168,14.8691,8.4221,5.6660,54.7547,33.7322,48.3611,13.4577,2.4061,16.1027,4.9999,4.3342,0.0082,0.0000,0.0000,0.0000
4,hasta_001,1780004417.507,2026-05-29 00:40:17,2467,NORMAL,57.3,52.8483,44.2105,17.7992,17.8103,7.0431,54.9413,33.9359,48.1544,13.4847,2.4364,16.1027,4.9999,4.3694,0.0067,0.0000,0.0000,0.0000
4,hasta_001,1780004417.549,2026-05-29 00:40:17,2468,NORMAL,54.4,55.0875,42.3655,26.1091,21.4443,7.3528,55.1295,34.1172,47.9987,13.5431,2.5403,16.1027,4.9999,4.4070,0.0061,0.0000,0.0000,0.0000
4,hasta_001,1780004417.580,2026-05-29 00:40:17,2469,NORMAL,54.4,56.1099,41.2348,30.5617,23.8516,7.4308,55.3098,34.2768,47.8886,13.6223,2.7069,16.1027,4.9999,4.4450,0.0055,0.0000,0.0000,0.0000
4,hasta_001,1780004417.611,2026-05-29 00:40:17,2470,NORMAL,54.4,56.5033,40.6681,32.5924,24.7798,7.3248,55.4835,34.4244,47.7988,13.7099,2.8902,16.1027,4.9999,4.4819,0.0051,0.0000,0.0000,0.0000
4,hasta_001,1780004417.664,2026-05-29 00:40:17,2471,NORMAL,54.9,55.8654,40.2721,32.4396,27.0029,6.9191,55.6421,34.5588,47.7225,13.8165,3.1325,16.1027,4.9999,4.5152,0.0047,0.0000,0.0000,3.2500
4,hasta_001,1780004417.723,2026-05-29 00:40:17,2472,NORMAL,56.4,54.3309,39.6869,31.1516,28.5828,6.2833,55.7771,34.6807,47.6371,13.9366,3.4079,16.1027,4.9999,4.5430,0.0044,0.0000,0.0000,3.2500
4,hasta_001,1780004417.764,2026-05-29 00:40:17,2473,NORMAL,57.9,52.5081,39.2751,28.8352,29.6277,5.6050,55.8876,34.7887,47.5490,14.0657,3.6944,16.1027,4.9999,4.5652,0.0042,0.0000,0.0000,0.0000
4,hasta_001,1780004417.825,2026-05-29 00:40:17,2474,NORMAL,60.0,49.6496,38.9644,24.1164,30.0546,4.5550,55.9638,34.8827,47.4364,14.1986,3.9701,16.1027,4.9999,4.5787,0.0039,0.0000,0.0000,0.0000
4,hasta_001,1780004417.885,2026-05-29 00:40:17,2475,NORMAL,65.9,47.3127,39.5198,17.9492,29.9060,3.4972,56.0077,34.9671,47.2906,14.3302,4.2190,16.1027,4.9999,4.5833,0.0036,0.0000,0.0000,0.0000
4,hasta_001,1780004417.920,2026-05-29 00:40:17,2476,NORMAL,72.6,45.6612,40.8591,11.1005,29.7372,2.8348,56.0280,35.0537,47.0946,14.4605,4.4453,16.1027,4.9999,4.5823,0.0032,0.0000,0.0000,0.0000
4,hasta_001,1780004417.975,2026-05-29 00:40:17,2477,NORMAL,72.6,43.5671,43.5570,0.0232,29.0551,2.1173,56.0228,35.1508,46.8259,14.5851,4.6389,16.1027,4.9999,4.5752,0.0030,0.0000,0.0000,0.0000
4,hasta_001,1780004418.010,2026-05-29 00:40:18,2478,NORMAL,72.1,42.2475,46.0064,8.5184,28.4587,1.9148,56.0016,35.2606,46.6400,14.7049,4.8069,16.1027,4.9999,4.5664,0.0027,0.0000,0.0000,0.0000
4,hasta_001,1780004418.073,2026-05-29 00:40:18,2479,NORMAL,66.6,40.5019,48.4861,17.9443,26.7283,1.8332,55.9618,35.3864,46.5375,14.8104,4.9292,16.1027,4.9999,4.5567,0.0025,0.0000,0.0000,0.0000
4,hasta_001,1780004418.145,2026-05-29 00:40:18,2480,NORMAL,59.6,39.2122,50.1824,24.5433,25.0048,2.1671,55.9085,35.5205,46.5011,14.9017,5.0150,16.1027,4.9999,4.5496,0.0022,0.0000,0.0000,0.0000
4,hasta_001,1780004418.183,2026-05-29 00:40:18,2481,NORMAL,58.6,38.2904,50.9431,28.3586,24.1756,2.5177,55.8456,35.6575,46.5024,14.9859,5.0847,16.1027,4.9999,4.5455,0.0020,0.0000,0.0000,0.0000
4,hasta_001,1780004418.213,2026-05-29 00:40:18,2482,NORMAL,57.6,37.3938,51.3803,31.5104,23.7526,2.8246,55.7749,35.7955,46.5367,15.0666,5.1459,16.1027,4.9999,4.5439,0.0017,0.0000,0.0000,0.0000
4,hasta_001,1780004418.244,2026-05-29 00:40:18,2483,NORMAL,57.6,36.2473,50.9802,33.7804,23.6180,3.1950,55.6902,35.9242,46.5971,15.1462,5.2034,16.1027,4.9999,4.5453,0.0017,0.0000,0.0000,0.0000
4,hasta_001,1780004418.276,2026-05-29 00:40:18,2484,NORMAL,57.6,34.9832,50.9459,37.1532,23.5005,3.5514,55.5894,36.0455,46.6933,15.2248,5.2575,16.1027,4.9999,4.5496,0.0015,0.0000,0.0000,0.0000
4,hasta_001,1780004418.309,2026-05-29 00:40:18,2485,NORMAL,57.6,33.8580,52.1134,42.4686,23.3146,3.8978,55.4749,36.1714,46.8383,15.3016,5.3075,16.1027,4.9999,4.5568,0.0015,0.0000,0.0000,0.0000
4,hasta_001,1780004418.358,2026-05-29 00:40:18,2486,NORMAL,57.5,32.6088,54.7487,50.6880,23.2117,4.4240,55.3462,36.3119,47.0638,15.3772,5.3549,15.9144,4.9753,4.5684,0.0014,0.0000,0.0000,0.0000
4,hasta_001,1780004418.401,2026-05-29 00:40:18,2487,NORMAL,57.5,31.7051,56.6965,56.5405,22.8338,4.5840,55.2084,36.4640,47.3465,15.4493,5.3964,15.9144,4.9753,4.5812,0.0013,0.0000,0.0000,0.0000
4,hasta_001,1780004418.451,2026-05-29 00:40:18,2488,NORMAL,57.5,30.9658,59.0127,62.3411,22.3282,4.5722,55.0645,36.6317,47.6872,15.5169,5.4312,15.9144,4.9753,4.5941,0.0013,0.0000,0.0000,0.0000
4,hasta_001,1780004418.495,2026-05-29 00:40:18,2489,NORMAL,57.5,30.4226,59.5065,64.6819,21.8717,4.3509,54.9115,36.8019,48.0423,15.5803,5.4605,15.9144,4.9753,4.6051,0.0012,0.0000,0.0000,0.0000
4,hasta_001,1780004418.542,2026-05-29 00:40:18,2490,NORMAL,57.6,30.0256,60.6698,67.5760,21.3546,4.1033,54.7544,36.9807,48.4224,15.6392,5.4843,15.9144,4.9753,4.6141,0.0012,0.0000,0.0000,0.0000
4,hasta_001,1780004418.587,2026-05-29 00:40:18,2491,NORMAL,57.6,29.8061,61.2271,69.0321,20.7642,3.8560,54.5942,37.1633,48.8147,15.6930,5.5026,15.9144,4.9753,4.6211,0.0011,0.0000,0.0000,0.0000
4,hasta_001,1780004418.640,2026-05-29 00:40:18,2492,NORMAL,57.6,29.7256,59.8314,67.2327,19.9542,3.4230,54.4320,37.3339,49.1897,15.7399,5.5147,15.9144,4.9753,4.6245,0.0010,0.0000,0.0000,0.0000
4,hasta_001,1780004418.694,2026-05-29 00:40:18,2493,NORMAL,57.6,29.0919,57.2174,65.1738,18.8434,2.8174,54.2598,37.4833,49.5370,15.7774,5.5204,15.9144,4.9753,4.6229,0.0009,0.0000,0.0000,0.0000
4,hasta_001,1780004418.766,2026-05-29 00:40:18,2494,NORMAL,58.3,28.0235,56.5412,67.4458,17.5716,2.0542,54.0739,37.6272,49.8933,15.8040,5.5213,15.9144,4.9753,4.6151,0.0008,0.0000,0.0000,0.0000
4,hasta_001,1780004418.825,2026-05-29 00:40:18,2495,NORMAL,58.3,26.8414,58.3840,74.0217,16.6236,1.5211,53.8743,37.7876,50.2941,15.8225,5.5203,15.9144,4.9753,4.6028,0.0007,0.0000,0.0000,0.0000
4,hasta_001,1780004418.862,2026-05-29 00:40:18,2496,NORMAL,58.3,25.9128,59.8492,79.1410,15.9980,1.3685,53.6624,37.9605,50.7282,15.8356,5.5188,15.9144,4.9753,4.5893,0.0008,0.0000,0.0000,0.0000
4,hasta_001,1780004418.914,2026-05-29 00:40:18,2497,NORMAL,58.3,24.8083,58.8978,81.4505,15.1868,1.3227,53.4381,38.1240,51.1788,15.8417,5.5177,15.9144,4.9753,4.5756,0.0007,0.0000,0.0000,0.0000
4,hasta_001,1780004418.953,2026-05-29 00:40:18,2498,NORMAL,58.3,23.8251,55.9269,80.5042,14.6163,1.3211,53.2024,38.2627,51.6158,15.8430,5.5174,15.9144,4.9753,4.5618,0.0007,0.0000,0.0000,0.0000
4,hasta_001,1780004418.984,2026-05-29 00:40:18,2499,NORMAL,58.3,22.9800,53.5605,79.9066,14.1573,1.3698,52.9577,38.3818,52.0439,15.8403,5.5182,15.9144,4.9753,4.5485,0.0007,0.0000,0.0000,0.0000
4,hasta_001,1780004419.038,2026-05-29 00:40:19,2500,NORMAL,58.3,22.1852,53.4379,82.6538,13.5854,1.5121,52.7060,38.5011,52.4911,15.8327,5.5206,16.5854,4.9998,4.5363,0.0006,0.0000,0.0000,0.0000
4,hasta_001,1780004419.077,2026-05-29 00:40:19,2501,NORMAL,58.3,21.4887,51.9021,82.8806,13.2487,1.6214,52.4484,38.6086,52.9375,15.8223,5.5243,16.5854,4.9998,4.5250,0.0005,0.0000,0.0000,0.0000
4,hasta_001,1780004419.137,2026-05-29 00:40:19,2502,NORMAL,58.3,19.7042,50.1847,87.2255,12.9446,1.7767,52.1776,38.7033,53.4193,15.8093,5.5292,16.5854,4.9998,4.5151,0.0005,0.0000,0.0000,0.0000
4,hasta_001,1780004419.211,2026-05-29 00:40:19,2503,NORMAL,58.3,16.6390,46.1613,94.0196,12.8742,1.9551,51.8842,38.7660,53.9595,15.7959,5.5344,16.5854,4.9998,4.5068,0.0005,0.0000,0.0000,0.0000
4,hasta_001,1780004419.265,2026-05-29 00:40:19,2504,NORMAL,58.3,13.1463,46.9746,112.5343,12.8938,2.0573,51.5675,38.8384,54.6575,15.7829,5.5393,16.5854,4.9998,4.4992,0.0004,0.0000,0.0000,0.0000
4,hasta_001,1780004419.308,2026-05-29 00:40:19,2505,NORMAL,58.3,10.1553,44.5903,125.8000,12.8699,2.1264,51.2338,38.8952,55.4707,15.7699,5.5443,16.5854,4.9998,4.4920,0.0005,0.0000,0.0000,0.0000
4,hasta_001,1780004419.359,2026-05-29 00:40:19,2506,NORMAL,57.6,6.8973,41.1853,142.6211,12.9412,2.1568,50.8798,38.9268,56.4289,15.7579,5.5489,16.5854,4.9998,4.4851,0.0005,0.0000,0.0000,0.0000
4,hasta_001,1780004419.411,2026-05-29 00:40:19,2507,NORMAL,57.6,3.7931,36.5579,162.3987,13.0403,2.1993,50.5075,38.9231,57.5586,15.7471,5.5529,16.5854,4.9998,4.4785,0.0006,0.0000,0.0000,0.0000
4,hasta_001,1780004419.478,2026-05-29 00:40:19,2508,NORMAL,57.6,3.0815,31.9499,164.8143,13.3357,2.1938,50.1307,38.8828,58.7064,15.7389,5.5557,16.5854,4.9998,4.4718,0.0006,0.0000,0.0000,0.0000
4,hasta_001,1780004419.542,2026-05-29 00:40:19,2509,NORMAL,57.6,3.2395,29.5624,160.4966,13.7079,2.1319,49.7552,38.8251,59.8116,15.7336,5.5573,16.5854,4.9998,4.4647,0.0006,0.0000,0.0000,0.0000
4,hasta_001,1780004419.614,2026-05-29 00:40:19,2510,NORMAL,58.3,4.3125,27.3452,145.5110,14.1401,2.0401,49.3848,38.7506,60.7798,15.7318,5.5578,16.5854,4.9998,4.4570,0.0006,0.0000,0.0000,0.0000
4,hasta_001,1780004419.651,2026-05-29 00:40:19,2511,NORMAL,58.3,5.0918,26.6201,135.7739,14.3408,1.9358,49.0175,38.6720,61.6547,15.7318,5.5578,16.5854,4.9998,4.4486,0.0007,0.0000,0.0000,0.0000
4,hasta_001,1780004419.698,2026-05-29 00:40:19,2512,NORMAL,58.3,6.2692,24.6163,118.8074,14.5048,1.8089,48.6593,38.5788,62.3813,15.7335,5.5574,16.5854,4.9998,4.4395,0.0009,0.0000,0.0000,0.0000
4,hasta_001,1780004419.765,2026-05-29 00:40:19,2513,NORMAL,58.3,7.2685,22.0413,100.8045,14.6525,1.6399,48.3043,38.4652,62.9446,15.7365,5.5568,16.5854,4.9998,4.4292,0.0009,0.0000,0.0000,0.0000
4,hasta_001,1780004419.827,2026-05-29 00:40:19,2514,NORMAL,58.3,8.1836,21.0483,88.0185,14.6482,1.5563,47.9554,38.3450,63.3941,15.7398,5.5560,16.5854,4.9998,4.4182,0.0010,0.0000,0.0000,0.0000
4,hasta_001,1780004419.863,2026-05-29 00:40:19,2515,NORMAL,58.3,9.0215,22.4636,85.3876,14.6744,1.4843,47.6126,38.2378,63.8164,15.7436,5.5551,16.5854,4.9998,4.4066,0.0011,0.0000,0.0000,0.0000
4,hasta_001,1780004419.894,2026-05-29 00:40:19,2516,NORMAL,58.3,9.8910,24.4196,84.6889,14.7364,1.4317,47.2787,38.1490,64.2307,15.7483,5.5540,16.5854,4.9998,4.3944,0.0011,0.0000,0.0000,0.0000
4,hasta_001,1780004419.924,2026-05-29 00:40:19,2517,NORMAL,58.3,10.3111,28.2324,92.9924,14.8001,1.3874,46.9510,38.0938,64.7140,15.7539,5.5527,16.6539,5.0073,4.3817,0.0011,0.0000,0.0000,0.0000
4,hasta_001,1780004419.984,2026-05-29 00:40:19,2518,NORMAL,58.3,10.0255,35.2984,111.5213,14.8631,1.4032,46.6237,38.0993,65.3521,15.7601,5.5513,16.6539,5.0073,4.3687,0.0011,0.0000,0.0000,0.0000
4,hasta_001,1780004420.040,2026-05-29 00:40:20,2519,NORMAL,58.3,8.2709,41.0304,132.8950,14.9312,1.4523,46.2836,38.1548,66.1658,15.7671,5.5497,16.6539,5.0073,4.3560,0.0011,0.0000,0.0000,0.0000
4,hasta_001,1780004420.106,2026-05-29 00:40:20,2520,NORMAL,58.3,6.6315,46.3461,149.9296,15.0737,1.4990,45.9312,38.2563,67.1192,15.7753,5.5480,16.6539,5.0073,4.3434,0.0011,0.0000,0.0000,0.0000
4,hasta_001,1780004420.181,2026-05-29 00:40:20,2521,NORMAL,58.3,6.4593,50.4353,154.5875,15.4465,1.4343,45.5784,38.3943,68.1065,15.7863,5.5460,16.6539,5.0073,4.3302,0.0011,0.0000,0.0000,0.0000
4,hasta_001,1780004420.216,2026-05-29 00:40:20,2522,NORMAL,58.8,8.5837,53.6016,144.7863,15.6709,1.3065,45.2444,38.5607,69.0090,15.7990,5.5439,16.6539,5.0073,4.3157,0.0010,0.0000,0.0000,0.0000
4,hasta_001,1780004420.280,2026-05-29 00:40:20,2523,NORMAL,59.3,15.2709,53.0259,110.5617,16.0369,1.1130,44.9681,38.7245,69.6236,15.8145,5.5420,16.6539,5.0073,4.2993,0.0011,0.0000,0.0000,0.0000
4,hasta_001,1780004420.326,2026-05-29 00:40:20,2524,NORMAL,59.3,20.8941,53.6604,87.8988,16.1371,0.8963,44.7394,38.8946,70.0476,15.8304,5.5402,16.7918,5.0235,4.2812,0.0009,0.0000,0.0000,0.0000
4,hasta_001,1780004420.358,2026-05-29 00:40:20,2525,NORMAL,59.3,25.5474,53.4876,70.7034,16.1428,1.0199,44.5492,39.0642,70.3253,15.8460,5.5384,16.7918,5.0235,4.2640,0.0008,0.0000,0.0000,0.0000
4,hasta_001,1780004420.388,2026-05-29 00:40:20,2526,NORMAL,59.3,31.9858,53.4759,50.2917,16.1145,1.2118,44.4108,39.2344,70.4271,15.8608,5.5367,16.7918,5.0235,4.2486,0.0006,0.0000,0.0000,0.0000
4,hasta_001,1780004420.420,2026-05-29 00:40:20,2527,NORMAL,58.3,36.6391,52.9301,36.3763,15.9478,1.5032,44.3069,39.4011,70.4017,15.8737,5.5351,16.7918,5.0235,4.2359,0.0007,0.0000,0.0000,0.0000
4,hasta_001,1780004420.473,2026-05-29 00:40:20,2528,NORMAL,61.3,41.7806,53.0068,23.6872,15.9594,2.0777,44.2396,39.5699,70.2539,15.8863,5.5335,16.7918,5.0235,4.2282,0.0004,0.0000,0.0000,0.0000
4,hasta_001,1780004420.649,2026-05-29 00:40:20,2529,NORMAL,65.2,40.5420,43.0233,5.9385,13.3745,7.2125,44.1533,39.6576,69.9355,15.8770,5.5368,17.3074,5.0584,4.2636,0.0012,0.0000,0.0000,0.0000
4,hasta_001,1780004421.778,2026-05-29 00:40:21,2530,NORMAL,65.2,83.2073,76.0490,8.9896,7.0757,7.0853,44.4130,40.0240,69.6150,15.8148,5.5931,17.3074,5.0584,4.2981,0.0001,0.0000,0.0000,0.0000
4,hasta_001,1780004421.840,2026-05-29 00:40:21,2531,NORMAL,65.2,84.4075,77.3974,8.6649,6.3143,6.9720,44.6734,40.4037,69.2690,15.7455,5.6585,17.3074,5.0584,4.3317,0.0000,0.0000,0.0000,0.0000
4,hasta_001,1780004421.888,2026-05-29 00:40:21,2532,NORMAL,65.7,85.2314,78.0670,8.7746,5.7434,6.6555,44.9315,40.7911,68.9019,15.6713,5.7304,17.3074,5.0584,4.3623,0.0002,0.0000,0.0000,0.0000
4,hasta_001,1780004421.919,2026-05-29 00:40:21,2533,NORMAL,71.0,85.3332,78.0429,8.9245,5.3483,6.2611,45.1807,41.1806,68.5126,15.5932,5.8062,17.3074,5.0584,4.3890,0.0003,0.0000,0.0000,0.0000
4,hasta_001,1780004421.950,2026-05-29 00:40:21,2534,NORMAL,72.0,84.7905,77.6552,8.7847,5.0950,5.7669,45.4179,41.5682,68.1057,15.5130,5.8836,17.3074,5.0584,4.4110,0.0002,0.0000,0.0000,0.0000
4,hasta_001,1780004421.980,2026-05-29 00:40:21,2535,NORMAL,72.0,82.7323,76.0119,8.4669,4.8553,5.2577,45.6300,41.9451,67.6750,15.4308,5.9625,17.3074,5.0584,4.4274,0.0002,0.0000,0.0000,0.0000
4,hasta_001,1780004422.017,2026-05-29 00:40:22,2536,NORMAL,72.0,79.3815,73.7870,7.3051,4.5892,4.7735,45.8063,42.3065,67.2130,15.3466,6.0431,17.3074,5.0584,4.4379,0.0000,0.0000,0.0000,0.0000
4,hasta_001,1780004422.068,2026-05-29 00:40:22,2537,NORMAL,72.6,76.3354,71.9009,5.9831,4.3095,4.0843,45.9489,42.6544,66.7207,15.2605,6.1256,17.3074,5.0584,4.4394,0.0002,0.0000,0.0000,0.0000
4,hasta_001,1780004422.108,2026-05-29 00:40:22,2538,NORMAL,72.6,74.9669,71.9395,4.1216,4.1207,3.4102,46.0715,43.0066,66.1886,15.1730,6.2086,17.3074,5.0584,4.4316,0.0001,0.0000,0.0000,0.0000
4,hasta_001,1780004422.162,2026-05-29 00:40:22,2539,NORMAL,73.1,71.1907,69.9369,1.7767,4.1177,2.5041,46.1570,43.3500,65.6047,15.0855,6.2892,17.3074,5.0584,4.4130,0.0003,0.0000,0.0000,0.0000
4,hasta_001,1780004422.222,2026-05-29 00:40:22,2540,NORMAL,72.6,67.6269,67.7397,0.1668,4.4215,1.7934,46.2020,43.6831,64.9678,15.0011,6.3634,17.3074,5.0584,4.3855,0.0005,0.0000,0.0000,0.0000
4,hasta_001,1780004422.269,2026-05-29 00:40:22,2541,NORMAL,72.6,65.2560,66.2056,1.4446,4.6488,1.5149,46.2075,44.0161,64.2761,14.9191,6.4325,17.3074,5.0584,4.3526,0.0004,0.0000,0.0000,0.0000
4,hasta_001,1780004422.320,2026-05-29 00:40:22,2542,NORMAL,72.6,63.9902,65.3765,2.1433,4.9662,1.4123,46.1832,44.3527,63.5337,14.8400,6.4957,18.3682,5.0105,4.3166,0.0003,0.0000,0.0000,0.0000
4,hasta_001,1780004422.385,2026-05-29 00:40:22,2543,NORMAL,72.6,63.4085,64.7508,2.0947,5.4407,1.4632,46.1332,44.6949,62.7327,14.7648,6.5516,18.3682,5.0105,4.2791,0.0003,0.0000,0.0000,0.0000
4,hasta_001,1780004422.433,2026-05-29 00:40:22,2544,NORMAL,72.6,63.4677,62.6177,1.3482,5.9931,1.5423,46.0677,45.0362,61.8538,14.6940,6.5999,18.3682,5.0105,4.2412,0.0002,0.0000,0.0000,0.0000
4,hasta_001,1780004422.480,2026-05-29 00:40:22,2545,NORMAL,72.1,64.0124,59.9801,6.5042,6.6638,1.6256,45.9932,45.3692,60.9590,14.6285,6.6402,18.3682,5.0105,4.2036,0.0001,0.0000,0.0000,0.0000
4,hasta_001,1780004422.522,2026-05-29 00:40:22,2546,NORMAL,72.1,64.4218,58.1912,10.1631,7.5685,1.6344,45.9189,45.6975,60.0570,14.5702,6.6711,18.3682,5.0105,4.1662,0.0000,0.0000,0.0000,0.0000
4,hasta_001,1780004422.553,2026-05-29 00:40:22,2547,NORMAL,71.4,64.7961,56.3980,13.8589,8.3110,1.6178,45.8491,46.0198,59.1559,14.5172,6.6953,18.3682,5.0105,4.1292,0.0000,0.0000,0.0000,0.0000
4,hasta_001,1780004422.611,2026-05-29 00:40:22,2548,NORMAL,66.1,65.5131,54.4824,18.3853,9.8400,1.5248,45.7859,46.3283,58.2853,14.4764,6.7088,18.3682,5.0105,4.0917,0.0000,0.0000,0.0000,0.0000
4,hasta_001,1780004422.672,2026-05-29 00:40:22,2549,NORMAL,58.3,65.9774,46.7858,34.0386,11.5749,1.3690,45.7270,46.5750,57.5370,14.4494,6.7139,18.4360,5.0170,4.0536,0.0002,0.0000,0.0000,0.0000
4,hasta_001,1780004422.712,2026-05-29 00:40:22,2550,NORMAL,58.8,66.3538,44.2687,39.9289,12.5748,1.2970,45.6670,46.8012,56.8326,14.4297,6.7159,18.4360,5.0170,4.0164,0.0003,0.0000,0.0000,0.0000
4,hasta_001,1780004422.764,2026-05-29 00:40:22,2551,NORMAL,59.3,66.8236,30.8379,73.6946,13.6574,1.1122,45.6040,46.9132,56.4118,14.4178,6.7160,18.4360,5.0170,3.9794,0.0003,0.0000,0.0000,0.0000
4,hasta_001,1780004422.801,2026-05-29 00:40:22,2552,NORMAL,59.3,66.8664,20.7750,105.1818,14.4853,1.0373,45.5343,46.9394,56.2546,14.4129,6.7157,18.4360,5.0170,3.9432,0.0004,0.0000,0.0000,0.0000
4,hasta_001,1780004422.832,2026-05-29 00:40:22,2553,NORMAL,59.3,66.9468,18.0896,114.9090,15.1847,1.0287,45.4580,46.9379,56.1908,14.4142,6.7158,18.4360,5.0170,3.9088,0.0003,0.0000,0.0000,0.0000
4,hasta_001,1780004422.865,2026-05-29 00:40:22,2554,NORMAL,59.3,66.9556,16.7358,120.0119,15.8280,1.0129,45.3765,46.9173,56.1916,14.4209,6.7169,18.4360,5.0170,3.8759,0.0002,0.0000,0.0000,0.0000
4,hasta_001,1780004422.918,2026-05-29 00:40:22,2555,NORMAL,59.3,66.0625,17.5727,115.9555,16.8466,0.9211,45.2832,46.8917,56.1940,14.4368,6.7203,18.4360,5.0170,3.8441,0.0003,0.0000,0.0000,0.0000
4,hasta_001,1780004422.958,2026-05-29 00:40:22,2556,NORMAL,59.3,65.1544,18.7360,110.6643,17.9957,0.8438,45.1829,46.8680,56.1777,14.4623,6.7280,18.4360,5.0170,3.8126,0.0003,0.0000,0.0000,0.0000
4,hasta_001,1780004423.013,2026-05-29 00:40:23,2557,NORMAL,60.8,64.0724,21.2343,100.4330,19.5585,0.7593,45.0788,46.8563,56.1088,14.5012,6.7438,18.4360,5.0170,3.7815,0.0003,0.0000,0.0000,0.0000
4,hasta_001,1780004423.051,2026-05-29 00:40:23,2558,NORMAL,60.8,63.5500,23.6894,91.3823,20.7457,0.7348,44.9771,46.8597,55.9874,14.5502,6.7676,18.4360,5.0170,3.7511,0.0003,0.0000,0.0000,0.0000
4,hasta_001,1780004423.122,2026-05-29 00:40:23,2559,NORMAL,60.8,62.9890,30.3500,69.9363,22.5038,0.7027,44.8815,46.9156,55.7067,14.6141,6.8061,18.4360,5.0170,3.7211,0.0003,0.0000,0.0000,0.0000
4,hasta_001,1780004423.181,2026-05-29 00:40:23,2560,NORMAL,60.8,62.6984,36.4116,53.0457,23.4550,0.7284,44.7949,47.0216,55.2980,14.6861,6.8534,18.4360,5.0170,3.6919,0.0002,0.0000,0.0000,0.0000
4,hasta_001,1780004423.224,2026-05-29 00:40:23,2561,NORMAL,60.8,62.5498,40.8001,42.0895,24.0006,0.8025,44.7228,47.1675,54.8039,14.7626,6.9055,18.4360,5.0170,3.6635,0.0002,0.0000,0.0000,0.0000
4,hasta_001,1780004423.269,2026-05-29 00:40:23,2562,NORMAL,59.3,62.3164,44.5928,33.1565,24.4514,0.8964,44.6583,47.3474,54.2375,14.8428,6.9614,18.4360,5.0170,3.6356,0.0001,0.0000,0.0000,0.0000
4,hasta_001,1780004423.317,2026-05-29 00:40:23,2563,NORMAL,60.3,62.0287,47.7014,26.1137,24.7513,1.0009,44.5991,47.5496,53.6323,14.9253,7.0195,18.4360,5.0170,3.6077,0.0001,0.0000,0.0000,0.0000
4,hasta_001,1780004423.388,2026-05-29 00:40:23,2564,NORMAL,65.6,61.5223,50.3533,19.9669,25.0476,1.1109,44.5388,47.7531,53.0450,15.0111,7.0795,18.4360,5.0170,3.5772,0.0000,0.0000,0.0000,0.0000
4,hasta_001,1780004423.427,2026-05-29 00:40:23,2565,NORMAL,67.7,61.1116,51.2897,17.4765,25.1293,1.1271,44.4749,47.9320,52.5321,15.0983,7.1389,18.4360,5.0170,3.5405,0.0000,0.0000,0.0000,0.0000
4,hasta_001,1780004423.476,2026-05-29 00:40:23,2566,NORMAL,71.9,60.6706,52.1056,15.1893,25.1662,1.1581,44.4071,48.0772,52.1092,15.1884,7.1969,18.4360,5.0170,3.4936,0.0001,0.0000,0.0000,0.0000
4,hasta_001,1780004423.524,2026-05-29 00:40:23,2567,NORMAL,71.9,60.2658,52.5362,13.7047,25.1456,1.2189,44.3238,48.1729,51.7859,15.2832,7.2523,18.4360,5.0170,3.4335,0.0002,0.0000,0.0000,0.0000
4,hasta_001,1780004423.591,2026-05-29 00:40:23,2568,NORMAL,71.4,59.9728,52.8604,12.6068,25.0202,1.3752,44.2126,48.2058,51.5581,15.3850,7.3023,19.6207,4.9930,3.3545,0.0002,0.0000,0.0000,0.0000
4,hasta_001,1780004423.653,2026-05-29 00:40:23,2569,NORMAL,71.4,60.0005,52.3519,13.6154,24.8460,1.5459,44.0703,48.2000,51.3640,15.4934,7.3453,19.6207,4.9930,3.2598,0.0003,0.0000,0.0000,0.0000
4,hasta_001,1780004423.693,2026-05-29 00:40:23,2570,NORMAL,68.6,59.9746,51.0468,16.0830,24.7351,1.6575,43.9144,48.2019,51.1393,15.6063,7.3823,19.6207,4.9930,3.1535,0.0005,0.0000,0.0000,0.0000
4,hasta_001,1780004423.744,2026-05-29 00:40:23,2571,NORMAL,59.3,59.8763,46.4263,25.3051,24.5316,1.7929,43.8456,48.2050,51.0279,15.7252,7.4101,19.6207,4.9930,3.0423,0.0006,0.0000,0.0000,0.0000
4,hasta_001,1780004423.802,2026-05-29 00:40:23,2572,NORMAL,58.3,59.5210,38.7423,42.2918,24.2720,1.9027,43.8293,48.1680,51.0891,15.8440,7.4319,19.6207,4.9930,2.9321,0.0008,0.0000,0.0000,0.0000
4,hasta_001,1780004423.848,2026-05-29 00:40:23,2573,NORMAL,58.3,59.2576,29.7653,66.2578,23.9358,1.9504,43.9161,48.0860,51.4671,15.9581,7.4501,19.6207,4.9930,2.8299,0.0095,0.0000,0.0000,0.0000
4,hasta_001,1780004423.888,2026-05-29 00:40:23,2574,NORMAL,58.3,59.2030,21.3316,94.0500,23.6215,1.9164,44.0293,47.8589,52.1983,16.1017,7.4304,19.6207,4.9930,2.8083,0.0099,0.0000,0.0000,0.0000
4,hasta_001,1780004423.948,2026-05-29 00:40:23,2575,NORMAL,58.3,59.2150,12.8792,128.5422,23.1823,1.8959,44.1436,47.5600,53.2120,16.2421,7.4036,25.8052,3.5742,2.7875,0.0100,0.0000,0.0000,0.0000
4,hasta_001,1780004424.011,2026-05-29 00:40:24,2576,NORMAL,58.3,59.4163,8.9099,147.8388,22.8367,1.7685,44.2616,47.2280,54.3822,16.3787,7.3727,25.8052,3.5742,2.7656,0.0095,0.0000,0.0000,0.0000
4,hasta_001,1780004424.085,2026-05-29 00:40:24,2577,NORMAL,58.3,59.6050,6.6063,160.0894,22.3599,1.6420,44.3786,46.8782,55.6629,16.5088,7.3393,25.8052,3.5742,2.7414,0.0095,0.0000,0.0000,0.0000
4,hasta_001,1780004424.119,2026-05-29 00:40:24,2578,NORMAL,58.3,59.5426,7.1281,157.2341,22.1723,1.6013,44.4826,46.5321,56.9453,16.6382,7.3010,25.8052,3.5742,2.7165,0.0099,0.0000,0.0000,0.0000
4,hasta_001,1780004424.176,2026-05-29 00:40:24,2579,NORMAL,58.3,59.2917,8.6855,148.8917,22.0030,1.6248,44.5818,46.2003,58.1668,16.7667,7.2584,25.8052,3.5742,2.6921,0.0099,0.0000,0.0000,0.0000
4,hasta_001,1780004424.229,2026-05-29 00:40:24,2580,NORMAL,58.3,59.0837,10.0888,141.6599,21.9041,1.6255,44.6800,45.8779,59.3215,16.8940,7.2134,25.8052,3.5742,2.6669,0.0095,0.0000,0.0000,0.0000
4,hasta_001,1780004424.283,2026-05-29 00:40:24,2581,NORMAL,58.3,58.7016,11.4719,134.6083,21.9002,1.5622,44.7717,45.5644,60.4194,17.0178,7.1706,25.8052,3.5742,2.6390,0.0091,0.0000,0.0000,0.0000
4,hasta_001,1780004424.343,2026-05-29 00:40:24,2582,NORMAL,58.3,58.2224,13.1340,126.3753,21.7871,1.5023,44.8595,45.2606,61.4400,17.1406,7.1249,25.8052,3.5742,2.6076,0.0087,0.0000,0.0000,0.0000
4,hasta_001,1780004424.408,2026-05-29 00:40:24,2583,NORMAL,58.3,58.1099,14.8683,118.5057,21.6944,1.4344,44.9440,44.9644,62.3861,17.2611,7.0784,25.8052,3.5742,2.5729,0.0086,0.0000,0.0000,0.0000
4,hasta_001,1780004424.469,2026-05-29 00:40:24,2584,NORMAL,58.3,58.2422,16.3844,112.1791,21.5994,1.3567,45.0341,44.6662,63.2417,17.3788,7.0320,26.1772,3.5863,2.5364,0.0085,0.0000,0.0000,0.0000
4,hasta_001,1780004424.526,2026-05-29 00:40:24,2585,NORMAL,58.8,58.2887,17.4370,107.8939,21.5078,1.2548,45.1413,44.3764,64.0248,17.4935,6.9861,26.1772,3.5863,2.4994,0.0082,0.0000,0.0000,0.0000
4,hasta_001,1780004424.594,2026-05-29 00:40:24,2586,NORMAL,59.3,58.1617,18.7152,102.6225,21.4868,1.1484,45.2575,44.1047,64.7561,17.6023,6.9456,26.1772,3.5863,2.4618,0.0068,0.0000,0.0000,0.0000
4,hasta_001,1780004424.644,2026-05-29 00:40:24,2587,NORMAL,59.3,57.9644,19.5298,99.1935,21.4408,1.0919,45.3002,43.8990,65.4344,17.6326,6.9543,26.1772,3.5863,2.4122,0.0061,0.0000,0.0000,0.0000
4,hasta_001,1780004424.695,2026-05-29 00:40:24,2588,NORMAL,59.3,57.4062,20.3716,95.2317,21.3695,1.0660,45.3195,43.7158,66.0104,17.6320,6.9540,26.1772,3.5863,2.3598,0.0055,0.0000,0.0000,0.0000
4,hasta_001,1780004424.758,2026-05-29 00:40:24,2589,NORMAL,59.3,55.3900,21.5356,88.0186,21.1771,1.0004,45.3135,43.5516,66.4892,17.6097,6.9383,26.1772,3.5863,2.3062,0.0050,0.0000,0.0000,0.0000
4,hasta_001,1780004424.794,2026-05-29 00:40:24,2590,NORMAL,59.3,54.0124,21.5252,86.0161,21.0679,0.9342,45.2927,43.3921,66.9344,17.5787,6.9145,26.1772,3.5863,2.2530,0.0047,0.0000,0.0000,0.0000
4,hasta_001,1780004424.845,2026-05-29 00:40:24,2591,NORMAL,59.3,52.4074,20.1427,88.9445,20.8517,0.8730,45.2639,43.2243,67.4053,17.5275,6.8671,26.1772,3.5863,2.2026,0.0044,0.0000,0.0000,0.0000
4,hasta_001,1780004424.915,2026-05-29 00:40:24,2592,NORMAL,60.8,51.4720,18.5976,93.8334,20.6304,0.7802,45.2401,43.0486,67.9276,17.4612,6.7981,26.1772,3.5863,2.1567,0.0042,0.0000,0.0000,0.0000
4,hasta_001,1780004424.947,2026-05-29 00:40:24,2593,NORMAL,60.8,51.1173,17.7953,96.7081,20.5089,0.7394,45.2285,42.8696,68.4932,17.3852,6.7121,26.1772,3.5863,2.1162,0.0039,0.0000,0.0000,0.0000
4,hasta_001,1780004424.998,2026-05-29 00:40:24,2594,NORMAL,60.8,50.8436,17.0856,99.3917,20.3102,0.7543,45.2384,42.6873,69.1205,17.3040,6.6166,26.1772,3.5863,2.0845,0.0036,0.0000,0.0000,0.0000
4,hasta_001,1780004425.071,2026-05-29 00:40:25,2595,NORMAL,60.8,51.1555,15.6849,106.1352,20.1142,0.8144,45.2705,42.4886,69.8554,17.2224,6.5203,26.1772,3.5863,2.0622,0.0031,0.0000,0.0000,0.0000
4,hasta_001,1780004425.128,2026-05-29 00:40:25,2596,NORMAL,59.3,51.5124,14.8154,110.6533,19.9775,0.8898,45.3192,42.2716,70.6850,17.1411,6.4239,26.1772,3.5863,2.0460,0.0028,0.0000,0.0000,0.0000
4,hasta_001,1780004425.177,2026-05-29 00:40:25,2597,NORMAL,59.3,51.8807,13.7253,116.3169,19.8661,0.9483,45.3885,42.0230,71.6541,17.0645,6.3356,26.1772,3.5863,2.0362,0.0025,0.0000,0.0000,0.0000
4,hasta_001,1780004425.230,2026-05-29 00:40:25,2598,NORMAL,59.3,52.1257,11.2652,128.9157,19.8498,0.9808,45.4708,41.7335,72.6574,16.9928,6.2544,26.1772,3.5863,2.0284,0.0022,0.0000,0.0000,0.0000
4,hasta_001,1780004425.275,2026-05-29 00:40:25,2599,NORMAL,59.3,52.4759,10.7938,131.7603,19.8118,0.9928,45.5706,41.4194,73.6059,16.9351,6.1960,26.1772,3.5863,2.0214,0.0019,0.0000,0.0000,0.0000
4,hasta_001,1780004425.317,2026-05-29 00:40:25,2600,NORMAL,59.3,52.7023,11.3430,129.1565,19.8442,1.0046,45.6830,41.0957,74.4777,16.8921,6.1576,26.1772,3.5863,2.0117,0.0016,0.0000,0.0000,0.0000
4,hasta_001,1780004425.370,2026-05-29 00:40:25,2601,NORMAL,59.3,52.9586,12.4990,123.6209,19.9675,1.0235,45.8053,40.7754,75.2715,16.8571,6.1279,26.1772,3.5863,1.9993,0.0013,0.0000,0.0000,0.0000
4,hasta_001,1780004425.421,2026-05-29 00:40:25,2602,NORMAL,59.3,53.1012,13.6970,117.9800,20.1524,1.0022,45.9362,40.4613,75.9921,16.8271,6.1029,26.1772,3.5863,1.9841,0.0012,0.0000,0.0000,0.0000
4,hasta_001,1780004425.479,2026-05-29 00:40:25,2603,NORMAL,59.3,53.3144,16.4078,105.8676,20.3448,0.9419,46.0784,40.1732,76.5928,16.7998,6.0797,26.1772,3.5863,1.9653,0.0011,0.0000,0.0000,0.0000
4,hasta_001,1780004425.528,2026-05-29 00:40:25,2604,NORMAL,59.3,53.4372,19.3129,93.8122,20.5527,0.8888,46.2322,39.9096,77.0650,16.7752,6.0585,26.1772,3.5863,1.9431,0.0010,0.0000,0.0000,0.0000
4,hasta_001,1780004425.571,2026-05-29 00:40:25,2605,NORMAL,60.8,53.5216,21.9295,83.7420,20.7647,0.8163,46.3960,39.6581,77.4089,16.7540,6.0400,26.1772,3.5863,1.9175,0.0009,0.0000,0.0000,0.0000
4,hasta_001,1780004425.613,2026-05-29 00:40:25,2606,NORMAL,60.8,53.6639,24.0908,76.0679,20.9398,0.8038,46.5715,39.4026,77.6204,16.7350,6.0233,26.1772,3.5863,1.8873,0.0008,0.0000,0.0000,0.0000
4,hasta_001,1780004425.661,2026-05-29 00:40:25,2607,NORMAL,60.8,53.8905,25.8290,70.4006,21.1267,0.7676,46.7564,39.1454,77.7359,16.7208,6.0108,29.6595,3.3588,1.8555,0.0007,0.0000,0.0000,0.0000
4,hasta_001,1780004425.714,2026-05-29 00:40:25,2608,NORMAL,60.8,53.9957,27.0708,66.4266,21.3220,0.7454,46.9483,38.8792,77.7700,16.7124,6.0037,29.6595,3.3588,1.8236,0.0006,0.0000,0.0000,0.0000
4,hasta_001,1780004425.753,2026-05-29 00:40:25,2609,NORMAL,60.8,54.0562,27.8062,64.1320,21.4451,0.7454,47.1452,38.6150,77.7654,16.7089,6.0008,29.6595,3.3588,1.7935,0.0006,0.0000,0.0000,0.0000
4,hasta_001,1780004425.807,2026-05-29 00:40:25,2610,NORMAL,60.8,54.2826,27.7449,64.7043,21.5719,0.7827,47.3474,38.3407,77.7415,16.7107,6.0022,29.6595,3.3588,1.7659,0.0004,0.0000,0.0000,0.0000
4,hasta_001,1780004425.876,2026-05-29 00:40:25,2611,NORMAL,59.3,54.4179,26.5810,68.7342,21.6697,0.8496,47.5525,38.0519,77.7390,16.7182,6.0079,29.6595,3.3588,1.7408,0.0003,0.0000,0.0000,0.0000
4,hasta_001,1780004425.921,2026-05-29 00:40:25,2612,NORMAL,59.3,54.6886,24.7498,75.3760,21.5816,0.9349,47.7605,37.7596,77.8068,16.7318,6.0170,29.6595,3.3588,1.7201,0.0003,0.0000,0.0000,0.0000
4,hasta_001,1780004425.956,2026-05-29 00:40:25,2613,NORMAL,59.3,55.0089,21.3725,88.0749,21.5644,0.9982,47.9765,37.4609,77.9977,16.7545,6.0300,29.6595,3.3588,1.7049,0.0001,0.0000,0.0000,0.0000
4,hasta_001,1780004426.003,2026-05-29 00:40:26,2614,NORMAL,59.3,55.2602,15.9008,110.6205,21.5060,0.9736,48.2034,37.1222,78.3575,16.7872,6.0450,29.6595,3.3588,1.6959,0.0000,0.0000,0.0000,0.0000
4,hasta_001,1780004426.049,2026-05-29 00:40:26,2615,NORMAL,59.3,55.5998,11.2967,132.4526,21.4190,0.8984,48.4431,36.7298,78.8444,16.8272,6.0597,29.6595,3.3588,1.6907,0.0000,0.0000,0.0000,0.0000
4,hasta_001,1780004426.119,2026-05-29 00:40:26,2616,NORMAL,60.8,56.0756,7.5076,152.7696,21.2914,0.8183,48.6944,36.2936,79.4580,16.8713,6.0727,29.6595,3.3588,1.6862,0.0001,0.0000,0.0000,0.0000
4,hasta_001,1780004426.150,2026-05-29 00:40:26,2617,NORMAL,60.8,56.2462,7.2922,154.0926,21.2343,0.8322,48.9564,35.8636,80.0633,16.9217,6.0836,29.6595,3.3588,1.6821,0.0001,0.0000,0.0000,0.0000
4,hasta_001,1780004426.201,2026-05-29 00:40:26,2618,NORMAL,59.3,56.3441,7.6174,152.3628,21.1808,0.8850,49.2274,35.4610,80.6621,16.9764,6.0921,29.6595,3.3588,1.6784,0.0002,0.0000,0.0000,0.0000
4,hasta_001,1780004426.243,2026-05-29 00:40:26,2619,NORMAL,59.3,56.3811,8.0030,150.2794,21.2370,0.9380,49.5058,35.0814,81.2486,17.0354,6.0988,29.6595,3.3588,1.6748,0.0003,0.0000,0.0000,0.0000
4,hasta_001,1780004426.299,2026-05-29 00:40:26,2620,NORMAL,59.3,56.3089,8.9525,145.1282,21.3795,1.0153,49.7901,34.7107,81.7692,17.1004,6.1032,29.6595,3.3588,1.6707,0.0004,0.0000,0.0000,0.0000
4,hasta_001,1780004426.370,2026-05-29 00:40:26,2621,NORMAL,59.3,56.1518,9.5303,141.9610,21.5011,1.1123,50.0790,34.3576,82.2615,17.1691,6.1060,29.6595,3.3588,1.6665,0.0005,0.0000,0.0000,0.0000
4,hasta_001,1780004426.413,2026-05-29 00:40:26,2622,NORMAL,59.3,56.1243,9.8950,140.0476,21.5792,1.1794,50.3825,34.0218,82.7017,17.2411,6.1066,29.6595,3.3588,1.6615,0.0005,0.0000,0.0000,0.0000
4,hasta_001,1780004426.460,2026-05-29 00:40:26,2623,NORMAL,58.8,56.1453,10.5905,136.5230,21.6506,1.2660,50.7117,33.7254,83.0559,17.3142,6.1064,29.6595,3.3588,1.6557,0.0005,0.0000,0.0000,0.0000
4,hasta_001,1780004426.501,2026-05-29 00:40:26,2624,NORMAL,58.3,56.2385,11.6232,131.4889,21.7076,1.3147,51.0708,33.4308,83.2139,17.3877,6.1058,29.6595,3.3588,1.6495,0.0005,0.0000,0.0000,0.0000
4,hasta_001,1780004426.552,2026-05-29 00:40:26,2625,NORMAL,58.3,56.3254,13.0203,124.8964,21.7679,1.3532,51.4556,33.1677,83.2063,17.4618,6.1045,29.6595,3.3588,1.6431,0.0004,0.0000,0.0000,0.0000
4,hasta_001,1780004426.596,2026-05-29 00:40:26,2626,NORMAL,58.3,56.5297,14.1315,120.0043,21.7850,1.3973,51.8692,32.9423,83.0179,17.5355,6.1029,29.6595,3.3588,1.6368,0.0004,0.0000,0.0000,0.0000
4,hasta_001,1780004426.648,2026-05-29 00:40:26,2627,NORMAL,58.3,56.8691,15.1190,115.9915,21.7854,1.4576,52.3115,32.7636,82.6311,17.6084,6.1010,29.6595,3.3588,1.6306,0.0003,0.0000,0.0000,0.0000
4,hasta_001,1780004426.686,2026-05-29 00:40:26,2628,NORMAL,58.3,56.9760,15.6422,113.8386,21.7844,1.5035,52.7606,32.6277,82.2063,17.6788,6.1000,29.6595,3.3588,1.6248,0.0004,0.0000,0.0000,0.0000
4,hasta_001,1780004426.735,2026-05-29 00:40:26,2629,NORMAL,58.3,56.6229,15.4184,114.3913,21.8992,1.5339,53.2054,32.5098,81.8221,17.7471,6.1011,29.6595,3.3588,1.6199,0.0003,0.0000,0.0000,0.0000
4,hasta_001,1780004426.789,2026-05-29 00:40:26,2630,NORMAL,58.3,56.6295,14.7340,117.4146,21.9262,1.5761,53.6414,32.4047,81.5880,17.8120,6.1038,29.6595,3.3588,1.6160,0.0003,0.0000,0.0000,0.0000
4,hasta_001,1780004426.829,2026-05-29 00:40:26,2631,NORMAL,58.3,56.7606,13.9793,120.9538,21.9616,1.6225,54.0720,32.2994,81.4645,17.8755,6.1070,29.6595,3.3588,1.6134,0.0001,0.0000,0.0000,0.0000
4,hasta_001,1780004426.873,2026-05-29 00:40:26,2632,NORMAL,58.3,56.9330,12.9130,126.0489,21.9415,1.6730,54.4942,32.2019,81.5248,17.9374,6.1102,29.6595,3.3588,1.6122,0.0000,0.0000,0.0000,0.0000
4,hasta_001,1780004426.924,2026-05-29 00:40:26,2633,NORMAL,58.3,57.2133,11.6647,132.2588,21.8889,1.6951,54.9104,32.1154,81.7870,17.9977,6.1132,29.6595,3.3588,1.6127,0.0000,0.0000,0.0000,0.0000
4,hasta_001,1780004426.976,2026-05-29 00:40:26,2634,NORMAL,58.3,57.4951,12.5730,128.2239,21.8638,1.7154,55.3213,32.0448,82.1220,18.0579,6.1154,29.6595,3.3588,1.6140,0.0000,0.0000,0.0000,0.0000
4,hasta_001,1780004427.023,2026-05-29 00:40:27,2635,NORMAL,58.3,57.9228,18.7679,102.1112,21.9864,1.7409,55.7288,32.0140,82.2614,18.1188,6.1178,29.6595,3.3588,1.6162,0.0001,0.0000,0.0000,0.0000
4,hasta_001,1780004427.076,2026-05-29 00:40:27,2636,NORMAL,58.3,58.3082,28.6078,68.3429,22.1109,1.7803,56.1323,32.0489,82.1251,18.1803,6.1206,29.6595,3.3588,1.6191,0.0000,0.0000,0.0000,0.0000
4,hasta_001,1780004427.119,2026-05-29 00:40:27,2637,NORMAL,58.3,58.7298,37.5288,44.0501,22.1725,1.8195,56.5358,32.1264,81.7173,18.2417,6.1233,29.6595,3.3588,1.6227,0.0000,0.0000,0.0000,0.0000
4,hasta_001,1780004427.159,2026-05-29 00:40:27,2638,NORMAL,59.3,58.9790,45.6695,25.4366,22.2529,1.8551,56.9438,32.2128,80.9999,18.3033,6.1262,29.6595,3.3588,1.6264,0.0000,0.0000,0.0000,0.0000
4,hasta_001,1780004427.206,2026-05-29 00:40:27,2639,NORMAL,72.1,59.0421,53.7421,9.3985,22.3313,1.8708,57.3668,32.3187,79.9708,18.3649,6.1292,29.6595,3.3588,1.6299,0.0000,0.0000,0.0000,0.0000
4,hasta_001,1780004427.251,2026-05-29 00:40:27,2640,NORMAL,72.6,58.9262,58.8945,0.0537,22.3600,1.9412,57.8026,32.4233,78.7218,18.4257,6.1324,29.6595,3.3588,1.6336,0.0001,0.0000,0.0000,0.0000
4,hasta_001,1780004427.304,2026-05-29 00:40:27,2641,NORMAL,72.1,58.7458,61.6322,4.7957,22.2847,2.0242,58.2384,32.5166,77.4736,18.4826,6.1362,29.6595,3.3588,1.6385,0.0002,0.0000,0.0000,0.0000
4,hasta_001,1780004427.344,2026-05-29 00:40:27,2642,NORMAL,72.1,58.7390,62.7258,6.5645,22.1850,2.0718,58.6563,32.5926,76.3217,18.5369,6.1399,29.6595,3.3588,1.6449,0.0002,0.0000,0.0000,0.0000
4,hasta_001,1780004427.395,2026-05-29 00:40:27,2643,NORMAL,72.1,58.8828,63.0024,6.7598,22.0006,2.0905,59.0197,32.6758,75.4567,18.5866,6.1436,29.6595,3.3588,1.6531,0.0003,0.0000,0.0000,0.0000
4,hasta_001,1780004427.463,2026-05-29 00:40:27,2644,NORMAL,72.1,59.2085,62.6083,5.5818,21.8057,2.1235,59.3390,32.7503,74.7707,18.6339,6.1464,29.6595,3.3588,1.6633,0.0005,0.0000,0.0000,0.0000
4,hasta_001,1780004427.500,2026-05-29 00:40:27,2645,NORMAL,72.1,59.5704,62.3358,4.5368,21.6920,2.1143,59.6226,32.8241,74.2193,18.6801,6.1483,29.6595,3.3588,1.6724,0.0008,0.0000,0.0000,0.0000
4,hasta_001,1780004427.558,2026-05-29 00:40:27,2646,NORMAL,72.6,59.9647,61.9231,3.2135,21.5630,2.0642,59.8557,32.8945,73.8270,18.7255,6.1493,29.6595,3.3588,1.6795,0.0006,0.0000,0.0000,0.0000
4,hasta_001,1780004427.636,2026-05-29 00:40:27,2647,NORMAL,72.6,60.3887,60.9902,0.9910,21.4009,2.0299,60.0536,32.9616,73.5321,18.7710,6.1488,29.6595,3.3588,1.6839,0.0010,0.0000,0.0000,0.0000
4,hasta_001,1780004427.702,2026-05-29 00:40:27,2648,NORMAL,72.6,60.7053,60.2374,0.7737,21.2388,2.1009,60.2113,33.0219,73.3412,18.8150,6.1474,29.6595,3.3588,1.6841,0.0001,0.0000,0.0000,0.0000
4,hasta_001,1780004427.752,2026-05-29 00:40:27,2649,NORMAL,73.1,59.7581,59.9248,0.2786,21.0571,2.2533,60.3715,33.1627,73.2940,18.8790,6.1304,29.6595,3.3588,1.6428,0.0019,0.0000,0.0000,0.0000
4,hasta_001,1780004427.799,2026-05-29 00:40:27,2650,NORMAL,73.1,57.3833,59.4286,3.5020,20.8646,2.4572,60.1563,33.0242,73.2483,18.9939,6.0366,29.6595,3.3588,1.6042,0.0019,0.0000,0.0000,0.0000
4,hasta_001,1780004427.839,2026-05-29 00:40:27,2651,NORMAL,72.6,53.2698,58.9554,10.1325,20.7353,2.6941,59.8968,32.8705,73.2605,19.1141,5.9255,29.6595,3.3588,1.5685,0.0021,0.0000,0.0000,0.0000
4,hasta_001,1780004427.893,2026-05-29 00:40:27,2652,NORMAL,60.6,45.6944,57.9690,23.6816,20.6735,3.0098,59.5673,32.7031,73.3847,19.2385,5.7988,29.6595,3.3588,1.5382,0.0023,0.0000,0.0000,0.0000
4,hasta_001,1780004427.936,2026-05-29 00:40:27,2653,NORMAL,57.6,36.4551,57.1373,44.1963,20.6574,3.2264,59.1600,32.5288,73.6787,19.3661,5.6585,29.6595,3.3588,1.5129,0.0021,0.0000,0.0000,0.0000
4,hasta_001,1780004427.979,2026-05-29 00:40:27,2654,NORMAL,57.6,26.6701,56.4353,71.6325,20.6351,3.4205,58.6757,32.3520,74.2024,19.4956,5.5062,29.6595,3.3588,1.4933,0.0021,0.0000,0.0000,0.0000
4,hasta_001,1780004428.009,2026-05-29 00:40:28,2655,NORMAL,57.6,19.0205,55.9605,98.5317,20.6098,3.5567,58.1447,32.1849,74.9529,19.6268,5.3409,29.6595,3.3588,1.4791,0.0018,0.0000,0.0000,0.0000
4,hasta_001,1780004428.062,2026-05-29 00:40:28,2656,NORMAL,57.6,9.2755,55.7646,142.9552,20.5699,3.7783,57.5605,32.0347,76.0834,19.7600,5.1605,29.6595,3.3588,1.4708,0.0014,0.0000,0.0000,0.0000
4,hasta_001,1780004428.131,2026-05-29 00:40:28,2657,NORMAL,57.6,4.4284,55.9249,170.6503,20.5285,4.0126,56.9613,31.9016,77.4556,19.8952,4.9627,29.6595,3.3588,1.4703,0.0014,0.0000,0.0000,0.0000
4,hasta_001,1780004428.198,2026-05-29 00:40:28,2658,NORMAL,57.6,4.6770,56.4114,169.3755,20.5154,4.1618,56.3755,31.7722,78.8327,20.0318,4.7475,29.6595,3.3588,1.4765,0.0011,0.0000,0.0000,0.0000
4,hasta_001,1780004428.244,2026-05-29 00:40:28,2659,NORMAL,57.6,5.8449,56.8553,162.7120,20.4958,4.2349,55.8310,31.6632,80.1738,20.1683,4.5179,29.6595,3.3588,1.4909,0.0008,0.0000,0.0000,0.0000
4,hasta_001,1780004428.286,2026-05-29 00:40:28,2660,NORMAL,57.6,7.1301,57.4009,155.8035,20.4997,4.2968,55.3269,31.5770,81.4708,20.3023,4.2812,29.6595,3.3588,1.5118,0.0008,0.0000,0.0000,0.0000
4,hasta_001,1780004428.334,2026-05-29 00:40:28,2661,NORMAL,57.5,8.2757,58.1167,150.1407,20.5401,4.3374,54.8520,31.5096,82.7099,20.4347,4.0335,29.6595,3.3588,1.5353,0.0008,0.0000,0.0000,0.0000
4,hasta_001,1780004428.383,2026-05-29 00:40:28,2662,NORMAL,57.5,9.1687,58.9295,146.1441,20.6017,4.3557,54.3952,31.4559,83.9099,20.5650,3.7761,29.6595,3.3588,1.5598,0.0008,0.0000,0.0000,0.0000
4,hasta_001,1780004428.428,2026-05-29 00:40:28,2663,NORMAL,57.5,9.7831,59.5176,143.5322,20.6842,4.3295,53.9483,31.4123,85.0886,20.6920,3.5123,29.6595,3.3588,1.5837,0.0009,0.0000,0.0000,0.0000
4,hasta_001,1780004428.486,2026-05-29 00:40:28,2664,NORMAL,57.6,10.5774,60.0941,140.1322,20.7943,4.2751,53.5075,31.3912,86.2451,20.8154,3.2436,29.6595,3.3588,1.6065,0.0010,0.0000,0.0000,0.0000
4,hasta_001,1780004428.520,2026-05-29 00:40:28,2665,NORMAL,57.6,11.4679,60.1889,135.9844,20.8531,4.2024,53.0697,31.3930,87.3241,20.9336,2.9729,29.6595,3.3588,1.6280,0.0011,0.0000,0.0000,0.0000
4,hasta_001,1780004428.575,2026-05-29 00:40:28,2666,NORMAL,57.6,12.6010,59.9724,130.5477,20.9535,4.0504,52.6378,31.4078,88.3273,21.0451,2.7087,29.6595,3.3588,1.6481,0.0010,0.0000,0.0000,0.0000
4,hasta_001,1780004428.638,2026-05-29 00:40:28,2667,NORMAL,57.6,13.6478,59.6589,125.5305,21.0568,3.8602,52.2116,31.4350,89.2579,21.1514,2.4443,29.6595,3.3588,1.6668,0.0010,0.0000,0.0000,0.0000
4,hasta_001,1780004428.678,2026-05-29 00:40:28,2668,NORMAL,57.6,14.1306,59.1760,122.8958,21.1027,3.6941,51.7834,31.4741,90.1288,21.2452,2.2135,29.6595,3.3588,1.6849,0.0012,0.0000,0.0000,0.0000
4,hasta_001,1780004428.732,2026-05-29 00:40:28,2669,NORMAL,57.6,13.9939,58.3321,122.6068,21.2490,3.4185,51.3502,31.5703,90.8669,21.3258,2.0282,29.6595,3.3588,1.7020,0.0013,0.0000,0.0000,0.0000
4,hasta_001,1780004428.776,2026-05-29 00:40:28,2670,NORMAL,57.6,13.9683,57.8998,122.2558,21.4276,3.1991,50.9137,31.6839,91.5530,21.3996,1.8628,29.6595,3.3588,1.7178,0.0014,0.0000,0.0000,0.0000
4,hasta_001,1780004428.844,2026-05-29 00:40:28,2671,NORMAL,57.6,12.5891,57.2287,127.8745,21.6903,2.9278,50.4617,31.9039,92.0045,21.4665,1.7224,29.6595,3.3588,1.7329,0.0020,0.0000,0.0000,0.0000
4,hasta_001,1780004428.903,2026-05-29 00:40:28,2672,NORMAL,57.6,9.3076,57.2646,144.0751,21.9968,2.6998,49.9821,32.2079,92.3286,21.5291,1.5997,29.6595,3.3588,1.7468,0.0033,0.0000,0.0000,0.0000
4,hasta_001,1780004428.967,2026-05-29 00:40:28,2673,NORMAL,57.6,5.8336,55.9217,162.2145,22.3666,2.4866,49.4728,32.5232,92.7228,21.5890,1.4919,29.6595,3.3588,1.7589,0.0036,0.0000,0.0000,0.0000
4,hasta_001,1780004429.017,2026-05-29 00:40:29,2674,NORMAL,57.6,5.3245,54.9831,164.6844,22.7671,2.2020,48.9592,32.8419,93.0951,21.6468,1.3991,29.6595,3.3588,1.7689,0.0043,0.0000,0.0000,0.0000
4,hasta_001,1780004429.072,2026-05-29 00:40:29,2675,NORMAL,58.3,7.5873,53.9633,150.6920,23.3896,1.8666,48.4719,33.1452,93.3845,21.7013,1.3371,29.6595,3.3588,1.7767,0.0043,0.0000,0.0000,0.0000
4,hasta_001,1780004429.135,2026-05-29 00:40:29,2676,NORMAL,58.3,14.6143,53.3904,114.0397,23.9453,1.4047,48.0507,33.4340,93.4127,21.7509,1.3088,29.6595,3.3588,1.7814,0.0040,0.0000,0.0000,0.0000
4,hasta_001,1780004429.187,2026-05-29 00:40:29,2677,NORMAL,59.3,23.3953,54.1328,79.2937,24.3021,1.1556,47.7117,33.7081,93.2365,21.7905,1.3136,29.6595,3.3588,1.7847,0.0044,0.0000,0.0000,0.0000
4,hasta_001,1780004429.217,2026-05-29 00:40:29,2678,NORMAL,59.3,29.1740,54.7094,60.8832,24.5190,1.1092,47.4253,33.9666,92.9823,21.8219,1.3332,29.6595,3.3588,1.7878,0.0049,0.0000,0.0000,0.0000
4,hasta_001,1780004429.246,2026-05-29 00:40:29,2679,NORMAL,59.3,35.0700,55.1852,44.5739,24.7775,1.1431,47.1926,34.1736,92.7710,21.8408,1.3587,29.6595,3.3588,1.7915,0.0051,0.0000,0.0000,0.0000
4,hasta_001,1780004429.281,2026-05-29 00:40:29,2680,NORMAL,59.3,40.6207,55.6005,31.1360,25.0386,1.1982,47.0086,34.3335,92.5884,21.8540,1.3818,29.6595,3.3588,1.7954,0.0045,0.0000,0.0000,0.0000
4,hasta_001,1780004429.329,2026-05-29 00:40:29,2681,NORMAL,64.1,45.6544,56.1677,20.6503,25.3691,1.3098,46.8678,34.4616,92.4098,21.8654,1.4049,29.6595,3.3588,1.7996,0.0042,0.0000,0.0000,0.0000
4,hasta_001,1780004429.372,2026-05-29 00:40:29,2682,NORMAL,71.4,48.2996,56.1573,15.0448,25.7477,1.4056,46.7510,34.5579,92.2588,21.8762,1.4295,29.6595,3.3588,1.8039,0.0036,0.0000,0.0000,0.0000
4,hasta_001,1780004429.425,2026-05-29 00:40:29,2683,NORMAL,72.1,51.4383,56.6022,9.5591,26.2764,1.4996,46.6628,34.6321,92.1209,21.8890,1.4615,29.6595,3.3588,1.8080,0.0042,0.0000,0.0000,0.0000
4,hasta_001,1780004429.461,2026-05-29 00:40:29,2684,NORMAL,72.1,54.9156,58.4444,6.2258,26.5956,1.5279,46.6077,34.6995,92.0064,21.9019,1.4957,35.9765,2.4967,1.8115,0.0037,0.0000,0.0000,0.0000
4,hasta_001,1780004429.491,2026-05-29 00:40:29,2685,NORMAL,72.6,57.8632,59.3969,2.6158,26.8072,1.5943,46.5807,34.7671,91.8825,21.9158,1.5332,35.9765,2.4967,1.8154,0.0037,0.0000,0.0000,0.0000
4,hasta_001,1780004429.522,2026-05-29 00:40:29,2686,NORMAL,72.6,59.7389,59.8572,0.1979,26.8888,1.6393,46.5729,34.8317,91.7576,21.9302,1.5712,35.9765,2.4967,1.8194,0.0030,0.0000,0.0000,0.0000
4,hasta_001,1780004429.567,2026-05-29 00:40:29,2687,NORMAL,72.6,61.3958,60.7071,1.1280,26.8620,1.7717,46.5823,34.8998,91.6528,21.9445,1.6078,35.9765,2.4967,1.8240,0.0027,0.0000,0.0000,0.0000
4,hasta_001,1780004429.616,2026-05-29 00:40:29,2688,NORMAL,72.6,63.8280,62.4976,2.1062,26.6662,1.9838,46.6144,34.9801,91.5653,21.9582,1.6406,35.9765,2.4967,1.8291,0.0025,0.0000,0.0000,0.0000
4,hasta_001,1780004429.647,2026-05-29 00:40:29,2689,NORMAL,72.1,65.4583,63.0113,3.8094,26.4307,2.0816,46.6599,35.0689,91.4836,21.9714,1.6699,35.9765,2.4967,1.8336,0.0021,0.0000,0.0000,0.0000
4,hasta_001,1780004429.681,2026-05-29 00:40:29,2690,NORMAL,72.1,67.0307,63.1163,6.0154,25.8326,2.1143,46.7187,35.1695,91.3997,21.9806,1.6879,35.9765,2.4967,1.8374,0.0016,0.0000,0.0000,0.0000
4,hasta_001,1780004429.727,2026-05-29 00:40:29,2691,NORMAL,72.1,67.5673,62.0634,8.4916,25.1157,2.1303,46.7828,35.2998,91.2596,21.9854,1.6961,35.9765,2.4967,1.8402,0.0011,0.0000,0.0000,0.0000
4,hasta_001,1780004429.756,2026-05-29 00:40:29,2692,NORMAL,72.1,68.8747,62.1067,10.3343,24.6543,2.1016,46.8608,35.4945,90.9932,21.9886,1.7008,35.9765,2.4967,1.8418,0.0006,0.0000,0.0000,0.0000
4,hasta_001,1780004429.787,2026-05-29 00:40:29,2693,NORMAL,72.1,68.3921,62.1406,9.5784,24.1305,2.0352,46.9369,35.7643,90.5209,21.9902,1.7027,35.9765,2.4967,1.8425,0.0005,0.0000,0.0000,0.0000
4,hasta_001,1780004429.830,2026-05-29 00:40:29,2694,NORMAL,72.1,67.0720,62.3801,7.2489,23.6936,2.0810,47.0025,36.1064,89.7976,21.9908,1.7033,35.9765,2.4967,1.8439,0.0016,0.0000,0.0000,0.0000
4,hasta_001,1780004429.885,2026-05-29 00:40:29,2695,NORMAL,72.1,66.8039,63.0967,5.7078,23.3370,2.2481,47.0657,36.5248,88.7740,21.9921,1.7043,35.9765,2.4967,1.8468,0.0026,0.0000,0.0000,0.0000
4,hasta_001,1780004429.931,2026-05-29 00:40:29,2696,NORMAL,72.6,62.7752,60.4326,3.8026,23.6148,2.7285,47.0937,36.9542,87.5737,21.9986,1.7089,35.9765,2.4967,1.8548,0.0023,0.0000,0.0000,0.0000
4,hasta_001,1780004429.982,2026-05-29 00:40:29,2697,NORMAL,73.1,57.7780,57.9187,0.2431,23.5112,3.3552,47.0785,37.3818,86.2416,22.0082,1.7142,35.9765,2.4967,1.8691,0.0030,0.0000,0.0000,0.0000
4,hasta_001,1780004430.044,2026-05-29 00:40:30,2698,NORMAL,72.6,59.3919,63.7875,7.1370,21.6910,4.2352,47.0772,37.8540,84.9908,22.0042,1.7143,38.4625,2.4736,1.8911,0.0033,0.0000,0.0000,0.0000
4,hasta_001,1780004432.214,2026-05-29 00:40:32,2699,NORMAL,72.6,69.1973,68.8220,0.5437,12.0191,1.5488,47.1598,38.3551,83.7546,21.9210,1.9398,43.9647,2.1765,1.8904,0.0022,0.0000,0.0000,0.0000
4,hasta_001,1780004432.269,2026-05-29 00:40:32,2700,NORMAL,73.6,69.1580,68.7857,0.5397,12.0819,1.1948,47.2437,38.8442,82.5786,21.8391,2.1361,43.9647,2.1765,1.8869,0.0022,0.0000,0.0000,0.0000
4,hasta_001,1780004432.312,2026-05-29 00:40:32,2701,NORMAL,73.6,68.9846,68.6049,0.5518,12.2170,1.0479,47.3294,39.3204,81.4614,21.7585,2.3082,43.9647,2.1765,1.8826,0.0018,0.0000,0.0000,0.0000
4,hasta_001,1780004432.369,2026-05-29 00:40:32,2702,NORMAL,73.6,67.5037,68.2760,1.1375,12.4090,0.9840,47.4067,39.7799,80.4178,21.6803,2.4597,43.9647,2.1765,1.8782,0.0016,0.0000,0.0000,0.0000
4,hasta_001,1780004432.421,2026-05-29 00:40:32,2703,NORMAL,59.3,47.6475,67.7321,34.8149,12.5099,1.1046,47.3196,40.2204,79.7203,21.6038,2.5972,43.9647,2.1765,1.8755,0.0018,0.0000,0.0000,0.0000
4,hasta_001,1780004432.463,2026-05-29 00:40:32,2704,NORMAL,58.8,27.8627,67.0340,82.5557,12.5305,1.3101,47.0664,40.6425,79.4735,21.5282,2.7250,43.9647,2.1765,1.8751,0.0021,0.0000,0.0000,0.0000
4,hasta_001,1780004432.499,2026-05-29 00:40:32,2705,NORMAL,58.3,20.2430,66.1427,106.2671,12.5802,1.5409,46.7493,41.0484,79.4599,21.4538,2.8438,43.9647,2.1765,1.8775,0.0017,0.0000,0.0000,0.0000
4,hasta_001,1780004432.556,2026-05-29 00:40:32,2706,NORMAL,58.3,17.0712,64.7859,116.5804,12.9418,1.9034,46.4069,41.4323,79.5762,21.3826,2.9472,43.9647,2.1765,1.8838,0.0011,0.0000,0.0000,0.0000
4,hasta_001,1780004432.593,2026-05-29 00:40:32,2707,NORMAL,57.6,19.3592,63.6128,106.6712,13.0755,2.1356,46.0852,41.7996,79.6386,21.3129,3.0424,43.9647,2.1765,1.8925,0.0009,0.0000,0.0000,0.0000
4,hasta_001,1780004432.660,2026-05-29 00:40:32,2708,NORMAL,57.6,23.0529,61.3298,90.7220,13.4377,2.5738,45.7989,42.1410,79.6010,21.2468,3.1255,43.9647,2.1765,1.9050,0.0008,0.0000,0.0000,0.0000
4,hasta_001,1780004432.723,2026-05-29 00:40:32,2709,NORMAL,57.6,26.0044,59.2854,78.0420,13.7997,2.9988,45.5541,42.4555,79.5178,21.1853,3.1979,43.9647,2.1765,1.9217,0.0006,0.0000,0.0000,0.0000
4,hasta_001,1780004432.774,2026-05-29 00:40:32,2710,NORMAL,57.6,27.7709,57.6676,69.9840,14.0747,3.2674,45.3354,42.7567,79.3842,21.1270,3.2626,43.9647,2.1765,1.9411,0.0004,0.0000,0.0000,0.0000
4,hasta_001,1780004432.831,2026-05-29 00:40:32,2711,NORMAL,57.6,29.6221,56.1881,61.9180,14.4043,3.4335,45.1455,43.0571,79.1590,21.0733,3.3193,45.1793,2.1798,1.9625,0.0003,0.0000,0.0000,0.0000
4,hasta_001,1780004432.891,2026-05-29 00:40:32,2712,NORMAL,57.6,31.5259,54.8563,54.0168,14.7092,3.4990,44.9793,43.3593,78.8272,21.0240,3.3692,45.1793,2.1798,1.9851,0.0002,0.0000,0.0000,0.0000
4,hasta_001,1780004432.928,2026-05-29 00:40:32,2713,NORMAL,57.6,32.4281,54.1700,50.2134,14.8972,3.4942,44.8235,43.6624,78.4398,20.9772,3.4146,45.1793,2.1798,2.0081,0.0001,0.0000,0.0000,0.0000
4,hasta_001,1780004432.987,2026-05-29 00:40:32,2714,NORMAL,57.6,33.3089,53.8672,47.1650,15.2807,3.4036,44.6774,43.9689,78.0045,20.9353,3.4532,45.1793,2.1798,2.0302,0.0000,0.0000,0.0000,0.0000
4,hasta_001,1780004433.050,2026-05-29 00:40:33,2715,NORMAL,57.6,34.0186,54.1384,45.6453,15.6659,3.2008,44.5346,44.2893,77.5005,20.8982,3.4855,45.1793,2.1798,2.0501,0.0000,0.0000,0.0000,0.0000
4,hasta_001,1780004433.099,2026-05-29 00:40:33,2716,NORMAL,57.6,34.8025,54.6481,44.3723,15.9019,3.0064,44.3954,44.6213,76.9481,20.8642,3.5141,45.1793,2.1798,2.0677,0.0000,0.0000,0.0000,0.0000
4,hasta_001,1780004433.145,2026-05-29 00:40:33,2717,NORMAL,57.6,35.7975,55.2370,42.7079,16.0882,2.7381,44.2613,44.9672,76.3347,20.8328,3.5397,48.9164,2.1561,2.0826,0.0001,0.0000,0.0000,0.0000
4,hasta_001,1780004433.191,2026-05-29 00:40:33,2718,NORMAL,57.6,37.0453,56.0899,40.8966,16.2236,2.5210,44.1357,45.3408,75.6012,20.8025,3.5634,48.9164,2.1561,2.0954,0.0001,0.0000,0.0000,0.0000
4,hasta_001,1780004433.246,2026-05-29 00:40:33,2719,NORMAL,57.6,38.6945,57.3973,38.9270,16.3260,2.2655,44.0208,45.7291,74.8276,20.7735,3.5855,48.9164,2.1561,2.1061,0.0003,0.0000,0.0000,0.0000
4,hasta_001,1780004433.308,2026-05-29 00:40:33,2720,NORMAL,58.3,40.2710,58.9249,37.6101,16.3667,2.0125,43.9172,46.1256,74.0647,20.7445,3.6069,48.9164,2.1561,2.1145,0.0004,0.0000,0.0000,0.0000
4,hasta_001,1780004433.387,2026-05-29 00:40:33,2721,NORMAL,58.3,41.5349,60.4824,37.1458,16.3935,1.7599,43.8220,46.5255,73.3441,20.7147,3.6278,48.9164,2.1561,2.1206,0.0005,0.0000,0.0000,0.0000
4,hasta_001,1780004433.464,2026-05-29 00:40:33,2722,NORMAL,58.3,42.3489,61.5982,37.0369,16.3599,1.4969,43.7324,46.9247,72.6696,20.6831,3.6491,48.9164,2.1561,2.1247,0.0006,0.0000,0.0000,0.0000
4,hasta_001,1780004433.535,2026-05-29 00:40:33,2723,NORMAL,58.8,43.5854,62.1015,35.0396,16.2439,1.2200,43.6514,47.3055,72.0793,20.6490,3.6712,48.9164,2.1561,2.1270,0.0007,0.0000,0.0000,0.0000
4,hasta_001,1780004433.600,2026-05-29 00:40:33,2724,NORMAL,59.3,44.9106,62.3423,32.5058,16.1509,0.9662,43.5803,47.6640,71.5684,20.6123,3.6939,48.9164,2.1561,2.1277,0.0008,0.0000,0.0000,0.0000
4,hasta_001,1780004433.658,2026-05-29 00:40:33,2725,NORMAL,61.3,46.3334,62.3115,29.4135,16.0964,0.7279,43.5204,48.0005,71.1157,20.5734,3.7166,48.9164,2.1561,2.1269,0.0009,0.0000,0.0000,0.0000
4,hasta_001,1780004433.697,2026-05-29 00:40:33,2726,NORMAL,61.8,47.5953,62.3324,26.8122,16.0694,0.6162,43.4698,48.3192,70.7052,20.5328,3.7389,48.9164,2.1561,2.1254,0.0009,0.0000,0.0000,0.0000
4,hasta_001,1780004433.756,2026-05-29 00:40:33,2727,NORMAL,63.8,49.4090,62.5014,23.3980,16.1023,0.4996,43.4325,48.6248,70.3135,20.4909,3.7601,48.9164,2.1561,2.1231,0.0010,0.0000,0.0000,0.0000
4,hasta_001,1780004433.839,2026-05-29 00:40:33,2728,NORMAL,67.1,51.2971,62.7246,20.0444,16.2132,0.6087,43.4100,48.9219,69.9270,20.4483,3.7793,48.9164,2.1561,2.1220,0.0010,0.0000,0.0000,0.0000
4,hasta_001,1780004433.907,2026-05-29 00:40:33,2729,NORMAL,67.7,52.3415,62.4187,17.5623,16.8191,0.9890,43.3957,49.2104,69.5389,20.4098,3.7925,48.9164,2.1561,2.1240,0.0011,0.0000,0.0000,0.0000
4,hasta_001,1780004433.973,2026-05-29 00:40:33,2730,NORMAL,68.7,53.0866,62.0994,15.6490,17.7709,1.5991,43.3857,49.4967,69.1302,20.3781,3.7986,48.9164,2.1561,2.1308,0.0012,0.0000,0.0000,0.0000
4,hasta_001,1780004434.028,2026-05-29 00:40:34,2731,NORMAL,71.4,53.5886,61.6689,14.0214,18.6283,2.1656,43.3788,49.7891,68.6742,20.3528,3.8000,48.9164,2.1561,2.1418,0.0012,0.0000,0.0000,0.0000
4,hasta_001,1780004434.071,2026-05-29 00:40:34,2732,NORMAL,71.9,54.0444,61.3451,12.6540,19.3887,2.6009,43.3735,50.0940,68.1515,20.3345,3.7993,48.9164,2.1561,2.1557,0.0012,0.0000,0.0000,0.0000
4,hasta_001,1780004434.130,2026-05-29 00:40:34,2733,NORMAL,72.6,54.8513,61.1183,10.8080,20.1679,3.1225,43.3721,50.4252,67.5076,20.3229,3.7977,48.9164,2.1561,2.1734,0.0012,0.0000,0.0000,0.0000
4,hasta_001,1780004434.164,2026-05-29 00:40:34,2734,NORMAL,72.6,55.5558,61.1557,9.5962,20.5138,3.4397,43.3746,50.8024,66.6658,20.3146,3.7962,48.9164,2.1561,2.1939,0.0012,0.0000,0.0000,0.0000
4,hasta_001,1780004434.199,2026-05-29 00:40:34,2735,NORMAL,72.6,56.2982,61.2451,8.4172,20.7240,3.7901,43.3804,51.2186,65.6321,20.3088,3.7950,48.9164,2.1561,2.2180,0.0011,0.0000,0.0000,0.0000
4,hasta_001,1780004434.246,2026-05-29 00:40:34,2736,NORMAL,72.6,57.1820,61.2748,6.9102,20.8931,4.2098,43.3896,51.6667,64.4166,20.3055,3.7943,48.9164,2.1561,2.2463,0.0011,0.0000,0.0000,0.0000
4,hasta_001,1780004434.275,2026-05-29 00:40:34,2737,NORMAL,72.5,57.5968,61.1974,6.0618,20.8619,4.4462,43.4009,52.1159,63.1831,20.3024,3.7937,48.9164,2.1561,2.2764,0.0011,0.0000,0.0000,0.0000
4,hasta_001,1780004434.322,2026-05-29 00:40:34,2738,NORMAL,72.0,58.1097,61.1247,5.0573,20.8265,4.7297,43.4156,52.5618,61.9555,20.2994,3.7932,48.9164,2.1561,2.3085,0.0010,0.0000,0.0000,0.0000
4,hasta_001,1780004434.373,2026-05-29 00:40:34,2739,NORMAL,72.0,58.5190,61.1219,4.3512,20.7508,4.8372,43.4334,53.0044,60.7394,20.2954,3.7924,48.9164,2.1561,2.3409,0.0010,0.0000,0.0000,0.0000
4,hasta_001,1780004434.438,2026-05-29 00:40:34,2740,NORMAL,72.0,58.8536,61.2236,3.9474,20.6108,4.7495,43.4546,53.4400,59.5629,20.2890,3.7912,48.9164,2.1561,2.3721,0.0011,0.0000,0.0000,0.0000
4,hasta_001,1780004434.503,2026-05-29 00:40:34,2741,NORMAL,72.0,58.5928,61.0321,4.0782,20.4144,4.4736,43.4750,53.8692,58.4139,20.2799,3.7896,48.9164,2.1561,2.4001,0.0011,0.0000,0.0000,0.0000
4,hasta_001,1780004434.566,2026-05-29 00:40:34,2742,NORMAL,72.6,58.3970,60.9329,4.2503,20.2322,3.8198,43.4939,54.2945,57.2823,20.2687,3.7878,48.9164,2.1561,2.4221,0.0011,0.0000,0.0000,0.0000
4,hasta_001,1780004434.642,2026-05-29 00:40:34,2743,NORMAL,72.6,58.1504,60.7435,4.3620,19.9819,2.5047,43.5106,54.7125,56.1809,20.2548,3.7857,48.9164,2.1561,2.4324,0.0012,0.0000,0.0000,0.0000
4,hasta_001,1780004434.709,2026-05-29 00:40:34,2744,NORMAL,72.6,57.9761,60.5096,4.2766,19.7580,2.3206,43.5251,55.1198,55.1208,20.2385,3.7836,48.9164,2.1561,2.4408,0.0013,0.0000,0.0000,0.0000
4,hasta_001,1780004434.754,2026-05-29 00:40:34,2745,NORMAL,72.6,57.7406,60.2101,4.1872,19.5765,2.5765,43.5369,55.5131,54.1149,20.2203,3.7815,48.9164,2.1561,2.4510,0.0013,0.0000,0.0000,0.0000
4,hasta_001,1780004434.787,2026-05-29 00:40:34,2746,NORMAL,72.6,57.4343,59.7755,3.9949,19.4514,2.8549,43.5444,55.8935,53.1482,20.2008,3.7794,48.9164,2.1561,2.4631,0.0013,0.0000,0.0000,0.0000
4,hasta_001,1780004434.838,2026-05-29 00:40:34,2747,NORMAL,73.1,57.7010,59.6306,3.2892,19.3140,3.1987,43.5514,56.2644,52.2090,20.1802,3.7774,48.9164,2.1561,2.4776,0.0013,0.0000,0.0000,0.0000
4,hasta_001,1780004434.905,2026-05-29 00:40:34,2748,NORMAL,73.1,57.7089,58.9076,2.0558,19.0570,3.3709,43.5575,56.6249,51.2775,20.1575,3.7759,48.9164,2.1561,2.4932,0.0015,0.0000,0.0000,0.0000
4,hasta_001,1780004434.972,2026-05-29 00:40:34,2749,NORMAL,73.1,57.8079,58.2699,0.7961,18.7471,3.2977,43.5673,56.9820,50.3308,20.1312,3.7747,48.9164,2.1561,2.5079,0.0016,0.0000,0.0000,0.0000
4,hasta_001,1780004435.020,2026-05-29 00:40:35,2750,NORMAL,73.1,57.8776,58.0183,0.2427,18.5304,3.0488,43.5777,57.3427,49.3544,20.1029,3.7738,48.9164,2.1561,2.5202,0.0018,0.0000,0.0000,0.0000
4,hasta_001,1780004435.072,2026-05-29 00:40:35,2751,NORMAL,73.1,58.0467,58.1228,0.1310,18.4019,2.6537,43.5885,57.7106,48.3475,20.0733,3.7731,48.9164,2.1561,2.5288,0.0022,0.0000,0.0000,0.0000
4,hasta_001,1780004435.135,2026-05-29 00:40:35,2752,NORMAL,72.6,58.0847,58.3267,0.4156,18.3623,2.0724,43.5981,58.0890,47.3006,20.0434,3.7724,48.9164,2.1561,2.5321,0.0024,0.0000,0.0000,0.0000
4,hasta_001,1780004435.172,2026-05-29 00:40:35,2753,NORMAL,72.6,57.8883,58.1639,0.4750,18.4314,1.7248,43.6037,58.4765,46.2024,20.0146,3.7714,48.9164,2.1561,2.5323,0.0025,0.0000,0.0000,0.0000
4,hasta_001,1780004435.230,2026-05-29 00:40:35,2754,NORMAL,73.1,57.4179,57.7223,0.5288,18.4740,1.2571,43.6030,58.8528,45.1383,19.9864,3.7701,48.9164,2.1561,2.5285,0.0025,0.0000,0.0000,0.0000
4,hasta_001,1780004435.305,2026-05-29 00:40:35,2755,NORMAL,73.6,56.2422,56.7020,0.8143,18.4764,0.9585,43.5890,59.1689,44.2941,19.9571,3.7681,48.9164,2.1561,2.5220,0.0025,0.0000,0.0000,0.0000
4,hasta_001,1780004435.344,2026-05-29 00:40:35,2756,NORMAL,73.6,55.6854,56.0916,0.7268,18.4337,1.0064,43.5672,59.3979,43.7307,19.9265,3.7654,46.7348,2.1591,2.5155,0.0023,0.0000,0.0000,0.0000
4,hasta_001,1780004435.395,2026-05-29 00:40:35,2757,NORMAL,73.1,55.1421,55.4870,0.6237,18.2551,1.2754,43.5373,59.5476,43.3688,19.8938,3.7628,46.7348,2.1591,2.5110,0.0020,0.0000,0.0000,0.0000
4,hasta_001,1780004435.461,2026-05-29 00:40:35,2758,NORMAL,72.6,55.1659,54.8072,0.6523,17.8258,1.6969,43.5055,59.6237,43.1622,19.8570,3.7612,46.7348,2.1591,2.5097,0.0017,0.0000,0.0000,0.0000
4,hasta_001,1780004435.505,2026-05-29 00:40:35,2759,NORMAL,72.6,54.4969,54.9192,0.7718,17.4751,1.7302,43.4676,59.6335,43.0904,19.8165,3.7604,46.7348,2.1591,2.5085,0.0015,0.0000,0.0000,0.0000
4,hasta_001,1780004435.544,2026-05-29 00:40:35,2760,NORMAL,72.6,54.6573,56.0735,2.5580,17.0936,1.6890,43.4321,59.6100,43.1112,19.7726,3.7612,46.7348,2.1591,2.5064,0.0016,0.0000,0.0000,0.0000
4,hasta_001,1780004435.575,2026-05-29 00:40:35,2761,NORMAL,72.1,54.8719,57.7536,5.1173,16.8024,1.4561,43.3998,59.5777,43.1139,19.7269,3.7637,46.7348,2.1591,2.5017,0.0017,0.0000,0.0000,0.0000
4,hasta_001,1780004435.630,2026-05-29 00:40:35,2762,NORMAL,73.1,54.9498,60.8885,10.2533,16.4729,1.1203,43.3682,59.5624,43.1446,19.6793,3.7685,46.7348,2.1591,2.4938,0.0019,0.0000,0.0000,0.0000
5,hasta_001,1780004449.774,2026-05-29 00:40:49,1,Veri Toplaniyor...,0.0,64.0455,68.4411,6.6356,17.7926,1.7793,,,,,,,,,,,,
5,hasta_001,1780004449.831,2026-05-29 00:40:49,2,Veri Toplaniyor...,0.0,64.1181,68.5455,6.6745,17.8369,1.7714,,,,,,,,,,,,
5,hasta_001,1780004449.850,2026-05-29 00:40:49,3,Veri Toplaniyor...,0.0,64.2562,68.6688,6.6393,17.8842,1.7636,,,,,,,,,,,,
5,hasta_001,1780004449.894,2026-05-29 00:40:49,4,Veri Toplaniyor...,0.0,64.4259,68.7065,6.4305,17.8991,1.7370,,,,,,,,,,,,
5,hasta_001,1780004449.935,2026-05-29 00:40:49,5,Veri Toplaniyor...,0.0,64.4715,68.5808,6.1771,17.8909,1.7072,,,,,,,,,,,,
5,hasta_001,1780004449.958,2026-05-29 00:40:49,6,Veri Toplaniyor...,0.0,64.5185,68.4422,5.9020,17.8828,1.6885,,,,,,,,,,,,
5,hasta_001,1780004449.990,2026-05-29 00:40:49,7,Veri Toplaniyor...,0.0,64.6173,68.3361,5.5942,17.8528,1.6671,,,,,,,,,,,,
5,hasta_001,1780004450.023,2026-05-29 00:40:50,8,Veri Toplaniyor...,0.0,64.4987,67.9235,5.1726,17.8015,1.6747,,,,,,,,,,,,
5,hasta_001,1780004450.051,2026-05-29 00:40:50,9,Veri Toplaniyor...,0.0,64.2570,67.6504,5.1451,17.7654,1.7183,,,,,,,,,,,,
5,hasta_001,1780004450.081,2026-05-29 00:40:50,10,Veri Toplaniyor...,0.0,63.7491,67.4429,5.6312,17.7107,1.8117,,,,,,,,,,,,
5,hasta_001,1780004450.119,2026-05-29 00:40:50,11,Veri Toplaniyor...,0.0,63.0763,67.1038,6.1875,17.5177,1.9892,,,,,,,,,,,,
5,hasta_001,1780004450.162,2026-05-29 00:40:50,12,Veri Toplaniyor...,0.0,62.3678,66.4697,6.3676,17.2668,2.2748,,,,,,,,,,,,
5,hasta_001,1780004450.191,2026-05-29 00:40:50,13,Veri Toplaniyor...,0.0,61.8463,65.7741,6.1555,16.8915,2.5625,,,,,,,,,,,,
5,hasta_001,1780004450.234,2026-05-29 00:40:50,14,Veri Toplaniyor...,0.0,61.0611,64.4196,5.3531,16.1822,3.0702,,,,,,,,,,,,
5,hasta_001,1780004450.278,2026-05-29 00:40:50,15,Veri Toplaniyor...,0.0,60.2531,62.8042,4.1462,15.4079,3.6154,,,,,,,,,,,,
5,hasta_001,1780004450.323,2026-05-29 00:40:50,16,Veri Toplaniyor...,0.0,59.4756,61.1799,2.8251,14.7398,4.1240,,,,,,,,,,,,
5,hasta_001,1780004450.366,2026-05-29 00:40:50,17,Veri Toplaniyor...,0.0,58.8676,59.7876,1.5508,14.1629,4.6265,,,,,,,,,,,,
5,hasta_001,1780004450.421,2026-05-29 00:40:50,18,Veri Toplaniyor...,0.0,58.0287,58.2741,0.4219,13.5791,5.2325,,,,,,,,,,,,
5,hasta_001,1780004450.455,2026-05-29 00:40:50,19,Veri Toplaniyor...,0.0,57.5337,56.9665,0.9907,13.3352,5.5741,,,,,,,,,,,,
5,hasta_001,1780004450.482,2026-05-29 00:40:50,20,NORMAL,72.5,57.0692,55.8728,2.1186,13.2009,5.8450,62.1269,65.0695,4.8059,16.5300,1.7148,0.0000,0.0000,2.8116,0.0038,0.0000,0.0000,0.0000
5,hasta_001,1780004450.529,2026-05-29 00:40:50,21,NORMAL,71.5,56.2912,54.2676,3.6606,13.1018,6.2035,61.8490,64.5551,4.7514,16.3668,1.8258,0.0000,0.0000,2.9732,0.0041,0.0000,0.0000,0.0000
5,hasta_001,1780004450.578,2026-05-29 00:40:50,22,NORMAL,65.7,55.4820,52.9477,4.6745,13.0537,6.4206,61.5596,64.0275,4.7479,16.2162,1.9127,0.0000,0.0000,3.1299,0.0042,0.0000,0.0000,0.0000
5,hasta_001,1780004450.623,2026-05-29 00:40:50,23,NORMAL,65.2,54.3994,51.5061,5.4640,13.0181,6.4539,61.2482,63.4831,4.7790,16.0771,1.9811,0.0000,0.0000,3.2744,0.0041,0.0000,0.0000,0.0000
5,hasta_001,1780004450.666,2026-05-29 00:40:50,24,NORMAL,70.5,53.1011,49.9763,6.0629,12.9957,6.3682,60.9088,62.9203,4.8325,15.9487,2.0348,0.0000,0.0000,3.4033,0.0043,0.0000,0.0000,0.0000
5,hasta_001,1780004450.698,2026-05-29 00:40:50,25,NORMAL,71.0,52.0854,48.4346,7.2639,12.9435,6.1567,60.5558,62.3409,4.9298,15.8285,2.0788,0.0000,0.0000,3.5134,0.0043,0.0000,0.0000,0.0000
5,hasta_001,1780004450.758,2026-05-29 00:40:50,26,NORMAL,72.0,50.5947,45.7686,10.0164,12.7808,5.6330,60.1727,61.7035,5.1254,15.7113,2.1210,0.0000,0.0000,3.5950,0.0046,0.0000,0.0000,0.0000
5,hasta_001,1780004450.813,2026-05-29 00:40:50,27,NORMAL,71.8,49.4085,43.6385,12.4023,12.6763,4.9878,59.7740,61.0344,5.3949,15.5989,2.1589,0.0000,0.0000,3.6465,0.0047,0.0000,0.0000,0.0000
5,hasta_001,1780004450.854,2026-05-29 00:40:50,28,NORMAL,71.8,48.6225,42.0874,14.4089,12.5972,4.3856,59.3758,60.3577,5.7169,15.4917,2.1919,0.0000,0.0000,3.6729,0.0050,0.0000,0.0000,0.0000
5,hasta_001,1780004450.910,2026-05-29 00:40:50,29,NORMAL,66.0,47.8963,40.2200,17.4232,12.6375,3.4693,58.9799,59.6633,6.1205,15.3933,2.2159,0.0000,0.0000,3.6659,0.0053,0.0000,0.0000,0.0000
5,hasta_001,1780004450.964,2026-05-29 00:40:50,30,NORMAL,63.9,47.3109,38.7426,19.9139,12.9004,2.4663,58.5910,58.9660,6.5803,15.3102,2.2241,0.0000,0.0000,3.6259,0.0056,0.0000,0.0000,0.0000
5,hasta_001,1780004451.008,2026-05-29 00:40:51,31,NORMAL,63.9,46.2270,37.7081,20.2987,13.2834,2.1534,58.1921,58.2802,7.0228,15.2448,2.2171,0.0000,0.0000,3.5784,0.0059,0.0000,0.0000,0.0000
5,hasta_001,1780004451.059,2026-05-29 00:40:51,32,NORMAL,63.6,45.7127,37.0709,20.8781,14.0287,2.1058,57.8022,57.6175,7.4558,15.2068,2.1924,0.0000,0.0000,3.5324,0.0061,0.0000,0.0000,0.0000
5,hasta_001,1780004451.097,2026-05-29 00:40:51,33,NORMAL,63.9,44.6509,36.6058,19.8016,14.6615,2.2402,57.4036,56.9807,7.8299,15.1903,2.1609,0.0000,0.0000,3.4932,0.0062,0.0000,0.0000,0.0000
5,hasta_001,1780004451.146,2026-05-29 00:40:51,34,NORMAL,66.0,42.9547,35.9769,17.6806,15.5639,2.4424,56.9787,56.3630,8.1197,15.2013,2.1299,0.0000,0.0000,3.4623,0.0063,0.0000,0.0000,0.0000
5,hasta_001,1780004451.203,2026-05-29 00:40:51,35,NORMAL,71.9,40.2492,35.4353,12.7211,16.3780,2.6513,56.5007,55.7650,8.2511,15.2349,2.1083,0.0000,0.0000,3.4392,0.0061,0.0000,0.0000,0.0000
5,hasta_001,1780004451.252,2026-05-29 00:40:51,36,NORMAL,72.6,38.5202,35.1630,9.1124,17.1108,2.8090,56.0012,55.1928,8.2751,15.2870,2.1016,0.0000,0.0000,3.4217,0.0062,0.0000,0.0000,0.0000
5,hasta_001,1780004451.301,2026-05-29 00:40:51,37,NORMAL,72.6,36.2785,34.7492,4.3063,17.8507,2.8822,55.4682,54.6402,8.1678,15.3563,2.1143,0.0000,0.0000,3.4071,0.0062,0.0000,0.0000,0.0000
5,hasta_001,1780004451.351,2026-05-29 00:40:51,38,NORMAL,73.1,34.5169,34.3679,0.4325,18.5086,2.8554,54.9168,54.1068,7.9642,15.4392,2.1464,0.0000,0.0000,3.3926,0.0061,0.0000,0.0000,0.0000
5,hasta_001,1780004451.426,2026-05-29 00:40:51,39,NORMAL,73.1,32.8225,33.8873,3.1924,19.3798,2.6763,54.3503,53.5883,7.8419,15.5403,2.2084,0.0000,0.0000,3.3742,0.0060,0.0000,0.0000,0.0000
5,hasta_001,1780004451.491,2026-05-29 00:40:51,40,NORMAL,72.6,32.2212,33.9251,5.1518,20.1609,2.4036,53.7971,53.0967,7.7746,15.6558,2.2968,0.0000,0.0000,3.3499,0.0059,0.0000,0.0000,0.0000
5,hasta_001,1780004451.534,2026-05-29 00:40:51,41,NORMAL,72.1,31.6293,34.1590,7.6902,20.9012,2.1602,53.2564,52.6348,7.7726,15.7837,2.4086,0.0000,0.0000,3.3209,0.0058,0.0000,0.0000,0.0000
5,hasta_001,1780004451.588,2026-05-29 00:40:51,42,NORMAL,72.1,30.8871,34.3550,10.6308,22.0446,1.8401,52.7238,52.1996,7.8406,15.9328,2.5641,0.0000,0.0000,3.2857,0.0058,0.0000,0.0000,0.0000
5,hasta_001,1780004451.636,2026-05-29 00:40:51,43,NORMAL,71.4,30.2566,34.7862,13.9281,23.1028,1.5397,52.2013,51.7946,7.9822,16.0995,2.7549,0.0000,0.0000,3.2451,0.0056,0.0000,0.0000,0.0000
5,hasta_001,1780004451.695,2026-05-29 00:40:51,44,NORMAL,67.7,29.8233,35.4648,17.2819,24.2127,1.1996,51.6927,51.4235,8.1935,16.2839,2.9797,0.0000,0.0000,3.1986,0.0055,0.0000,0.0000,0.0000
5,hasta_001,1780004451.757,2026-05-29 00:40:51,45,NORMAL,65.6,29.0448,35.6718,20.4799,25.1649,0.8968,51.1894,51.0735,8.4666,16.4813,3.2242,0.0000,0.0000,3.1474,0.0054,0.0000,0.0000,0.0000
5,hasta_001,1780004451.812,2026-05-29 00:40:51,46,NORMAL,63.3,28.2549,36.0640,24.2826,25.9137,0.6708,50.6908,50.7472,8.8104,16.6863,3.4729,0.0000,0.0000,3.0936,0.0052,0.0000,0.0000,0.0000
5,hasta_001,1780004451.865,2026-05-29 00:40:51,47,NORMAL,61.8,28.1418,36.6029,26.1368,26.5001,0.5189,50.2111,50.4462,9.1791,16.8951,3.7162,0.0000,0.0000,3.0388,0.0052,0.0000,0.0000,0.0000
5,hasta_001,1780004451.920,2026-05-29 00:40:51,48,NORMAL,61.8,28.6772,37.4069,26.4200,26.9139,0.4545,49.7625,50.1746,9.5382,17.1039,3.9459,0.0000,0.0000,2.9850,0.0051,0.0000,0.0000,0.0000
5,hasta_001,1780004451.967,2026-05-29 00:40:51,49,NORMAL,61.8,29.4222,38.0271,25.5151,27.2194,0.4605,49.3474,49.9267,9.8643,17.3103,4.1591,0.0000,0.0000,2.9334,0.0050,0.0000,0.0000,0.0000
5,hasta_001,1780004452.016,2026-05-29 00:40:52,50,NORMAL,63.8,30.2794,38.4619,23.8068,27.4129,0.4947,48.9660,49.6974,10.1431,17.5124,4.3534,0.0000,0.0000,2.8847,0.0049,0.0000,0.0000,0.0000
5,hasta_001,1780004452.059,2026-05-29 00:40:52,51,NORMAL,65.1,31.2376,38.7995,21.5939,27.5829,0.5386,48.6184,49.4837,10.3677,17.7098,4.5310,0.0000,0.0000,2.8387,0.0048,0.0000,0.0000,0.0000
5,hasta_001,1780004452.108,2026-05-29 00:40:52,52,NORMAL,68.1,32.3295,39.2328,19.2933,27.6294,0.6247,48.3051,49.2866,10.5393,17.9006,4.6895,0.0000,0.0000,2.7961,0.0048,0.0000,0.0000,0.0000
5,hasta_001,1780004452.152,2026-05-29 00:40:52,53,NORMAL,69.2,33.3683,39.6611,17.2338,27.6256,0.7348,48.0233,49.1049,10.6656,18.0841,4.8298,0.0000,0.0000,2.7572,0.0047,0.0000,0.0000,0.0000
5,hasta_001,1780004452.181,2026-05-29 00:40:52,54,NORMAL,70.7,34.1592,40.0225,15.8079,27.6207,0.8113,47.7666,48.9368,10.7609,18.2607,4.9546,0.0000,0.0000,2.7212,0.0047,0.0000,0.0000,0.0000
5,hasta_001,1780004452.235,2026-05-29 00:40:52,55,NORMAL,72.4,35.4432,40.6503,13.6861,27.5305,0.9124,47.5425,48.7861,10.8140,18.4292,5.0632,0.0000,0.0000,2.6883,0.0046,0.0000,0.0000,0.0000
5,hasta_001,1780004452.275,2026-05-29 00:40:52,56,NORMAL,73.1,36.4132,41.1101,12.1174,27.4184,0.9850,47.3438,48.6490,10.8373,18.5897,5.1571,0.0000,0.0000,2.6579,0.0046,0.0000,0.0000,0.0000
5,hasta_001,1780004452.320,2026-05-29 00:40:52,57,NORMAL,73.1,37.3837,41.3916,10.1755,27.2654,1.0671,47.1690,48.5217,10.8257,18.7419,5.2370,0.0000,0.0000,2.6299,0.0045,0.0000,0.0000,0.0000
5,hasta_001,1780004452.350,2026-05-29 00:40:52,58,NORMAL,73.1,38.0511,41.5861,8.8778,27.1410,1.1326,47.0118,48.4021,10.7921,18.8868,5.3055,0.0000,0.0000,2.6041,0.0044,0.0000,0.0000,0.0000
5,hasta_001,1780004452.412,2026-05-29 00:40:52,59,NORMAL,72.6,39.0579,41.8736,6.9584,26.9219,1.2179,46.8770,48.2915,10.7271,19.0229,5.3616,0.0000,0.0000,2.5806,0.0043,0.0000,0.0000,0.0000
5,hasta_001,1780004452.466,2026-05-29 00:40:52,60,NORMAL,72.6,39.7546,42.1680,5.8918,26.7580,1.2658,46.7583,48.1894,10.6466,19.1519,5.4082,0.0000,0.0000,2.5587,0.0043,0.0000,0.0000,0.0000
5,hasta_001,1780004452.510,2026-05-29 00:40:52,61,NORMAL,72.6,40.2043,42.3780,5.2642,26.6359,1.2950,46.6509,48.0941,10.5583,19.2746,5.4472,0.0000,0.0000,2.5380,0.0042,0.0000,0.0000,0.0000
5,hasta_001,1780004452.555,2026-05-29 00:40:52,62,NORMAL,72.1,40.4249,42.4664,4.9256,26.5526,1.3171,46.5504,48.0034,10.4675,19.3919,5.4804,0.0000,0.0000,2.5183,0.0041,0.0000,0.0000,0.0000
5,hasta_001,1780004452.609,2026-05-29 00:40:52,63,NORMAL,72.1,40.3801,42.2020,4.4123,26.4866,1.3372,46.4525,47.9113,10.3714,19.5046,5.5085,0.0000,0.0000,2.4996,0.0041,0.0000,0.0000,0.0000
5,hasta_001,1780004452.669,2026-05-29 00:40:52,64,NORMAL,72.1,40.2775,41.8878,3.9196,26.4156,1.3711,46.3560,47.8172,10.2705,19.6125,5.5321,0.0000,0.0000,2.4819,0.0040,0.0000,0.0000,0.0000
5,hasta_001,1780004452.710,2026-05-29 00:40:52,65,NORMAL,72.6,40.0923,41.5797,3.6424,26.3716,1.4058,46.2596,47.7212,10.1686,19.7165,5.5521,0.0000,0.0000,2.4654,0.0040,0.0000,0.0000,0.0000
5,hasta_001,1780004452.763,2026-05-29 00:40:52,66,NORMAL,72.6,39.9498,41.2050,3.0933,26.3406,1.4712,46.1640,47.6225,10.0614,19.8169,5.5690,0.0000,0.0000,2.4503,0.0039,0.0000,0.0000,0.0000
5,hasta_001,1780004452.831,2026-05-29 00:40:52,67,NORMAL,72.6,39.9782,40.7728,1.9680,26.2896,1.5491,46.0717,47.5202,9.9406,19.9135,5.5827,0.0000,0.0000,2.4369,0.0038,0.0000,0.0000,0.0000
5,hasta_001,1780004452.886,2026-05-29 00:40:52,68,NORMAL,72.6,40.1716,40.4701,0.7404,26.2229,1.6093,45.9849,47.4166,9.8053,20.0063,5.5933,0.0000,0.0000,2.4247,0.0038,0.0000,0.0000,0.0000
5,hasta_001,1780004452.947,2026-05-29 00:40:52,69,NORMAL,72.6,40.2933,40.2736,0.0490,26.1607,1.6505,45.9025,47.3130,9.6639,20.0955,5.6011,0.0000,0.0000,2.4135,0.0037,0.0000,0.0000,0.0000
5,hasta_001,1780004452.983,2026-05-29 00:40:52,70,NORMAL,72.6,40.4288,40.2554,0.4298,26.1402,1.6486,45.8243,47.2122,9.5320,20.1818,5.6070,0.0000,0.0000,2.4025,0.0037,0.0000,0.0000,0.0000
5,hasta_001,1780004453.029,2026-05-29 00:40:53,71,NORMAL,72.6,40.7407,40.3498,0.9641,26.0926,1.6087,45.7527,47.1156,9.4113,20.2651,5.6108,0.0000,0.0000,2.3914,0.0036,0.0000,0.0000,0.0000
5,hasta_001,1780004453.089,2026-05-29 00:40:53,72,NORMAL,72.6,41.2669,40.5923,1.6481,26.0047,1.5431,45.6904,47.0250,9.3035,20.3448,5.6120,0.0000,0.0000,2.3796,0.0036,0.0000,0.0000,0.0000
5,hasta_001,1780004453.144,2026-05-29 00:40:53,73,NORMAL,72.6,41.7314,40.8559,2.1200,25.9533,1.4771,45.6361,46.9405,9.2051,20.4216,5.6115,0.0000,0.0000,2.3672,0.0035,0.0000,0.0000,0.0000
5,hasta_001,1780004453.183,2026-05-29 00:40:53,74,NORMAL,72.6,42.1424,41.1221,2.4508,25.9005,1.4270,45.5889,46.8618,9.1138,20.4957,5.6092,0.0000,0.0000,2.3545,0.0035,0.0000,0.0000,0.0000
5,hasta_001,1780004453.231,2026-05-29 00:40:53,75,NORMAL,72.6,42.5224,41.4383,2.5824,25.8204,1.3704,45.5480,46.7895,9.0267,20.5667,5.6051,0.0000,0.0000,2.3414,0.0035,0.0000,0.0000,0.0000
5,hasta_001,1780004453.290,2026-05-29 00:40:53,76,NORMAL,73.1,42.8748,41.8614,2.3920,25.7276,1.3095,45.5129,46.7247,8.9394,20.6346,5.5990,0.0000,0.0000,2.3278,0.0035,0.0000,0.0000,0.0000
5,hasta_001,1780004453.344,2026-05-29 00:40:53,77,NORMAL,73.1,43.1549,42.2123,2.2084,25.6350,1.2415,45.4822,46.6661,8.8520,20.6995,5.5913,0.0000,0.0000,2.3137,0.0035,0.0000,0.0000,0.0000
5,hasta_001,1780004453.388,2026-05-29 00:40:53,78,NORMAL,73.6,43.4007,42.5233,2.0424,25.5575,1.1817,45.4556,46.6130,8.7647,20.7618,5.5822,0.0000,0.0000,2.2992,0.0035,0.0000,0.0000,0.0000
5,hasta_001,1780004453.437,2026-05-29 00:40:53,79,NORMAL,69.1,43.7145,42.8553,1.9852,25.4720,1.1314,45.4335,46.5654,8.6789,20.8214,5.5717,0.0000,0.0000,2.2844,0.0035,0.5000,0.0000,0.0000
5,hasta_001,1780004453.479,2026-05-29 00:40:53,80,NORMAL,69.1,43.9680,43.0286,2.1598,25.4062,1.0995,45.4152,46.5212,8.5974,20.8787,5.5601,0.0000,0.0000,2.2696,0.0034,0.5000,0.0000,0.0000
5,hasta_001,1780004453.534,2026-05-29 00:40:53,81,NORMAL,69.1,44.2702,43.0631,2.7643,25.3762,1.0781,45.4011,46.4785,8.5254,20.9342,5.5479,0.0000,0.0000,2.2549,0.0034,0.5000,0.0000,0.0000
5,hasta_001,1780004453.600,2026-05-29 00:40:53,82,NORMAL,69.1,44.5091,42.9214,3.6319,25.3560,1.0606,45.3902,46.4351,8.4657,20.9882,5.5353,0.0000,0.0000,2.2403,0.0034,0.5000,0.0000,0.0000
5,hasta_001,1780004453.650,2026-05-29 00:40:53,83,NORMAL,67.1,44.6060,42.7382,4.2769,25.3827,1.0450,45.3807,46.3906,8.4152,21.0411,5.5227,0.0000,0.0000,2.2259,0.0033,1.0000,0.0000,0.0000
5,hasta_001,1780004453.691,2026-05-29 00:40:53,84,NORMAL,67.1,44.6322,42.5757,4.7163,25.4655,1.0239,45.3718,46.3452,8.3712,21.0938,5.5107,0.0000,0.0000,2.2116,0.0033,1.0000,0.0000,0.0000
5,hasta_001,1780004453.723,2026-05-29 00:40:53,85,NORMAL,67.1,44.6534,42.4335,5.0981,25.5240,1.0064,45.3634,46.2991,8.3327,21.1459,5.4990,0.0000,0.0000,2.1974,0.0033,1.0000,0.0000,0.0000
5,hasta_001,1780004453.777,2026-05-29 00:40:53,86,NORMAL,67.1,44.6593,42.1933,5.6786,25.6581,0.9689,45.3552,46.2514,8.3018,21.1984,5.4883,0.0000,0.0000,2.1832,0.0033,1.0000,0.0000,0.0000
5,hasta_001,1780004453.833,2026-05-29 00:40:53,87,NORMAL,67.1,44.7826,42.1110,6.1491,25.7947,0.9187,45.3486,46.2038,8.2771,21.2512,5.4786,0.0000,0.0000,2.1686,0.0032,1.0000,0.0000,0.0000
5,hasta_001,1780004453.882,2026-05-29 00:40:53,88,NORMAL,67.1,44.9580,42.1539,6.4378,25.9200,0.9013,45.3442,46.1578,8.2562,21.3043,5.4698,0.0000,0.0000,2.1542,0.0032,1.0000,0.0000,0.0000
5,hasta_001,1780004453.954,2026-05-29 00:40:53,89,NORMAL,67.1,45.1463,42.0677,7.0597,26.0754,0.8863,45.3419,46.1118,8.2427,21.3579,5.4622,0.0000,0.0000,2.1400,0.0032,1.0000,0.0000,0.0000
5,hasta_001,1780004454.000,2026-05-29 00:40:53,90,NORMAL,67.1,45.3167,42.0463,7.4868,26.1546,0.8948,45.3417,46.0667,8.2343,21.4112,5.4550,0.0000,0.0000,2.1261,0.0032,1.0000,0.0000,0.0000
5,hasta_001,1780004454.053,2026-05-29 00:40:54,91,NORMAL,67.1,45.5603,42.1813,7.7021,26.2128,0.9162,45.3441,46.0240,8.2285,21.4639,5.4480,0.0000,0.0000,2.1128,0.0032,1.0000,0.0000,0.0000
5,hasta_001,1780004454.107,2026-05-29 00:40:54,92,NORMAL,67.1,45.7524,42.2495,7.9610,26.2708,0.9335,45.3485,45.9829,8.2256,21.5162,5.4411,0.0000,0.0000,2.1000,0.0031,1.0000,0.0000,0.0000
5,hasta_001,1780004454.162,2026-05-29 00:40:54,93,NORMAL,67.1,45.9507,42.3033,8.2658,26.3365,0.9535,45.3550,45.9434,8.2260,21.5680,5.4346,0.0000,0.0000,2.0877,0.0031,1.0000,0.0000,0.0000
5,hasta_001,1780004454.223,2026-05-29 00:40:54,94,NORMAL,67.1,46.0822,42.3958,8.3329,26.3702,0.9856,45.3627,45.9056,8.2272,21.6191,5.4280,0.0000,0.0000,2.0760,0.0031,1.0000,0.0000,0.0000
5,hasta_001,1780004454.279,2026-05-29 00:40:54,95,NORMAL,67.1,46.1707,42.4309,8.4418,26.4272,1.0216,45.3712,45.8690,8.2294,21.6697,5.4216,0.0000,0.0000,2.0649,0.0031,1.0000,0.0000,0.0000
5,hasta_001,1780004454.327,2026-05-29 00:40:54,96,NORMAL,67.1,46.1846,42.3613,8.6359,26.4950,1.0534,45.3797,45.8325,8.2336,21.7200,5.4155,0.0000,0.0000,2.0543,0.0031,1.0000,0.0000,0.0000
5,hasta_001,1780004454.370,2026-05-29 00:40:54,97,NORMAL,67.1,46.2092,42.3381,8.7436,26.5235,1.0737,45.3882,45.7965,8.2389,21.7695,5.4093,0.0000,0.0000,2.0442,0.0030,1.0000,0.0000,0.0000
5,hasta_001,1780004454.424,2026-05-29 00:40:54,98,NORMAL,67.1,46.1164,42.3368,8.5460,26.6438,1.1055,45.3957,45.7612,8.2420,21.8192,5.4039,0.0000,0.0000,2.0346,0.0030,1.0000,0.0000,0.0000
5,hasta_001,1780004454.524,2026-05-29 00:40:54,99,NORMAL,67.1,45.8072,42.2342,8.1167,26.9003,1.2116,45.3998,45.7256,8.2408,21.8706,5.4005,0.0000,0.0000,2.0263,0.0029,1.0000,0.0000,0.0000
5,hasta_001,1780004454.579,2026-05-29 00:40:54,100,NORMAL,66.1,45.4751,42.1352,7.6244,27.1133,1.3537,45.4006,45.6896,8.2346,21.9230,5.3987,0.0000,0.0000,2.0196,0.0029,1.0000,0.0000,0.0000
5,hasta_001,1780004454.638,2026-05-29 00:40:54,101,NORMAL,66.1,44.8936,41.8622,6.9885,27.3102,1.6573,45.3956,45.6518,8.2223,21.9763,5.3983,0.0000,0.0000,2.0160,0.0028,1.0000,0.0000,0.0000
5,hasta_001,1780004454.689,2026-05-29 00:40:54,102,NORMAL,66.1,44.1439,41.3147,6.6212,27.4743,1.9380,45.3833,45.6092,8.2066,22.0302,5.3990,0.0000,0.0000,2.0153,0.0028,1.0000,0.0000,0.0000
5,hasta_001,1780004454.729,2026-05-29 00:40:54,103,NORMAL,66.1,43.4434,40.7358,6.4328,27.5510,1.9528,45.3645,45.5619,8.1894,22.0838,5.4000,0.0000,0.0000,2.0146,0.0028,1.0000,0.0000,0.0000
5,hasta_001,1780004454.786,2026-05-29 00:40:54,104,NORMAL,66.1,42.4540,40.1154,5.6645,27.6477,1.8596,45.3365,45.5095,8.1651,22.1373,5.4013,0.0000,0.0000,2.0132,0.0028,1.0000,0.0000,0.0000
5,hasta_001,1780004454.841,2026-05-29 00:40:54,105,NORMAL,66.1,41.5749,39.7202,4.5631,27.6806,1.8406,45.3006,45.4544,8.1308,22.1901,5.4024,0.0000,0.0000,2.0115,0.0027,1.0000,0.0000,0.0000
5,hasta_001,1780004454.882,2026-05-29 00:40:54,106,NORMAL,66.6,40.9942,39.6418,3.3544,27.6830,1.9603,45.2600,45.3996,8.0857,22.2419,5.4030,0.0000,0.0000,2.0110,0.0027,1.0000,0.0000,0.0000
5,hasta_001,1780004454.934,2026-05-29 00:40:54,107,NORMAL,68.1,40.2866,39.3720,2.2964,27.6272,2.2399,45.2135,45.3432,8.0316,22.2923,5.4026,0.0000,0.0000,2.0132,0.0027,0.5000,0.0000,0.0000
5,hasta_001,1780004454.988,2026-05-29 00:40:54,108,NORMAL,73.1,39.6688,39.0614,1.5431,27.5328,2.4991,45.1622,45.2851,7.9715,22.3408,5.4009,0.0000,0.0000,2.0177,0.0027,0.0000,0.0000,0.0000
5,hasta_001,1780004455.022,2026-05-29 00:40:55,109,NORMAL,73.1,39.3341,38.8653,1.1989,27.4400,2.6036,45.1087,45.2262,7.9094,22.3876,5.3980,0.0000,0.0000,2.0230,0.0026,0.0000,0.0000,0.0000
5,hasta_001,1780004455.069,2026-05-29 00:40:55,110,NORMAL,73.1,39.2550,38.6568,1.5355,27.2647,2.6579,45.0555,45.1665,7.8514,22.4319,5.3933,0.0000,0.0000,2.0288,0.0026,0.0000,0.0000,0.0000
5,hasta_001,1780004455.113,2026-05-29 00:40:55,111,NORMAL,73.1,39.4565,38.5570,2.3061,27.1281,2.7839,45.0051,45.1069,7.8015,22.4742,5.3873,0.0000,0.0000,2.0356,0.0026,0.0000,0.0000,0.0000
5,hasta_001,1780004455.161,2026-05-29 00:40:55,112,NORMAL,73.1,39.9270,38.5316,3.5571,27.0141,2.9637,44.9597,45.0482,7.7636,22.5148,5.3802,0.0000,0.0000,2.0439,0.0025,0.0000,0.0000,0.0000
5,hasta_001,1780004455.211,2026-05-29 00:40:55,113,NORMAL,72.6,40.7576,38.8774,4.7221,26.8796,3.1628,44.9225,44.9936,7.7367,22.5534,5.3719,0.0000,0.0000,2.0538,0.0025,0.0000,0.0000,0.0000
5,hasta_001,1780004455.256,2026-05-29 00:40:55,114,NORMAL,72.6,41.7878,39.4817,5.6752,26.7411,3.4018,44.8950,44.9452,7.7186,22.5901,5.3625,0.0000,0.0000,2.0656,0.0024,0.0000,0.0000,0.0000
5,hasta_001,1780004455.302,2026-05-29 00:40:55,115,NORMAL,72.6,43.1625,40.3562,6.7200,26.5354,3.6211,44.8800,44.9053,7.7099,22.6244,5.3517,0.0000,0.0000,2.0792,0.0024,0.0000,0.0000,0.0000
5,hasta_001,1780004455.350,2026-05-29 00:40:55,116,NORMAL,72.6,44.8970,41.5534,7.7352,26.3347,3.8146,44.8801,44.8764,7.7101,22.6564,5.3396,0.0000,0.0000,2.0941,0.0023,0.0000,0.0000,0.0000
5,hasta_001,1780004455.395,2026-05-29 00:40:55,117,NORMAL,72.6,46.6489,43.0201,8.0938,26.1431,3.9257,44.8952,44.8606,7.7134,22.6862,5.3264,0.0000,0.0000,2.1098,0.0022,0.0000,0.0000,0.0000
5,hasta_001,1780004455.448,2026-05-29 00:40:55,118,NORMAL,72.6,48.6083,44.6980,8.3817,25.9077,4.0430,44.9267,44.8592,7.7191,22.7135,5.3120,0.0000,0.0000,2.1262,0.0022,0.0000,0.0000,0.0000
5,hasta_001,1780004455.501,2026-05-29 00:40:55,119,NORMAL,72.6,50.3223,46.2681,8.3948,25.6269,4.1232,44.9721,44.8710,7.7248,22.7380,5.2963,0.0000,0.0000,2.1429,0.0021,0.0000,0.0000,0.0000
5,hasta_001,1780004455.553,2026-05-29 00:40:55,120,NORMAL,72.6,51.7472,47.6973,8.1452,25.3563,4.1584,45.0285,44.8946,7.7283,22.7598,5.2796,0.0000,0.0000,2.1597,0.0021,0.0000,0.0000,0.0000
5,hasta_001,1780004455.590,2026-05-29 00:40:55,121,NORMAL,72.6,52.7305,48.7235,7.8993,25.1117,4.1027,44.9342,44.7303,7.7388,22.8208,5.2641,0.0000,0.0000,2.1791,0.0020,0.0000,0.0000,0.0000
5,hasta_001,1780004455.621,2026-05-29 00:40:55,122,NORMAL,72.6,53.5223,49.7926,7.2202,24.9253,3.9944,44.8459,44.5740,7.7433,22.8799,5.2476,0.0000,0.0000,2.1976,0.0020,0.0000,0.0000,0.0000
5,hasta_001,1780004455.651,2026-05-29 00:40:55,123,NORMAL,72.6,54.2271,50.8175,6.4917,24.7971,3.8071,44.7624,44.4252,7.7421,22.9375,5.2303,0.0000,0.0000,2.2146,0.0019,0.0000,0.0000,0.0000
5,hasta_001,1780004455.682,2026-05-29 00:40:55,124,NORMAL,72.6,54.8786,51.6499,6.0618,24.6883,3.5166,44.6828,44.2831,7.7390,22.9941,5.2122,0.0000,0.0000,2.2295,0.0018,0.0000,0.0000,0.0000
5,hasta_001,1780004455.713,2026-05-29 00:40:55,125,NORMAL,72.6,55.4621,52.3362,5.7995,24.6601,3.1137,44.6077,44.1477,7.7359,23.0505,5.1933,0.0000,0.0000,2.2412,0.0018,0.0000,0.0000,0.0000
5,hasta_001,1780004455.745,2026-05-29 00:40:55,126,NORMAL,72.6,55.9961,52.9562,5.5803,24.7896,2.5415,44.5367,44.0187,7.7332,23.1080,5.1739,0.0000,0.0000,2.2483,0.0018,0.0000,0.0000,0.0000
5,hasta_001,1780004455.795,2026-05-29 00:40:55,127,NORMAL,72.1,56.6083,53.6224,5.4176,25.0831,2.1431,44.4700,43.8961,7.7317,23.1683,5.1545,0.0000,0.0000,2.2523,0.0017,0.0000,0.0000,0.0000
5,hasta_001,1780004455.844,2026-05-29 00:40:55,128,NORMAL,72.1,56.9606,54.0676,5.2113,25.4476,1.9519,44.4071,43.7806,7.7321,23.2320,5.1349,0.0000,0.0000,2.2546,0.0017,0.0000,0.0000,0.0000
5,hasta_001,1780004455.911,2026-05-29 00:40:55,129,NORMAL,72.1,57.4884,54.6384,5.0835,25.9349,1.6799,44.3507,43.6722,7.7315,23.3001,5.1161,0.0000,0.0000,2.2543,0.0017,0.0000,0.0000,0.0000
5,hasta_001,1780004455.963,2026-05-29 00:40:55,130,NORMAL,72.1,57.7787,54.8308,5.2356,26.2529,1.4927,44.3010,43.5671,7.7282,23.3713,5.0973,0.0000,0.0000,2.2516,0.0016,0.0000,0.0000,0.0000
5,hasta_001,1780004456.017,2026-05-29 00:40:56,131,NORMAL,72.1,57.9753,55.2367,4.8378,26.5618,1.3146,44.2585,43.4682,7.7170,23.4466,5.0770,0.0000,0.0000,2.2460,0.0016,0.0000,0.0000,0.0000
5,hasta_001,1780004456.075,2026-05-29 00:40:56,132,NORMAL,73.1,58.2807,55.5716,4.7590,26.7864,1.1304,44.2244,43.3774,7.7036,23.5260,5.0541,0.0000,0.0000,2.2364,0.0016,0.0000,0.0000,0.0000
5,hasta_001,1780004456.131,2026-05-29 00:40:56,133,NORMAL,73.1,58.4404,56.1492,3.9988,26.9270,0.9236,44.1960,43.2972,7.6856,23.6096,5.0266,0.0000,0.0000,2.2228,0.0016,0.0000,0.0000,0.0000
5,hasta_001,1780004456.183,2026-05-29 00:40:56,134,NORMAL,73.6,58.5098,56.6508,3.2284,27.0176,0.7246,44.1748,43.2324,7.6679,23.6999,4.9895,0.0000,0.0000,2.2032,0.0015,0.0000,0.0000,0.0000
5,hasta_001,1780004456.221,2026-05-29 00:40:56,135,NORMAL,73.6,58.4976,56.9823,2.6244,27.0803,0.6122,44.1601,43.1839,7.6552,23.7971,4.9405,0.0000,0.0000,2.1782,0.0015,0.0000,0.0000,0.0000
5,hasta_001,1780004456.276,2026-05-29 00:40:56,136,NORMAL,73.6,58.4076,57.3015,1.9119,27.2005,0.5948,44.1512,43.1516,7.6476,23.9010,4.8796,0.0000,0.0000,2.1488,0.0015,0.0000,0.0000,0.0000
5,hasta_001,1780004456.328,2026-05-29 00:40:56,137,NORMAL,73.6,58.2941,57.4830,1.4011,27.2892,0.6771,44.1465,43.1324,7.6464,24.0104,4.8067,0.0000,0.0000,2.1159,0.0015,0.0000,0.0000,0.0000
5,hasta_001,1780004456.381,2026-05-29 00:40:56,138,NORMAL,73.6,58.4699,57.8643,1.0411,27.3281,0.8447,44.1501,43.1290,7.6515,24.1249,4.7197,0.0000,0.0000,2.0793,0.0014,0.0000,0.0000,0.0000
5,hasta_001,1780004456.424,2026-05-29 00:40:56,139,NORMAL,73.6,58.7884,58.4596,0.5609,27.3579,1.0603,44.1606,43.1414,7.6480,24.2418,4.6237,0.0000,0.0000,2.0417,0.0014,0.0000,0.0000,0.0000
5,hasta_001,1780004456.472,2026-05-29 00:40:56,140,NORMAL,72.6,59.3362,59.4794,0.2410,27.3895,1.3627,44.1795,43.1715,7.6323,24.3600,4.5202,0.0000,0.0000,2.0044,0.0013,0.0000,0.0000,0.0000
5,hasta_001,1780004456.523,2026-05-29 00:40:56,141,NORMAL,72.6,60.0093,60.6177,1.0088,27.3993,1.7423,44.2105,43.2244,7.6102,24.4792,4.4089,0.0000,0.0000,1.9672,0.0012,0.0000,0.0000,0.0000
5,hasta_001,1780004456.593,2026-05-29 00:40:56,142,NORMAL,72.6,60.8657,60.5602,0.5031,27.3702,2.2316,44.2553,43.2878,7.5754,24.5985,4.2902,0.0000,0.0000,1.9323,0.0012,0.0000,0.0000,0.0000
5,hasta_001,1780004456.662,2026-05-29 00:40:56,143,NORMAL,72.6,61.6525,57.9473,6.1959,27.3208,2.6484,44.3158,43.3415,7.5815,24.7177,4.1636,0.0000,0.0000,1.9006,0.0011,0.0000,0.0000,0.0000
5,hasta_001,1780004456.729,2026-05-29 00:40:56,144,NORMAL,71.4,62.3908,53.4244,15.4840,27.2609,2.9863,44.3932,43.3702,7.6601,24.8366,4.0287,0.0000,0.0000,1.8724,0.0011,0.0000,0.0000,0.0000
5,hasta_001,1780004456.800,2026-05-29 00:40:56,145,NORMAL,59.6,62.9444,49.1536,24.6048,27.1781,3.3222,44.4837,43.3762,7.8046,24.9552,3.8838,0.0000,0.0000,1.8488,0.0011,0.0000,0.0000,0.0000
5,hasta_001,1780004456.844,2026-05-29 00:40:56,146,NORMAL,58.1,63.2673,46.5109,30.5276,27.0975,3.5302,44.5893,43.3824,7.9755,25.0745,3.7246,0.0000,0.0000,1.8312,0.0010,0.0000,0.0000,0.0000
5,hasta_001,1780004456.885,2026-05-29 00:40:56,147,NORMAL,57.6,63.4583,45.0688,33.8894,27.0092,3.6950,44.7064,43.3943,8.1545,25.1939,3.5508,0.0000,0.0000,1.8205,0.0009,0.0000,0.0000,0.0000
5,hasta_001,1780004456.929,2026-05-29 00:40:56,148,NORMAL,57.6,63.6557,44.4353,35.5634,26.8985,3.8497,44.8316,43.4139,8.3308,25.3131,3.3610,0.0000,0.0000,1.8160,0.0008,0.0000,0.0000,0.0000
5,hasta_001,1780004456.976,2026-05-29 00:40:56,149,NORMAL,57.6,63.9880,44.3044,36.3527,26.7339,3.9544,44.9657,43.4479,8.4886,25.4306,3.1560,0.0000,0.0000,1.8200,0.0007,0.0000,0.0000,0.0000
5,hasta_001,1780004457.026,2026-05-29 00:40:57,150,NORMAL,57.6,64.3312,44.5618,36.3099,26.5137,4.0173,45.1076,43.4964,8.6252,25.5440,2.9409,0.0000,0.0000,1.8330,0.0006,0.0000,0.0000,0.0000
5,hasta_001,1780004457.072,2026-05-29 00:40:57,151,NORMAL,57.6,64.7134,45.3264,35.2363,26.2855,4.0153,45.2616,43.5599,8.7497,25.6524,2.7182,0.0000,0.0000,1.8485,0.0005,0.0000,0.0000,0.0000
5,hasta_001,1780004457.111,2026-05-29 00:40:57,152,NORMAL,57.6,65.0330,46.2721,33.7107,26.0965,3.9635,45.4226,43.6366,8.8566,25.7529,2.5009,0.0000,0.0000,1.8640,0.0004,0.0000,0.0000,0.0000
5,hasta_001,1780004457.160,2026-05-29 00:40:57,153,NORMAL,58.1,65.4189,47.9110,30.8972,25.8595,3.8571,45.5957,43.7308,8.9491,25.8463,2.2849,0.0000,0.0000,1.8774,0.0003,0.0000,0.0000,0.0000
5,hasta_001,1780004457.203,2026-05-29 00:40:57,154,NORMAL,58.6,65.7849,49.6485,27.9578,25.6340,3.7202,45.7859,43.8447,9.0347,25.9302,2.0816,0.0000,0.0000,1.8881,0.0003,0.0000,0.0000,0.0000
5,hasta_001,1780004457.231,2026-05-29 00:40:57,155,NORMAL,58.6,66.1402,51.3110,25.2517,25.5011,3.5749,46.0017,43.9770,9.1392,26.0062,1.8890,0.0000,0.0000,1.8958,0.0003,0.0000,0.0000,0.0000
5,hasta_001,1780004457.267,2026-05-29 00:40:57,156,NORMAL,61.6,66.6728,53.5980,21.7423,25.2833,3.3527,46.2363,44.1306,9.2444,26.0743,1.7055,0.0000,0.0000,1.9003,0.0002,0.0000,0.0000,0.0000
5,hasta_001,1780004457.321,2026-05-29 00:40:57,157,NORMAL,66.0,67.5085,56.6106,17.5604,24.9657,3.0155,46.4966,44.3128,9.3549,26.1336,1.5336,0.0000,0.0000,1.9014,0.0002,0.0000,0.0000,0.0000
5,hasta_001,1780004457.367,2026-05-29 00:40:57,158,NORMAL,71.9,68.1953,59.0174,14.4293,24.6638,2.7069,46.7772,44.5182,9.4715,26.1849,1.3721,0.0000,0.0000,1.9002,0.0002,0.0000,0.0000,0.0000
5,hasta_001,1780004457.434,2026-05-29 00:40:57,159,NORMAL,72.1,69.1398,61.8496,11.1310,24.2091,2.2273,47.0799,44.7512,9.5377,26.2251,1.2360,0.0000,0.0000,1.8964,0.0002,0.0000,0.0000,0.0000
5,hasta_001,1780004457.490,2026-05-29 00:40:57,160,NORMAL,72.1,69.8995,63.9848,8.8356,23.8453,1.8367,47.3938,45.0017,9.5684,26.2558,1.1258,0.0000,0.0000,1.8917,0.0002,0.0000,0.0000,0.0000
5,hasta_001,1780004457.531,2026-05-29 00:40:57,161,NORMAL,72.1,70.3781,65.5308,7.1331,23.5898,1.5515,47.7167,45.2632,9.5637,26.2782,1.0427,0.0000,0.0000,1.8866,0.0003,0.0000,0.0000,0.0000
5,hasta_001,1780004457.590,2026-05-29 00:40:57,162,NORMAL,73.1,70.8661,67.3442,5.0964,23.3629,1.1905,48.0499,45.5381,9.5176,26.2892,1.0043,0.0000,0.0000,1.8812,0.0004,0.0000,0.0000,0.0000
5,hasta_001,1780004457.651,2026-05-29 00:40:57,163,NORMAL,73.6,71.4179,69.0022,3.4407,23.1457,0.8593,48.3929,45.8232,9.4302,26.2896,1.0032,0.0000,0.0000,1.8756,0.0005,0.0000,0.0000,0.0000
5,hasta_001,1780004457.709,2026-05-29 00:40:57,164,NORMAL,73.6,71.7511,70.2322,2.1396,23.0718,0.6478,48.7423,46.1130,9.3040,26.2801,1.0279,0.0000,0.0000,1.8710,0.0006,0.0000,0.0000,0.0000
5,hasta_001,1780004457.750,2026-05-29 00:40:57,165,NORMAL,73.6,71.8082,70.9648,1.1815,23.0491,0.5802,49.0987,46.4071,9.1432,26.2624,1.0644,0.0000,0.0000,1.8683,0.0007,0.0000,0.0000,0.0000
5,hasta_001,1780004457.807,2026-05-29 00:40:57,166,NORMAL,73.6,71.7388,71.6179,0.1687,23.0125,0.5845,49.4610,46.7033,8.9422,26.2383,1.1042,0.0000,0.0000,1.8676,0.0008,0.0000,0.0000,0.0000
5,hasta_001,1780004457.846,2026-05-29 00:40:57,167,NORMAL,73.6,71.6838,71.9825,0.4158,22.9563,0.6154,49.8239,46.9982,8.7279,26.2087,1.1435,0.0000,0.0000,1.8684,0.0008,0.0000,0.0000,0.0000
5,hasta_001,1780004457.893,2026-05-29 00:40:57,168,NORMAL,73.6,71.5328,72.2404,0.9843,22.8557,0.7072,50.1810,47.2884,8.5159,26.1749,1.1816,0.0000,0.0000,1.8705,0.0009,0.0000,0.0000,0.0000
5,hasta_001,1780004457.933,2026-05-29 00:40:57,169,NORMAL,73.6,71.3011,72.3243,1.4249,22.7852,0.8430,50.5300,47.5743,8.3152,26.1380,1.2171,0.0000,0.0000,1.8737,0.0009,0.0000,0.0000,0.0000
5,hasta_001,1780004457.964,2026-05-29 00:40:57,170,NORMAL,73.6,71.0794,72.3475,1.7682,22.7279,1.0266,50.8700,47.8566,8.1315,26.0989,1.2503,0.0000,0.0000,1.8781,0.0010,0.0000,0.0000,0.0000
5,hasta_001,1780004457.995,2026-05-29 00:40:57,171,NORMAL,73.1,70.7600,72.3070,2.1626,22.7182,1.2665,51.1994,48.1359,7.9696,26.0584,1.2800,0.0000,0.0000,1.8842,0.0009,0.0000,0.0000,0.0000
5,hasta_001,1780004458.058,2026-05-29 00:40:58,172,NORMAL,72.6,70.1517,72.1599,2.8223,22.7252,1.7712,51.5146,48.4103,7.8323,26.0175,1.3072,0.0000,0.0000,1.8938,0.0009,0.0000,0.0000,0.0000
5,hasta_001,1780004458.111,2026-05-29 00:40:58,173,NORMAL,72.6,69.6811,72.1495,3.4808,22.6914,2.2186,51.8172,48.6810,7.7177,25.9764,1.3333,0.0000,0.0000,1.9061,0.0009,0.0000,0.0000,0.0000
5,hasta_001,1780004458.171,2026-05-29 00:40:58,174,NORMAL,72.6,69.1954,72.1580,4.1918,22.6455,2.6817,52.1091,48.9488,7.6209,25.9349,1.3587,0.0000,0.0000,1.9217,0.0008,0.0000,0.0000,0.0000
5,hasta_001,1780004458.214,2026-05-29 00:40:58,175,NORMAL,72.6,68.7729,72.0552,4.6613,22.6634,3.0032,52.3869,49.2105,7.5457,25.8944,1.3829,0.0000,0.0000,1.9391,0.0008,0.0000,0.0000,0.0000
5,hasta_001,1780004458.259,2026-05-29 00:40:58,176,NORMAL,72.6,68.3079,71.9466,5.1887,22.7291,3.3280,52.6527,49.4675,7.4880,25.8553,1.4053,0.0000,0.0000,1.9587,0.0008,0.0000,0.0000,0.0000
5,hasta_001,1780004458.310,2026-05-29 00:40:58,177,NORMAL,72.6,67.7032,71.6932,5.7247,22.9355,3.6297,52.9053,49.7200,7.4509,25.8192,1.4241,0.0000,0.0000,1.9800,0.0007,0.0000,0.0000,0.0000
5,hasta_001,1780004458.361,2026-05-29 00:40:58,178,NORMAL,72.6,67.0966,71.3957,6.2085,23.3013,3.8761,53.1474,49.9684,7.4287,25.7872,1.4371,0.0000,0.0000,2.0029,0.0007,0.0000,0.0000,0.0000
5,hasta_001,1780004458.397,2026-05-29 00:40:58,179,NORMAL,72.6,66.6145,71.0849,6.4929,23.5869,4.0084,53.3770,50.2118,7.4248,25.7594,1.4471,0.0000,0.0000,2.0261,0.0007,0.0000,0.0000,0.0000
5,hasta_001,1780004458.451,2026-05-29 00:40:58,180,NORMAL,72.6,65.8691,70.5699,6.8907,24.1145,4.0868,53.5946,50.4485,7.4331,25.7374,1.4519,0.0000,0.0000,2.0496,0.0007,0.0000,0.0000,0.0000
5,hasta_001,1780004458.488,2026-05-29 00:40:58,181,NORMAL,72.6,65.2296,70.0976,7.1944,24.5437,4.0732,53.8032,50.6795,7.4492,25.7200,1.4535,0.0000,0.0000,2.0728,0.0007,0.0000,0.0000,0.0000
5,hasta_001,1780004458.522,2026-05-29 00:40:58,182,NORMAL,72.6,64.6066,69.6318,7.4869,25.0383,4.0100,54.0047,50.9059,7.4705,25.7073,1.4528,0.0000,0.0000,2.0952,0.0007,0.0000,0.0000,0.0000
5,hasta_001,1780004458.568,2026-05-29 00:40:58,183,NORMAL,72.6,63.9103,69.0653,7.7532,25.5615,3.8655,54.2008,51.1297,7.4984,25.6996,1.4511,0.0000,0.0000,2.1163,0.0006,0.0000,0.0000,0.0000
5,hasta_001,1780004458.624,2026-05-29 00:40:58,184,NORMAL,72.6,63.2031,68.4044,7.9042,26.3130,3.6008,54.3918,51.3507,7.5316,25.6988,1.4507,0.0000,0.0000,2.1349,0.0006,0.0000,0.0000,0.0000
5,hasta_001,1780004458.658,2026-05-29 00:40:58,185,NORMAL,68.1,62.6880,67.9281,8.0237,26.7413,3.3756,54.5801,51.5703,7.5681,25.7019,1.4525,0.0000,0.0000,2.1513,0.0005,0.5000,0.0000,0.0000
5,hasta_001,1780004458.700,2026-05-29 00:40:58,186,NORMAL,68.1,62.0909,67.3663,8.1500,27.3659,3.0559,54.7646,51.7883,7.6102,25.7104,1.4593,0.0000,0.0000,2.1645,0.0005,0.5000,0.0000,0.0000
5,hasta_001,1780004458.733,2026-05-29 00:40:58,187,NORMAL,68.1,61.6632,66.9382,8.2036,27.9543,2.7142,54.9453,52.0063,7.6622,25.7243,1.4726,0.0000,0.0000,2.1742,0.0005,0.5000,0.0000,0.0000
5,hasta_001,1780004458.773,2026-05-29 00:40:58,188,NORMAL,68.1,61.1680,66.4824,8.3265,28.5224,2.2708,55.1203,52.2231,7.7254,25.7434,1.4937,0.0000,0.0000,2.1797,0.0005,0.5000,0.0000,0.0000
5,hasta_001,1780004458.819,2026-05-29 00:40:58,189,NORMAL,67.6,60.6810,66.0655,8.4965,28.9350,1.7271,55.2902,52.4380,7.7958,25.7666,1.5212,0.0000,0.0000,2.1804,0.0005,0.5000,0.0000,0.0000
5,hasta_001,1780004458.860,2026-05-29 00:40:58,190,NORMAL,67.6,60.2898,65.7756,8.7032,29.2329,1.4676,55.4557,52.6507,7.8647,25.7923,1.5532,0.0000,0.0000,2.1789,0.0005,0.5000,0.0000,0.0000
5,hasta_001,1780004458.914,2026-05-29 00:40:58,191,NORMAL,67.6,59.9126,65.5674,9.0131,29.5773,1.3655,55.6155,52.8609,7.9318,25.8214,1.5907,0.0000,0.0000,2.1768,0.0005,0.5000,0.0000,0.0000
5,hasta_001,1780004458.972,2026-05-29 00:40:58,192,NORMAL,67.6,59.6114,65.4393,9.3208,29.9563,1.4465,55.7684,53.0679,7.9958,25.8543,1.6344,0.0000,0.0000,2.1760,0.0004,0.5000,0.0000,0.0000
5,hasta_001,1780004459.017,2026-05-29 00:40:59,193,NORMAL,67.6,59.4665,65.4329,9.5540,30.1392,1.5778,55.9161,53.2727,8.0577,25.8892,1.6802,0.0000,0.0000,2.1769,0.0004,0.5000,0.0000,0.0000
5,hasta_001,1780004459.064,2026-05-29 00:40:59,194,NORMAL,67.6,59.3448,65.4596,9.7990,30.1922,1.7363,56.0595,53.4755,8.1189,25.9249,1.7251,0.0000,0.0000,2.1794,0.0004,0.5000,0.0000,0.0000
5,hasta_001,1780004459.105,2026-05-29 00:40:59,195,NORMAL,67.6,59.2119,65.4280,9.9745,30.1719,1.7924,56.1986,53.6755,8.1805,25.9612,1.7678,0.0000,0.0000,2.1830,0.0004,0.5000,0.0000,0.0000
5,hasta_001,1780004459.150,2026-05-29 00:40:59,196,NORMAL,67.6,59.1328,65.4298,10.1106,30.0381,1.8103,56.3341,53.8719,8.2449,25.9971,1.8060,0.0000,0.0000,2.1871,0.0003,0.5000,0.0000,0.0000
5,hasta_001,1780004459.230,2026-05-29 00:40:59,197,NORMAL,67.6,59.0386,65.4106,10.2404,29.7192,1.7228,56.4664,54.0652,8.3118,26.0312,1.8371,0.0000,0.0000,2.1911,0.0003,0.5000,0.0000,0.0000
5,hasta_001,1780004459.274,2026-05-29 00:40:59,198,NORMAL,67.6,58.9929,65.3805,10.2716,29.3198,1.5662,56.5964,54.2557,8.3804,26.0625,1.8607,0.0000,0.0000,2.1943,0.0003,0.5000,0.0000,0.0000
5,hasta_001,1780004459.321,2026-05-29 00:40:59,199,NORMAL,67.6,58.9837,65.3498,10.2404,28.8870,1.3568,56.7236,54.4431,8.4492,26.0910,1.8775,0.0000,0.0000,2.1962,0.0003,0.5000,0.0000,0.0000
5,hasta_001,1780004459.387,2026-05-29 00:40:59,200,NORMAL,68.6,58.8871,65.2205,10.2063,28.3358,1.0576,56.8479,54.6280,8.5162,26.1154,1.8875,0.0000,0.0000,2.1959,0.0003,0.5000,0.0000,0.0000
5,hasta_001,1780004459.431,2026-05-29 00:40:59,201,NORMAL,73.1,58.7808,65.1068,10.2124,27.9512,0.8368,56.9688,54.8117,8.5783,26.1368,1.8936,0.0000,0.0000,2.1939,0.0002,0.0000,0.0000,0.0000
5,hasta_001,1780004459.475,2026-05-29 00:40:59,202,NORMAL,73.1,58.6647,64.9537,10.1749,27.5997,0.6795,57.0868,54.9953,8.6328,26.1555,1.8968,0.0000,0.0000,2.1907,0.0002,0.0000,0.0000,0.0000
5,hasta_001,1780004459.528,2026-05-29 00:40:59,203,NORMAL,73.1,58.5116,64.7564,10.1321,27.2090,0.5892,57.2027,55.1788,8.6816,26.1708,1.8979,0.0000,0.0000,2.1869,0.0002,0.0000,0.0000,0.0000
5,hasta_001,1780004459.589,2026-05-29 00:40:59,204,NORMAL,73.1,58.4979,64.5877,9.8952,26.7165,0.5547,57.3182,55.3623,8.7248,26.1812,1.8974,0.0000,0.0000,2.1830,0.0002,0.0000,0.0000,0.0000
5,hasta_001,1780004459.650,2026-05-29 00:40:59,205,NORMAL,73.1,58.5527,63.9067,8.7440,26.3335,0.5506,57.4341,55.5412,8.7552,26.1879,1.8965,0.0000,0.0000,2.1792,0.0002,0.0000,0.0000,0.0000
5,hasta_001,1780004459.693,2026-05-29 00:40:59,206,NORMAL,73.1,58.5708,63.1805,7.5723,26.0644,0.5657,57.5500,55.7161,8.7709,26.1913,1.8959,0.0000,0.0000,2.1758,0.0001,0.0000,0.0000,0.0000
5,hasta_001,1780004459.732,2026-05-29 00:40:59,207,NORMAL,73.1,58.4407,62.1633,6.1733,25.7564,0.6043,57.6638,55.8832,8.7711,26.1910,1.8960,0.0000,0.0000,2.1732,0.0001,0.0000,0.0000,0.0000
5,hasta_001,1780004459.800,2026-05-29 00:40:59,208,NORMAL,73.1,58.0415,60.4547,4.0730,25.2901,0.6846,57.7728,56.0357,8.7514,26.1858,1.8976,0.0000,0.0000,2.1714,0.0000,0.0000,0.0000,0.0000
5,hasta_001,1780004459.869,2026-05-29 00:40:59,209,NORMAL,73.6,57.7258,59.0175,2.2129,24.8645,0.7680,57.8777,56.1769,8.7110,26.1757,1.9014,0.0000,0.0000,2.1704,0.0001,0.0000,0.0000,0.0000
5,hasta_001,1780004459.920,2026-05-29 00:40:59,210,NORMAL,73.6,57.4341,57.9378,0.8732,24.5793,0.8489,57.9787,56.3094,8.6559,26.1625,1.9069,0.0000,0.0000,2.1700,0.0002,0.0000,0.0000,0.0000
5,hasta_001,1780004459.970,2026-05-29 00:40:59,211,NORMAL,73.6,57.0228,56.9121,0.1944,24.3097,0.9257,58.0742,56.4321,8.5934,26.1467,1.9143,0.0000,0.0000,2.1701,0.0002,0.0000,0.0000,0.0000
5,hasta_001,1780004460.013,2026-05-29 00:41:00,212,NORMAL,73.6,56.6999,56.0313,1.1862,24.0375,0.9942,58.1654,56.5470,8.5369,26.1281,1.9239,0.0000,0.0000,2.1706,0.0003,0.0000,0.0000,0.0000
5,hasta_001,1780004460.081,2026-05-29 00:41:00,213,NORMAL,73.6,56.2767,54.9562,2.3743,23.6553,1.0946,58.2515,56.6524,8.4878,26.1057,1.9368,0.0000,0.0000,2.1718,0.0004,0.0000,0.0000,0.0000
5,hasta_001,1780004460.132,2026-05-29 00:41:00,214,NORMAL,73.6,55.9814,54.2728,3.0993,23.3479,1.1778,58.3339,56.7514,8.4442,26.0805,1.9528,0.0000,0.0000,2.1734,0.0004,0.0000,0.0000,0.0000
5,hasta_001,1780004460.192,2026-05-29 00:41:00,215,NORMAL,73.1,55.6348,53.6396,3.6517,22.9794,1.2727,58.4128,56.8448,8.4043,26.0518,1.9728,0.0000,0.0000,2.1755,0.0005,0.0000,0.0000,0.0000
5,hasta_001,1780004460.252,2026-05-29 00:41:00,216,NORMAL,72.1,55.3407,53.1699,4.0011,22.6137,1.3736,58.4891,56.9349,8.3657,26.0195,1.9969,0.0000,0.0000,2.1781,0.0005,0.0000,0.0000,0.0000
5,hasta_001,1780004460.302,2026-05-29 00:41:00,217,NORMAL,72.1,55.1017,52.9317,4.0173,22.2877,1.4637,58.5632,57.0232,8.3263,25.9842,2.0249,0.0000,0.0000,2.1814,0.0006,0.0000,0.0000,0.0000
5,hasta_001,1780004460.354,2026-05-29 00:41:00,218,NORMAL,72.1,54.9075,52.6677,4.1642,22.0007,1.5753,58.6365,57.1092,8.2898,25.9455,2.0561,0.0000,0.0000,2.1853,0.0006,0.0000,0.0000,0.0000
5,hasta_001,1780004460.419,2026-05-29 00:41:00,219,NORMAL,72.1,54.6521,52.3813,4.2432,21.6692,1.7259,58.7102,57.1938,8.2575,25.9019,2.0905,0.0000,0.0000,2.1896,0.0006,0.0000,0.0000,0.0000
5,hasta_001,1780004460.477,2026-05-29 00:41:00,220,NORMAL,72.1,54.3988,52.1312,4.2573,21.3946,1.8797,58.7845,57.2771,8.2294,25.8542,2.1272,0.0000,0.0000,2.1940,0.0007,0.0000,0.0000,0.0000
5,hasta_001,1780004460.516,2026-05-29 00:41:00,221,NORMAL,72.1,54.2574,51.9905,4.2673,21.1626,1.9694,58.8626,57.3615,8.2067,25.8030,2.1652,0.0000,0.0000,2.1966,0.0007,0.0000,0.0000,0.0000
5,hasta_001,1780004460.572,2026-05-29 00:41:00,222,NORMAL,72.1,54.0614,51.8754,4.1270,20.7660,2.0124,58.9452,57.4495,8.1860,25.7471,2.2076,0.0000,0.0000,2.1972,0.0008,0.0000,0.0000,0.0000
5,hasta_001,1780004460.640,2026-05-29 00:41:00,223,NORMAL,72.1,53.7597,51.7345,3.8396,20.3619,2.0492,59.0312,57.5412,8.1643,25.6872,2.2548,0.0000,0.0000,2.1980,0.0008,0.0000,0.0000,0.0000
5,hasta_001,1780004460.700,2026-05-29 00:41:00,224,NORMAL,72.6,53.5320,51.6935,3.4944,19.9777,2.0072,59.1235,57.6377,8.1463,25.6233,2.3065,0.0000,0.0000,2.1992,0.0008,0.0000,0.0000,0.0000
5,hasta_001,1780004460.751,2026-05-29 00:41:00,225,NORMAL,72.6,53.3290,51.6954,3.1110,19.6416,1.9364,59.2215,57.7374,8.1342,25.5563,2.3618,0.0000,0.0000,2.2000,0.0008,0.0000,0.0000,0.0000
5,hasta_001,1780004460.805,2026-05-29 00:41:00,226,NORMAL,72.6,53.1206,51.6803,2.7486,19.3272,1.7593,59.3225,57.8378,8.1291,25.4866,2.4205,0.0000,0.0000,2.1984,0.0009,0.0000,0.0000,0.0000
5,hasta_001,1780004460.871,2026-05-29 00:41:00,227,NORMAL,72.6,52.9099,51.6954,2.3222,19.0716,1.5461,59.4277,57.9405,8.1293,25.4153,2.4817,0.0000,0.0000,2.1926,0.0009,0.0000,0.0000,0.0000
5,hasta_001,1780004460.919,2026-05-29 00:41:00,228,NORMAL,73.1,52.8319,51.7835,2.0042,18.9281,1.3012,59.5374,58.0465,8.1332,25.3436,2.5430,0.0000,0.0000,2.1826,0.0009,0.0000,0.0000,0.0000
5,hasta_001,1780004460.971,2026-05-29 00:41:00,229,NORMAL,73.6,52.7483,51.9061,1.6096,18.8400,0.9959,59.6492,58.1552,8.1366,25.2720,2.6034,0.0000,0.0000,2.1692,0.0009,0.0000,0.0000,0.0000
5,hasta_001,1780004461.023,2026-05-29 00:41:01,230,NORMAL,73.6,52.6710,52.0606,1.1656,18.9197,0.7872,59.7610,58.2669,8.1335,25.2024,2.6601,0.0000,0.0000,2.1536,0.0009,0.0000,0.0000,0.0000
5,hasta_001,1780004461.089,2026-05-29 00:41:01,231,NORMAL,73.6,52.8615,52.3523,0.9680,19.0887,0.8072,59.8727,58.3818,8.1224,25.1354,2.7115,0.0000,0.0000,2.1371,0.0009,0.0000,0.0000,0.0000
5,hasta_001,1780004461.150,2026-05-29 00:41:01,232,NORMAL,73.6,53.1582,52.7060,0.8543,19.2448,0.9605,59.9830,58.4999,8.0998,25.0707,2.7582,0.0000,0.0000,2.1204,0.0009,0.0000,0.0000,0.0000
5,hasta_001,1780004461.203,2026-05-29 00:41:01,233,NORMAL,73.6,53.5212,53.1062,0.7785,19.3614,1.1053,60.0893,58.6185,8.0670,25.0080,2.8014,0.0000,0.0000,2.1033,0.0008,0.0000,0.0000,0.0000
5,hasta_001,1780004461.249,2026-05-29 00:41:01,234,NORMAL,68.6,54.0056,53.5447,0.8571,19.4439,1.2343,60.1911,58.7357,8.0268,24.9472,2.8421,0.0000,0.0000,2.0852,0.0008,0.5000,0.0000,0.0000
5,hasta_001,1780004461.303,2026-05-29 00:41:01,235,NORMAL,68.1,54.6126,54.4070,0.3772,19.4584,1.3353,60.2866,58.8528,7.9740,24.8883,2.8816,0.0000,0.0000,2.0662,0.0008,0.5000,0.0000,0.0000
5,hasta_001,1780004461.354,2026-05-29 00:41:01,236,NORMAL,68.1,55.5295,55.1754,0.6398,19.4795,1.4033,60.3752,58.9663,7.9148,24.8311,2.9201,0.0000,0.0000,2.0461,0.0007,0.5000,0.0000,0.0000
5,hasta_001,1780004461.399,2026-05-29 00:41:01,237,NORMAL,68.1,56.2411,55.8724,0.6577,19.4969,1.4415,60.4551,59.0734,7.8529,24.7757,2.9575,0.0000,0.0000,2.0254,0.0007,0.5000,0.0000,0.0000
5,hasta_001,1780004461.453,2026-05-29 00:41:01,238,NORMAL,72.6,56.8292,56.9460,0.2053,19.5207,1.4619,60.5236,59.1755,7.7847,24.7225,2.9939,0.0000,0.0000,2.0039,0.0006,0.0000,0.0000,0.0000
5,hasta_001,1780004461.518,2026-05-29 00:41:01,239,NORMAL,72.6,57.1170,57.6280,0.8907,19.5166,1.3791,60.5802,59.2701,7.7222,24.6716,3.0298,0.0000,0.0000,1.9810,0.0006,0.0000,0.0000,0.0000
5,hasta_001,1780004461.566,2026-05-29 00:41:01,240,NORMAL,73.1,57.3382,57.8634,0.9117,19.4754,1.2543,60.6268,59.3549,7.6619,24.6226,3.0657,0.0000,0.0000,1.9568,0.0006,0.0000,0.0000,0.0000
5,hasta_001,1780004461.627,2026-05-29 00:41:01,241,NORMAL,73.6,57.4223,57.8142,0.6802,19.4149,1.0421,60.6659,59.4306,7.6018,24.5751,3.1016,0.0000,0.0000,1.9313,0.0006,0.0000,0.0000,0.0000
5,hasta_001,1780004461.727,2026-05-29 00:41:01,242,NORMAL,73.6,57.4399,57.5175,0.1350,19.3215,0.7171,60.6986,59.4950,7.5427,24.5284,3.1380,0.0000,0.0000,1.9040,0.0005,0.0000,0.0000,0.0000
5,hasta_001,1780004461.820,2026-05-29 00:41:01,243,NORMAL,73.6,57.4251,57.2455,0.3133,19.3212,0.4598,60.7252,59.5486,7.4912,24.4828,3.1734,0.0000,0.0000,1.8761,0.0005,0.0000,0.0000,0.0000
5,hasta_001,1780004461.886,2026-05-29 00:41:01,244,NORMAL,73.6,57.4317,57.0798,0.6146,19.2807,0.3823,60.7465,59.5938,7.4458,24.4377,3.2083,0.0000,0.0000,1.8500,0.0005,0.0000,0.0000,0.0000
5,hasta_001,1780004461.937,2026-05-29 00:41:01,245,NORMAL,73.6,57.4490,57.0069,0.7726,19.2541,0.4168,60.7630,59.6327,7.4039,24.3927,3.2427,0.0000,0.0000,1.8275,0.0005,0.0000,0.0000,0.0000
5,hasta_001,1780004461.986,2026-05-29 00:41:01,246,NORMAL,73.6,57.5267,57.0033,0.9141,19.2222,0.4648,60.7758,59.6665,7.3651,24.3463,3.2763,0.0000,0.0000,1.8102,0.0005,0.0000,0.0000,0.0000
5,hasta_001,1780004462.038,2026-05-29 00:41:02,247,NORMAL,73.6,57.5555,56.9621,1.0364,19.1984,0.6043,60.7837,59.6943,7.3285,24.2972,3.3088,0.0000,0.0000,1.7974,0.0005,0.0000,0.0000,0.0000
5,hasta_001,1780004462.105,2026-05-29 00:41:02,248,NORMAL,73.6,57.5893,56.9357,1.1414,19.1815,0.8440,60.7889,59.7182,7.2946,24.2450,3.3395,0.0000,0.0000,1.7882,0.0005,0.0000,0.0000,0.0000
5,hasta_001,1780004462.165,2026-05-29 00:41:02,249,NORMAL,73.6,57.7649,57.0841,1.1855,19.1880,1.0377,60.7912,59.7386,7.2621,24.1888,3.3673,0.0000,0.0000,1.7828,0.0005,0.0000,0.0000,0.0000
5,hasta_001,1780004462.215,2026-05-29 00:41:02,250,NORMAL,73.6,58.0423,57.3580,1.1859,19.1963,1.1643,60.7934,59.7596,7.2284,24.1300,3.3922,0.0000,0.0000,1.7801,0.0006,0.0000,0.0000,0.0000
5,hasta_001,1780004462.258,2026-05-29 00:41:02,251,NORMAL,73.1,58.2560,57.5431,1.2312,19.1970,1.2376,60.7958,59.7788,7.1983,24.0686,3.4142,0.0000,0.0000,1.7794,0.0006,0.0000,0.0000,0.0000
5,hasta_001,1780004462.310,2026-05-29 00:41:02,252,NORMAL,72.6,58.4753,57.8206,1.1261,19.1972,1.3160,60.7974,59.7976,7.1681,24.0054,3.4335,0.0000,0.0000,1.7810,0.0006,0.0000,0.0000,0.0000
5,hasta_001,1780004462.381,2026-05-29 00:41:02,253,NORMAL,72.6,58.6836,58.1219,0.9618,19.1606,1.4462,60.7994,59.8140,7.1428,23.9407,3.4510,0.0000,0.0000,1.7853,0.0006,0.0000,0.0000,0.0000
5,hasta_001,1780004462.426,2026-05-29 00:41:02,254,NORMAL,72.6,58.6307,58.0995,0.9102,19.1240,1.5406,60.8004,59.8261,7.1234,23.8749,3.4669,0.0000,0.0000,1.7921,0.0006,0.0000,0.0000,0.0000
5,hasta_001,1780004462.481,2026-05-29 00:41:02,255,NORMAL,72.6,58.5731,58.0394,0.9154,19.0269,1.6645,60.8011,59.8349,7.1092,23.8078,3.4821,0.0000,0.0000,1.8009,0.0006,0.0000,0.0000,0.0000
5,hasta_001,1780004462.543,2026-05-29 00:41:02,256,NORMAL,72.6,58.4150,57.9342,0.8266,18.8581,1.7975,60.8011,59.8402,7.1002,23.7382,3.4970,0.0000,0.0000,1.8109,0.0006,0.0000,0.0000,0.0000
5,hasta_001,1780004462.585,2026-05-29 00:41:02,257,NORMAL,72.6,58.3737,57.8699,0.8667,18.7336,1.8645,60.8018,59.8434,7.0957,23.6669,3.5110,0.0000,0.0000,1.8208,0.0006,0.0000,0.0000,0.0000
5,hasta_001,1780004462.629,2026-05-29 00:41:02,258,NORMAL,72.6,58.3410,57.7481,1.0215,18.5992,1.8984,60.8007,59.8424,7.0955,23.5942,3.5248,0.0000,0.0000,1.8296,0.0006,0.0000,0.0000,0.0000
5,hasta_001,1780004462.683,2026-05-29 00:41:02,259,NORMAL,72.6,58.3970,57.6798,1.2357,18.4515,1.8630,60.7974,59.8359,7.1012,23.5200,3.5385,0.0000,0.0000,1.8363,0.0005,0.0000,0.0000,0.0000
5,hasta_001,1780004462.746,2026-05-29 00:41:02,260,NORMAL,72.6,58.3924,57.5935,1.3776,18.2809,1.7783,60.7896,59.8202,7.1106,23.4441,3.5524,0.0000,0.0000,1.8397,0.0005,0.0000,0.0000,0.0000
5,hasta_001,1780004462.801,2026-05-29 00:41:02,261,NORMAL,72.6,58.3300,57.5634,1.3229,18.1250,1.6603,60.7756,59.7948,7.1133,23.3668,3.5663,0.0000,0.0000,1.8391,0.0005,0.0000,0.0000,0.0000
5,hasta_001,1780004462.864,2026-05-29 00:41:02,262,NORMAL,72.6,58.3091,57.6964,1.0563,17.9700,1.5618,60.7543,59.7709,7.1179,23.2885,3.5808,0.0000,0.0000,1.8335,0.0005,0.0000,0.0000,0.0000
5,hasta_001,1780004462.921,2026-05-29 00:41:02,263,NORMAL,72.6,58.2068,57.8757,0.5705,17.8347,1.5004,60.7256,59.7703,7.0710,23.2094,3.5955,0.0000,0.0000,1.8239,0.0005,0.0000,0.0000,0.0000
5,hasta_001,1780004462.965,2026-05-29 00:41:02,264,NORMAL,72.6,58.1808,57.9392,0.4162,17.7060,1.4768,60.6905,59.8079,6.9454,23.1298,3.6107,0.0000,0.0000,1.8113,0.0005,0.0000,0.0000,0.0000
5,hasta_001,1780004463.015,2026-05-29 00:41:03,265,NORMAL,72.6,58.1642,58.0401,0.2135,17.5980,1.4576,60.6506,59.8820,6.7422,23.0500,3.6262,0.0000,0.0000,1.7958,0.0006,0.0000,0.0000,0.0000
5,hasta_001,1780004463.057,2026-05-29 00:41:03,266,NORMAL,72.6,58.1729,58.2264,0.0919,17.4778,1.4264,60.6082,59.9796,6.4885,22.9698,3.6421,0.0000,0.0000,1.7783,0.0005,0.0000,0.0000,0.0000
5,hasta_001,1780004463.101,2026-05-29 00:41:03,267,NORMAL,72.6,58.1379,58.3807,0.4167,17.3937,1.3703,60.5639,60.0905,6.2096,22.8897,3.6581,0.0000,0.0000,1.7589,0.0005,0.0000,0.0000,0.0000
5,hasta_001,1780004463.150,2026-05-29 00:41:03,268,NORMAL,73.1,58.0341,58.4875,0.7783,17.2725,1.2529,60.5170,60.2076,5.9197,22.8094,3.6748,0.0000,0.0000,1.7372,0.0005,0.0000,0.0000,0.0000
5,hasta_001,1780004463.203,2026-05-29 00:41:03,269,NORMAL,73.6,57.9336,58.5885,1.1241,17.1536,1.0656,60.4666,60.3267,5.6261,22.7296,3.6927,0.0000,0.0000,1.7132,0.0005,0.0000,0.0000,0.0000
5,hasta_001,1780004463.242,2026-05-29 00:41:03,270,NORMAL,73.6,57.8530,58.6111,1.3018,17.0647,0.8804,60.4126,60.4438,5.3344,22.6509,3.7119,0.0000,0.0000,1.6870,0.0005,0.0000,0.0000,0.0000
5,hasta_001,1780004463.301,2026-05-29 00:41:03,271,NORMAL,73.6,57.7753,58.5801,1.3833,16.9640,0.6991,60.3548,60.5542,5.0523,22.5732,3.7325,0.0000,0.0000,1.6594,0.0005,0.0000,0.0000,0.0000
5,hasta_001,1780004463.356,2026-05-29 00:41:03,272,NORMAL,73.6,57.7444,58.5826,1.4412,16.9038,0.6884,60.2940,60.6568,4.7834,22.4966,3.7537,0.0000,0.0000,1.6321,0.0005,0.0000,0.0000,0.0000
5,hasta_001,1780004463.424,2026-05-29 00:41:03,273,NORMAL,73.6,57.6710,58.5687,1.5446,16.8902,0.7968,60.2295,60.7456,4.5388,22.4218,3.7752,0.0000,0.0000,1.6066,0.0005,0.0000,0.0000,0.0000
5,hasta_001,1780004463.460,2026-05-29 00:41:03,274,NORMAL,73.6,57.5852,58.5724,1.6998,16.8774,0.9196,60.1611,60.8200,4.3200,22.3489,3.7970,0.0000,0.0000,1.5833,0.0005,0.0000,0.0000,0.0000
5,hasta_001,1780004463.520,2026-05-29 00:41:03,275,NORMAL,73.6,57.3361,58.5208,2.0451,16.8537,1.1565,60.0878,60.8801,4.1266,22.2768,3.8185,0.0000,0.0000,1.5631,0.0005,0.0000,0.0000,0.0000
5,hasta_001,1780004463.583,2026-05-29 00:41:03,276,NORMAL,72.6,57.1002,58.4062,2.2613,16.8508,1.4032,60.0080,60.9201,3.9642,22.2065,3.8400,0.0000,0.0000,1.5469,0.0004,0.0000,0.0000,0.0000
5,hasta_001,1780004463.643,2026-05-29 00:41:03,277,NORMAL,72.6,56.9009,58.2715,2.3800,16.8734,1.6243,59.9196,60.9340,3.8377,22.1391,3.8620,0.0000,0.0000,1.5353,0.0005,0.0000,0.0000,0.0000
5,hasta_001,1780004463.698,2026-05-29 00:41:03,278,NORMAL,72.6,56.7585,58.1364,2.3985,16.9358,1.7960,59.8243,60.9266,3.7375,22.0747,3.8837,0.0000,0.0000,1.5277,0.0005,0.0000,0.0000,0.0000
5,hasta_001,1780004463.749,2026-05-29 00:41:03,279,NORMAL,72.6,56.7111,58.0325,2.3032,17.0722,1.9057,59.7207,60.8948,3.6639,22.0152,3.9051,0.0000,0.0000,1.5250,0.0006,0.0000,0.0000,0.0000
5,hasta_001,1780004463.802,2026-05-29 00:41:03,280,NORMAL,72.6,56.6642,57.9337,2.2155,17.2554,1.9685,59.6104,60.8444,3.6087,21.9603,3.9253,0.0000,0.0000,1.5261,0.0006,0.0000,0.0000,0.0000
5,hasta_001,1780004463.859,2026-05-29 00:41:03,281,NORMAL,72.6,56.6834,57.8414,2.0224,17.4609,1.9828,59.4963,60.7803,3.5662,21.9092,3.9436,0.0000,0.0000,1.5297,0.0007,0.0000,0.0000,0.0000
5,hasta_001,1780004463.914,2026-05-29 00:41:03,282,NORMAL,72.6,56.7291,57.7099,1.7142,17.6678,1.9533,59.3785,60.7000,3.5380,21.8618,3.9601,0.0000,0.0000,1.5361,0.0008,0.0000,0.0000,0.0000
5,hasta_001,1780004463.955,2026-05-29 00:41:03,283,NORMAL,72.6,56.7760,57.6533,1.5334,17.8041,1.9158,59.2565,60.6054,3.5221,21.8173,3.9754,0.0000,0.0000,1.5449,0.0009,0.0000,0.0000,0.0000
5,hasta_001,1780004463.984,2026-05-29 00:41:03,284,NORMAL,72.6,56.8086,57.6291,1.4339,17.8880,1.8837,59.1319,60.5004,3.5162,21.7741,3.9896,0.0000,0.0000,1.5552,0.0010,0.0000,0.0000,0.0000
5,hasta_001,1780004464.016,2026-05-29 00:41:04,285,NORMAL,72.6,56.8759,57.6575,1.3649,17.9689,1.8565,59.0075,60.3895,3.5177,21.7317,4.0028,0.0000,0.0000,1.5658,0.0011,0.0000,0.0000,0.0000
5,hasta_001,1780004464.047,2026-05-29 00:41:04,286,NORMAL,72.6,56.9389,57.7136,1.3513,18.0311,1.8381,58.8842,60.2737,3.5276,21.6902,4.0151,0.0000,0.0000,1.5762,0.0011,0.0000,0.0000,0.0000
5,hasta_001,1780004464.078,2026-05-29 00:41:04,287,NORMAL,72.6,56.9968,57.7702,1.3478,18.0835,1.8174,58.7618,60.1552,3.5353,21.6496,4.0267,0.0000,0.0000,1.5863,0.0012,0.0000,0.0000,0.0000
5,hasta_001,1780004464.128,2026-05-29 00:41:04,288,NORMAL,72.6,57.0732,57.9096,1.4548,18.1362,1.8076,58.6413,60.0358,3.5393,21.6103,4.0378,0.0000,0.0000,1.5954,0.0013,0.0000,0.0000,0.0000
5,hasta_001,1780004464.178,2026-05-29 00:41:04,289,NORMAL,72.6,57.1803,58.0980,1.5921,18.1758,1.7929,58.5236,59.9172,3.5407,21.5719,4.0484,0.0000,0.0000,1.6033,0.0013,0.0000,0.0000,0.0000
5,hasta_001,1780004464.246,2026-05-29 00:41:04,290,NORMAL,72.6,57.3961,58.3748,1.6906,18.2073,1.6936,58.4096,59.8008,3.5400,21.5342,4.0584,0.0000,0.0000,1.6089,0.0012,0.0000,0.0000,0.0000
5,hasta_001,1780004464.290,2026-05-29 00:41:04,291,NORMAL,72.6,57.5381,58.5671,1.7725,18.2182,1.5743,58.2994,59.6863,3.5368,21.4967,4.0681,0.0000,0.0000,1.6115,0.0012,0.0000,0.0000,0.0000
5,hasta_001,1780004464.344,2026-05-29 00:41:04,292,NORMAL,72.6,57.6683,58.7742,1.8995,18.2055,1.3475,58.1954,59.5748,3.5291,21.4590,4.0775,0.0000,0.0000,1.6079,0.0012,0.0000,0.0000,0.0000
5,hasta_001,1780004464.406,2026-05-29 00:41:04,293,NORMAL,73.6,57.7811,58.9875,2.0664,18.1724,0.9864,58.0962,59.4651,3.5173,21.4214,4.0868,0.0000,0.0000,1.5977,0.0012,0.0000,0.0000,0.0000
5,hasta_001,1780004464.471,2026-05-29 00:41:04,294,NORMAL,73.6,57.8042,59.2137,2.4091,18.1251,0.8377,58.0013,59.3572,3.5024,21.3837,4.0961,0.0000,0.0000,1.5823,0.0012,0.0000,0.0000,0.0000
5,hasta_001,1780004464.529,2026-05-29 00:41:04,295,NORMAL,73.6,57.7246,59.4163,2.8883,18.0318,0.9272,57.9092,59.2519,3.4877,21.3451,4.1057,0.0000,0.0000,1.5650,0.0011,0.0000,0.0000,0.0000
5,hasta_001,1780004464.587,2026-05-29 00:41:04,296,NORMAL,73.6,57.6710,59.6697,3.4066,17.9349,1.2052,57.8206,59.1496,3.4728,21.3052,4.1154,0.0000,0.0000,1.5473,0.0011,0.0000,0.0000,0.0000
5,hasta_001,1780004464.631,2026-05-29 00:41:04,297,NORMAL,72.1,57.6238,59.9275,3.9194,17.8562,1.5396,57.7366,59.0515,3.4578,21.2628,4.1245,0.0000,0.0000,1.5299,0.0011,0.0000,0.0000,0.0000
5,hasta_001,1780004464.686,2026-05-29 00:41:04,298,NORMAL,72.1,57.5250,60.2304,4.5950,17.7582,2.0376,57.6568,58.9585,3.4443,21.2166,4.1324,0.0000,0.0000,1.5146,0.0011,0.0000,0.0000,0.0000
5,hasta_001,1780004464.745,2026-05-29 00:41:04,299,NORMAL,72.6,57.4100,60.5960,5.3997,17.6315,2.6096,57.5801,58.8711,3.4352,21.1670,4.1394,0.0000,0.0000,1.5029,0.0011,0.0000,0.0000,0.0000
5,hasta_001,1780004464.806,2026-05-29 00:41:04,300,NORMAL,72.6,57.2693,60.9089,6.1595,17.4774,3.2359,57.5084,58.7906,3.4291,21.1117,4.1440,0.0000,0.0000,1.4958,0.0011,0.0000,0.0000,0.0000
5,hasta_001,1780004464.871,2026-05-29 00:41:04,301,NORMAL,72.6,57.1457,61.1706,6.8037,17.3528,3.8800,57.4411,58.7162,3.4259,21.0518,4.1459,0.0000,0.0000,1.4942,0.0011,0.0000,0.0000,0.0000
5,hasta_001,1780004464.904,2026-05-29 00:41:04,302,NORMAL,72.6,57.1112,61.3599,7.1726,17.2811,4.2365,57.3786,58.6472,3.4232,20.9871,4.1437,0.0000,0.0000,1.4961,0.0011,0.0000,0.0000,0.0000
5,hasta_001,1780004464.949,2026-05-29 00:41:04,303,NORMAL,72.0,57.1340,61.6622,7.6235,17.1949,4.6789,57.3221,58.5856,3.4222,20.9174,4.1366,0.0000,0.0000,1.5029,0.0010,0.0000,0.0000,0.0000
5,hasta_001,1780004464.995,2026-05-29 00:41:04,304,NORMAL,72.0,57.2115,61.9490,7.9516,17.1005,5.0713,57.2722,58.5318,3.4225,20.8406,4.1212,0.0000,0.0000,1.5151,0.0010,0.0000,0.0000,0.0000
5,hasta_001,1780004465.032,2026-05-29 00:41:05,305,NORMAL,72.0,57.3517,62.1508,8.0319,17.0077,5.3924,57.2277,58.4836,3.4226,20.7595,4.1000,0.0000,0.0000,1.5319,0.0009,0.0000,0.0000,0.0000
5,hasta_001,1780004465.072,2026-05-29 00:41:05,306,NORMAL,72.0,57.5850,62.3389,7.9281,16.9052,5.7188,57.1902,58.4417,3.4208,20.6723,4.0697,0.0000,0.0000,1.5541,0.0009,0.0000,0.0000,0.0000
5,hasta_001,1780004465.120,2026-05-29 00:41:05,307,NORMAL,71.5,57.8392,62.5319,7.7970,16.8143,6.1091,57.1583,58.4050,3.4174,20.5795,4.0294,0.0000,0.0000,1.5824,0.0009,0.0000,0.0000,0.0000
5,hasta_001,1780004465.187,2026-05-29 00:41:05,308,NORMAL,65.7,58.2083,62.7665,7.5359,16.6785,6.5570,57.1337,58.3740,3.4108,20.4808,3.9783,0.0000,0.0000,1.6181,0.0009,0.0000,0.0000,0.0000
5,hasta_001,1780004465.260,2026-05-29 00:41:05,309,NORMAL,65.2,58.7436,62.8118,6.6935,16.5548,6.9499,57.1175,58.3469,3.3958,20.3776,3.9178,0.0000,0.0000,1.6617,0.0009,0.0000,0.0000,0.0000
5,hasta_001,1780004465.323,2026-05-29 00:41:05,310,NORMAL,65.2,59.1723,62.7619,5.8878,16.3967,7.2059,57.1082,58.3218,3.3723,20.2707,3.8492,0.0000,0.0000,1.7095,0.0009,0.0000,0.0000,0.0000
5,hasta_001,1780004465.400,2026-05-29 00:41:05,311,NORMAL,65.2,59.6602,62.7013,4.9708,16.2910,7.4190,57.1061,58.2979,3.3386,20.1600,3.7702,0.0000,0.0000,1.7599,0.0009,0.0000,0.0000,0.0000
5,hasta_001,1780004465.481,2026-05-29 00:41:05,312,NORMAL,65.2,60.1350,62.7863,4.3138,16.2778,7.5057,57.1105,58.2758,3.2969,20.0460,3.6780,0.0000,0.0000,1.8104,0.0009,0.0000,0.0000,0.0000
5,hasta_001,1780004465.564,2026-05-29 00:41:05,313,NORMAL,65.2,60.5694,63.2192,4.2812,16.4119,7.4753,57.1197,58.2574,3.2530,19.9316,3.5743,0.0000,0.0000,1.8596,0.0009,0.0000,0.0000,0.0000
5,hasta_001,1780004465.630,2026-05-29 00:41:05,314,NORMAL,65.2,60.8680,63.9792,4.9841,16.7095,7.3992,57.1324,58.2450,3.2128,19.8192,3.4601,0.0000,0.0000,1.9068,0.0010,0.0000,0.0000,0.0000
5,hasta_001,1780004465.686,2026-05-29 00:41:05,315,NORMAL,65.2,60.9717,64.9554,6.3269,17.1730,7.3360,57.1470,58.2411,3.1824,19.7109,3.3355,0.0000,0.0000,1.9530,0.0010,0.0000,0.0000,0.0000
5,hasta_001,1780004465.733,2026-05-29 00:41:05,316,NORMAL,65.2,60.9955,65.9719,7.8389,17.6695,7.2931,57.1625,58.2456,3.1635,19.6078,3.2032,0.0000,0.0000,1.9986,0.0011,0.0000,0.0000,0.0000
5,hasta_001,1780004465.779,2026-05-29 00:41:05,317,NORMAL,65.2,60.9465,67.1132,9.6310,18.1972,7.2754,57.1784,58.2598,3.1584,19.5118,3.0686,0.0000,0.0000,2.0449,0.0012,0.0000,0.0000,0.0000
5,hasta_001,1780004465.810,2026-05-29 00:41:05,318,NORMAL,65.0,60.8915,67.9628,10.9757,18.5596,7.2873,57.1943,58.2813,3.1643,19.4221,2.9350,0.0000,0.0000,2.0926,0.0012,0.0000,0.0000,0.0000
5,hasta_001,1780004465.861,2026-05-29 00:41:05,319,NORMAL,64.3,60.8480,69.2532,12.9210,19.1419,7.3541,57.2098,58.3138,3.1866,19.3409,2.8038,0.0000,0.0000,2.1426,0.0013,0.0000,0.0000,0.0000
5,hasta_001,1780004465.920,2026-05-29 00:41:05,320,NORMAL,64.3,60.7750,70.3152,14.5552,19.7324,7.4761,57.2255,58.3563,3.2229,19.2692,2.6802,0.0000,0.0000,2.1961,0.0013,0.0000,0.0000,0.0000
5,hasta_001,1780004465.965,2026-05-29 00:41:05,321,NORMAL,63.3,60.7148,70.8618,15.4236,19.9533,7.6591,57.2416,58.4043,3.2663,19.2026,2.5602,0.0000,0.0000,2.2529,0.0013,0.0000,0.0000,0.0000
5,hasta_001,1780004466.010,2026-05-29 00:41:06,322,NORMAL,60.4,60.6404,71.2180,16.0439,20.0655,7.9613,57.2581,58.4565,3.3152,19.1398,2.4432,0.0000,0.0000,2.3136,0.0012,0.0000,0.0000,0.0000
5,hasta_001,1780004466.050,2026-05-29 00:41:06,323,NORMAL,60.4,60.5918,71.3607,16.3223,20.1385,8.3409,57.2754,58.5115,3.3668,19.0809,2.3306,0.0000,0.0000,2.3782,0.0012,0.0000,0.0000,0.0000
5,hasta_001,1780004466.093,2026-05-29 00:41:06,324,NORMAL,59.8,60.5436,71.4167,16.4792,20.2152,8.8304,57.2925,58.5684,3.4217,19.0267,2.2257,0.0000,0.0000,2.4472,0.0010,0.0000,0.0000,0.0000
5,hasta_001,1780004466.156,2026-05-29 00:41:06,325,NORMAL,56.8,60.4848,71.3921,16.5417,20.3416,9.5589,57.3086,58.6308,3.4866,18.9768,2.1262,0.0000,0.0000,2.5222,0.0009,0.0000,0.0000,0.0000
5,hasta_001,1780004466.197,2026-05-29 00:41:06,326,NORMAL,56.4,60.5257,71.3119,16.3629,20.4724,10.0853,57.3249,58.6985,3.5599,18.9302,2.0294,0.0000,0.0000,2.6016,0.0008,0.0000,0.0000,0.0000
5,hasta_001,1780004466.228,2026-05-29 00:41:06,327,NORMAL,56.4,60.5185,71.2003,16.2192,20.6438,10.5059,57.3422,58.7739,3.6436,18.8876,1.9372,0.0000,0.0000,2.6841,0.0008,0.0000,0.0000,0.0000
5,hasta_001,1780004466.283,2026-05-29 00:41:06,328,NORMAL,55.0,60.5901,71.0425,15.8811,20.9347,11.1618,57.3634,58.8621,3.7420,18.8513,1.8560,0.0000,0.0000,2.7714,0.0005,0.0000,0.0000,0.0000
5,hasta_001,1780004466.341,2026-05-29 00:41:06,329,NORMAL,55.3,60.6819,70.8668,15.4847,21.3476,11.7088,57.3881,58.9608,3.8526,18.8220,1.7873,0.0000,0.0000,2.8625,0.0004,0.0000,0.0000,0.0000
5,hasta_001,1780004466.381,2026-05-29 00:41:06,330,NORMAL,55.3,60.8052,70.7930,15.1793,21.6510,12.0564,57.4162,59.0680,3.9718,18.7976,1.7276,0.0000,0.0000,2.9559,0.0001,0.0000,0.0000,0.0000
5,hasta_001,1780004466.428,2026-05-29 00:41:06,331,NORMAL,55.3,60.9922,70.7218,14.7738,21.9689,12.4239,57.4492,59.1830,4.0933,18.7781,1.6777,0.0000,0.0000,3.0518,0.0001,0.0000,0.0000,0.0000
5,hasta_001,1780004466.473,2026-05-29 00:41:06,332,NORMAL,55.3,61.1333,70.6142,14.3925,22.2677,12.7459,57.4862,59.3046,4.2034,18.7633,1.6387,0.0000,0.0000,3.1497,0.0002,0.0000,0.0000,0.0000
5,hasta_001,1780004466.520,2026-05-29 00:41:06,333,NORMAL,55.3,61.2512,70.5161,14.0625,22.6729,12.9944,57.5276,59.4342,4.3008,18.7551,1.6166,0.0000,0.0000,3.2489,0.0004,0.0000,0.0000,0.0000
5,hasta_001,1780004466.570,2026-05-29 00:41:06,334,NORMAL,55.3,61.3374,70.4284,13.7987,23.1151,13.1555,57.5723,59.5689,4.3899,18.7532,1.6112,0.0000,0.0000,3.3487,0.0004,0.0000,0.0000,0.0000
5,hasta_001,1780004466.617,2026-05-29 00:41:06,335,NORMAL,55.3,61.4818,70.3826,13.5000,23.5102,13.3009,57.6210,59.7084,4.4720,18.7576,1.6235,0.0000,0.0000,3.4489,0.0006,0.0000,0.0000,0.0000
5,hasta_001,1780004466.662,2026-05-29 00:41:06,336,NORMAL,55.3,61.5569,70.3361,13.3126,23.9472,13.3385,57.6728,59.8514,4.5496,18.7687,1.6541,0.0000,0.0000,3.5486,0.0006,0.0000,0.0000,0.0000
5,hasta_001,1780004466.709,2026-05-29 00:41:06,337,NORMAL,52.3,61.5868,70.2964,13.2081,24.2922,13.3930,57.7268,59.9961,4.6262,18.7854,1.6991,0.0000,0.0000,3.6480,0.0006,0.5000,0.0000,0.0000
5,hasta_001,1780004466.757,2026-05-29 00:41:06,338,NORMAL,52.3,61.5981,70.2600,13.1382,24.5696,13.4029,57.7826,60.1427,4.7010,18.8068,1.7547,0.0000,0.0000,3.7466,0.0006,0.5000,0.0000,0.0000
5,hasta_001,1780004466.794,2026-05-29 00:41:06,339,NORMAL,52.3,61.6107,70.2127,13.0508,24.8122,13.3925,57.8406,60.2913,4.7744,18.8330,1.8195,0.0000,0.0000,3.8438,0.0006,0.5000,0.0000,0.0000
5,hasta_001,1780004466.824,2026-05-29 00:41:06,340,NORMAL,51.3,61.6596,70.2042,12.9598,24.9795,13.3830,57.9011,60.4419,4.8469,18.8629,1.8894,0.0000,0.0000,3.9397,0.0007,1.0000,0.0000,0.0000
5,hasta_001,1780004466.853,2026-05-29 00:41:06,341,NORMAL,51.3,61.7183,70.2054,12.8667,25.0333,13.3695,57.9633,60.5937,4.9186,18.8952,1.9601,0.0000,0.0000,4.0347,0.0007,1.0000,0.0000,0.0000
5,hasta_001,1780004466.887,2026-05-29 00:41:06,342,NORMAL,51.3,61.7977,70.2150,12.7523,25.0205,13.3523,58.0277,60.7466,4.9904,18.9306,2.0308,0.0000,0.0000,4.1292,0.0007,1.0000,0.0000,0.0000
5,hasta_001,1780004466.946,2026-05-29 00:41:06,343,NORMAL,51.3,61.9360,70.4899,12.9188,24.8865,13.3296,58.0959,60.9029,5.0661,18.9683,2.0979,0.0000,0.0000,4.2232,0.0007,1.0000,0.0000,0.0000
5,hasta_001,1780004466.981,2026-05-29 00:41:06,344,NORMAL,51.3,62.0602,70.8233,13.1891,24.7858,13.3242,58.1669,61.0623,5.1469,19.0084,2.1618,0.0000,0.0000,4.3175,0.0007,1.0000,0.0000,0.0000
5,hasta_001,1780004467.039,2026-05-29 00:41:07,345,NORMAL,51.3,62.2754,71.4986,13.7893,24.5532,13.3306,58.2415,61.2273,5.2359,19.0493,2.2191,0.0000,0.0000,4.4124,0.0006,1.0000,0.0000,0.0000
5,hasta_001,1780004467.090,2026-05-29 00:41:07,346,NORMAL,51.3,62.5299,72.4116,14.6459,24.3210,13.3938,58.3199,61.4001,5.3350,19.0909,2.2702,0.0000,0.0000,4.5094,0.0005,1.0000,0.0000,0.0000
5,hasta_001,1780004467.162,2026-05-29 00:41:07,347,NORMAL,53.9,62.9791,73.9249,15.9905,23.9987,13.5562,58.4038,61.5853,5.4489,19.1320,2.3136,0.0000,0.0000,4.6095,0.0004,1.0000,0.0000,0.0000
5,hasta_001,1780004467.208,2026-05-29 00:41:07,348,NORMAL,53.8,63.5032,75.2181,16.8899,23.7720,13.7392,58.4927,61.7806,5.5730,19.1723,2.3516,0.0000,0.0000,4.7131,0.0003,1.0000,0.0000,0.0000
5,hasta_001,1780004467.257,2026-05-29 00:41:07,349,NORMAL,53.3,64.1287,76.6472,17.7850,23.5237,13.9619,58.5876,61.9868,5.7078,19.2114,2.3844,0.0000,0.0000,4.8212,0.0003,1.0000,0.0000,0.0000
5,hasta_001,1780004467.316,2026-05-29 00:41:07,350,NORMAL,53.2,64.8472,78.2575,18.7419,23.2388,14.2312,58.6890,62.2051,5.8542,19.2474,2.4122,0.0000,0.0000,4.9332,0.0003,1.0000,0.0000,0.0000
5,hasta_001,1780004467.367,2026-05-29 00:41:07,351,NORMAL,52.8,65.3879,79.5881,19.5896,22.9942,14.4421,58.7934,62.4320,6.0094,19.2799,2.4361,0.0000,0.0000,5.0468,0.0003,1.0000,0.0000,0.0000
5,hasta_001,1780004467.411,2026-05-29 00:41:07,352,NORMAL,52.2,65.7952,80.6478,20.2846,22.7883,14.5836,58.8987,62.6649,6.1713,19.3094,2.4568,0.0000,0.0000,5.1604,0.0002,1.0000,0.0000,0.0000
5,hasta_001,1780004467.469,2026-05-29 00:41:07,353,NORMAL,52.2,66.2040,81.7662,21.0343,22.5520,14.7370,59.0044,62.9037,6.3401,19.3360,2.4745,0.0000,0.0000,5.2740,0.0002,1.0000,0.0000,0.0000
5,hasta_001,1780004467.536,2026-05-29 00:41:07,354,NORMAL,51.4,66.5086,82.8540,21.8868,22.4307,14.8321,59.1086,63.1480,6.5154,19.3609,2.4904,0.0000,0.0000,5.3873,0.0002,1.0000,0.0000,0.0000
5,hasta_001,1780004467.591,2026-05-29 00:41:07,355,NORMAL,51.4,66.7492,83.6896,22.5213,22.3249,14.8649,59.2098,63.3920,6.6999,19.3848,2.5049,0.0000,0.0000,5.5000,0.0001,1.0000,0.0000,0.0000
5,hasta_001,1780004467.631,2026-05-29 00:41:07,356,NORMAL,50.4,66.9855,84.1670,22.7340,22.2334,14.8571,59.3052,63.6336,6.8840,19.4078,2.5183,0.0000,0.0000,5.6121,0.0001,1.0000,0.0000,0.0000
5,hasta_001,1780004467.662,2026-05-29 00:41:07,357,NORMAL,50.4,67.1182,84.3672,22.7732,22.1539,14.8264,59.3959,63.8711,7.0683,19.4299,2.5306,0.0000,0.0000,5.7237,0.0001,1.0000,0.0000,0.0000
5,hasta_001,1780004467.694,2026-05-29 00:41:07,358,NORMAL,50.4,67.1792,84.3546,22.6688,22.0777,14.7864,59.4821,64.0995,7.2555,19.4512,2.5420,0.0000,0.0000,5.8347,0.0001,1.0000,0.0000,0.0000
5,hasta_001,1780004467.727,2026-05-29 00:41:07,359,NORMAL,51.4,67.1454,84.1442,22.4719,22.0132,14.7391,59.5657,64.3204,7.4354,19.4720,2.5527,0.0000,0.0000,5.9460,0.0000,1.0000,0.0000,0.0000
5,hasta_001,1780004467.775,2026-05-29 00:41:07,360,NORMAL,51.4,66.9811,83.6193,22.0959,22.1169,14.6284,59.6460,64.5351,7.6119,19.4940,2.5640,0.0000,0.0000,6.0575,0.0000,1.0000,0.0000,0.0000
5,hasta_001,1780004467.829,2026-05-29 00:41:07,361,NORMAL,52.2,66.6296,82.5283,21.3180,22.4498,14.4510,59.7228,64.7410,7.7839,19.5193,2.5780,0.0000,0.0000,6.1692,0.0001,1.0000,0.0000,0.0000
5,hasta_001,1780004467.895,2026-05-29 00:41:07,362,NORMAL,52.2,65.5587,80.2061,20.0974,22.8207,14.1716,59.7904,64.9301,7.9502,19.5485,2.5953,0.0000,0.0000,6.2814,0.0001,1.0000,0.0000,0.0000
5,hasta_001,1780004467.950,2026-05-29 00:41:07,363,NORMAL,53.3,64.3439,76.8750,17.7471,23.2214,13.8719,59.8481,65.0937,8.0955,19.5810,2.6166,0.0000,0.0000,6.3931,0.0002,1.0000,0.0000,0.0000
5,hasta_001,1780004467.993,2026-05-29 00:41:07,364,NORMAL,51.8,63.3895,74.0138,15.4644,23.4067,13.5834,59.8977,65.2348,8.2193,19.6154,2.6394,0.0000,0.0000,6.5031,0.0002,0.5000,0.0000,0.0000
5,hasta_001,1780004468.039,2026-05-29 00:41:08,365,NORMAL,52.3,62.4732,71.0978,12.9139,23.4915,13.2281,59.9396,65.3522,8.3204,19.6507,2.6626,0.0000,0.0000,6.6099,0.0003,0.5000,0.0000,0.0000
5,hasta_001,1780004468.083,2026-05-29 00:41:08,366,NORMAL,53.0,61.8477,69.2916,11.3526,23.4471,12.8956,59.9756,65.4546,8.4074,19.6859,2.6845,0.0000,0.0000,6.7135,0.0004,0.5000,0.0000,0.0000
5,hasta_001,1780004468.114,2026-05-29 00:41:08,367,NORMAL,56.0,61.4337,68.2920,10.5737,23.3490,12.6103,60.0079,65.5490,8.4869,19.7205,2.7047,0.0000,0.0000,6.8135,0.0004,0.0000,0.0000,0.0000
5,hasta_001,1780004468.174,2026-05-29 00:41:08,368,NORMAL,56.5,60.7321,67.0292,9.8576,23.1106,12.1133,60.0341,65.6331,8.5595,19.7532,2.7217,0.0000,0.0000,6.9074,0.0005,0.0000,0.0000,0.0000
5,hasta_001,1780004468.234,2026-05-29 00:41:08,369,NORMAL,56.7,60.0906,66.1663,9.6244,22.9659,11.7008,60.0535,65.7088,8.6299,19.7847,2.7368,0.0000,0.0000,6.9963,0.0006,0.0000,0.0000,0.0000
5,hasta_001,1780004468.289,2026-05-29 00:41:08,370,NORMAL,56.7,59.5479,65.5868,9.6519,22.8216,11.3686,60.0660,65.7774,8.7004,19.8149,2.7501,0.0000,0.0000,7.0813,0.0007,0.0000,0.0000,0.0000
5,hasta_001,1780004468.337,2026-05-29 00:41:08,371,NORMAL,56.7,59.1429,65.1153,9.6129,22.7522,11.0932,60.0734,65.8405,8.7703,19.8445,2.7624,0.0000,0.0000,7.1635,0.0008,0.0000,0.0000,0.0000
5,hasta_001,1780004468.375,2026-05-29 00:41:08,372,NORMAL,57.2,58.9262,64.7974,9.4908,22.5895,10.8853,60.0772,65.8986,8.8400,19.8728,2.7730,0.0000,0.0000,7.2432,0.0008,0.0000,0.0000,0.0000
5,hasta_001,1780004468.408,2026-05-29 00:41:08,373,NORMAL,57.2,58.9865,64.8045,9.3997,22.3702,10.7095,60.0797,65.9543,8.9103,19.8995,2.7815,0.0000,0.0000,7.3204,0.0008,0.0000,0.0000,0.0000
5,hasta_001,1780004468.465,2026-05-29 00:41:08,374,NORMAL,57.2,59.1488,64.9111,9.2895,21.9118,10.4252,60.0840,66.0111,8.9801,19.9228,2.7865,0.0000,0.0000,7.3944,0.0009,0.0000,0.0000,0.0000
5,hasta_001,1780004468.516,2026-05-29 00:41:08,375,NORMAL,57.2,59.2133,64.8080,9.0221,21.4014,10.1757,60.0894,66.0675,9.0477,19.9426,2.7885,0.0000,0.0000,7.4654,0.0009,0.0000,0.0000,0.0000
5,hasta_001,1780004468.566,2026-05-29 00:41:08,376,NORMAL,57.7,59.0961,64.6628,8.9962,21.0959,9.9428,60.0950,66.1236,9.1157,19.9612,2.7887,0.0000,0.0000,7.5332,0.0009,0.0000,0.0000,0.0000
5,hasta_001,1780004468.614,2026-05-29 00:41:08,377,NORMAL,57.7,58.6566,64.2770,9.1439,20.9550,9.7466,60.0974,66.1770,9.1847,19.9797,2.7878,0.0000,0.0000,7.5989,0.0010,0.0000,0.0000,0.0000
5,hasta_001,1780004468.654,2026-05-29 00:41:08,378,NORMAL,57.7,58.1955,63.9837,9.4750,20.8609,9.5798,60.0962,66.2289,9.2552,19.9986,2.7861,0.0000,0.0000,7.6629,0.0010,0.0000,0.0000,0.0000
5,hasta_001,1780004468.699,2026-05-29 00:41:08,379,NORMAL,59.0,57.6552,63.5692,9.7572,20.7150,9.3933,60.0900,66.2780,9.3262,20.0174,2.7832,0.0000,0.0000,7.7257,0.0010,0.0000,0.0000,0.0000
5,hasta_001,1780004468.747,2026-05-29 00:41:08,380,NORMAL,59.5,57.2129,63.1316,9.8362,20.5872,9.1762,60.0802,66.3241,9.3967,20.0367,2.7791,0.0000,0.0000,7.7873,0.0011,0.0000,0.0000,0.0000
5,hasta_001,1780004468.794,2026-05-29 00:41:08,381,NORMAL,61.2,56.9672,62.6100,9.4380,20.4331,8.9035,60.0688,66.3662,9.4643,20.0559,2.7738,0.0000,0.0000,7.8477,0.0011,0.0000,0.0000,0.0000
5,hasta_001,1780004468.842,2026-05-29 00:41:08,382,NORMAL,62.7,56.7341,62.0450,8.9425,20.1607,8.5324,60.0557,66.4024,9.5300,20.0741,2.7672,0.0000,0.0000,7.9058,0.0011,0.0000,0.0000,0.0000
5,hasta_001,1780004468.891,2026-05-29 00:41:08,383,NORMAL,64.7,56.4655,61.4676,8.4831,19.9011,8.1567,60.0412,66.4324,9.5959,20.0914,2.7597,0.0000,0.0000,7.9613,0.0010,0.0000,0.0000,0.0000
5,hasta_001,1780004468.935,2026-05-29 00:41:08,384,NORMAL,64.7,56.2405,61.0168,8.1467,19.8024,7.8383,60.0250,66.4580,9.6604,20.1088,2.7511,0.0000,0.0000,8.0143,0.0010,0.0000,0.0000,0.0000
5,hasta_001,1780004468.981,2026-05-29 00:41:08,385,NORMAL,65.2,56.0754,60.5972,7.7512,19.7260,7.5807,60.0076,66.4793,9.7232,20.1266,2.7417,0.0000,0.0000,8.0653,0.0011,0.0000,0.0000,0.0000
5,hasta_001,1780004469.019,2026-05-29 00:41:09,386,NORMAL,65.2,55.9479,60.2867,7.4656,19.7425,7.3896,59.9891,66.4965,9.7846,20.1454,2.7312,0.0000,0.0000,8.1150,0.0011,0.0000,0.0000,0.0000
5,hasta_001,1780004469.054,2026-05-29 00:41:09,387,NORMAL,65.2,55.8676,59.9723,7.0869,19.8093,7.2213,59.9701,66.5098,9.8402,20.1656,2.7197,0.0000,0.0000,8.1638,0.0012,0.0000,0.0000,0.0000
5,hasta_001,1780004469.101,2026-05-29 00:41:09,388,NORMAL,65.2,55.7581,59.6321,6.7145,19.9881,7.0330,59.9512,66.5193,9.8897,20.1882,2.7068,0.0000,0.0000,8.2119,0.0012,0.0000,0.0000,0.0000
5,hasta_001,1780004469.154,2026-05-29 00:41:09,389,NORMAL,65.7,55.6139,59.3175,6.4450,20.2121,6.8337,59.9319,66.5254,9.9340,20.2137,2.6925,0.0000,0.0000,8.2600,0.0012,0.0000,0.0000,0.0000
5,hasta_001,1780004469.200,2026-05-29 00:41:09,390,NORMAL,65.7,55.4858,59.0585,6.2381,20.4130,6.6461,59.9121,66.5291,9.9752,20.2416,2.6770,0.0000,0.0000,8.3080,0.0012,0.0000,0.0000,0.0000
5,hasta_001,1780004469.244,2026-05-29 00:41:09,391,NORMAL,65.2,55.3755,58.8246,6.0404,20.5871,6.4254,59.8921,66.5311,10.0140,20.2718,2.6603,0.0000,0.0000,8.3558,0.0012,0.0000,0.0000,0.0000
5,hasta_001,1780004469.298,2026-05-29 00:41:09,392,NORMAL,71.5,55.2997,58.5485,5.7072,20.7530,6.0948,59.8718,66.5309,10.0495,20.3039,2.6426,0.0000,0.0000,8.4008,0.0012,0.0000,0.0000,0.0000
5,hasta_001,1780004469.354,2026-05-29 00:41:09,393,NORMAL,72.0,55.3751,58.3577,5.2449,20.9555,5.7213,59.8526,66.5291,10.0804,20.3377,2.6246,0.0000,0.0000,8.4418,0.0012,0.0000,0.0000,0.0000
5,hasta_001,1780004469.398,2026-05-29 00:41:09,394,NORMAL,72.0,55.4763,58.2488,4.8759,21.0598,5.4107,59.8350,66.5264,10.1068,20.3726,2.6061,0.0000,0.0000,8.4793,0.0012,0.0000,0.0000,0.0000
5,hasta_001,1780004469.455,2026-05-29 00:41:09,395,NORMAL,72.0,55.5492,58.1494,4.5737,21.1777,5.0347,59.8202,66.5233,10.1279,20.4086,2.5871,0.0000,0.0000,8.5116,0.0013,0.0000,0.0000,0.0000
5,hasta_001,1780004469.512,2026-05-29 00:41:09,396,NORMAL,72.0,55.4904,58.0019,4.4258,21.2136,4.5310,59.8067,66.5199,10.1459,20.4450,2.5674,0.0000,0.0000,8.5377,0.0012,0.0000,0.0000,0.0000
5,hasta_001,1780004469.567,2026-05-29 00:41:09,397,NORMAL,72.6,55.4409,57.9104,4.3571,21.1844,3.9664,59.7946,66.5169,10.1624,20.4809,2.5472,0.0000,0.0000,8.5572,0.0012,0.0000,0.0000,0.0000
5,hasta_001,1780004469.625,2026-05-29 00:41:09,398,NORMAL,72.6,55.4324,57.8354,4.2430,21.0577,3.3184,59.7835,66.5144,10.1778,20.5153,2.5269,0.0000,0.0000,8.5699,0.0012,0.0000,0.0000,0.0000
5,hasta_001,1780004469.675,2026-05-29 00:41:09,399,NORMAL,72.6,55.4688,57.8093,4.1323,20.8340,2.8551,59.7732,66.5126,10.1930,20.5466,2.5073,0.0000,0.0000,8.5778,0.0011,0.0000,0.0000,0.0000
5,hasta_001,1780004469.731,2026-05-29 00:41:09,400,NORMAL,72.6,55.6329,57.8357,3.8826,20.5595,2.3518,59.7646,66.5117,10.2069,20.5741,2.4890,0.0000,0.0000,8.5810,0.0011,0.0000,0.0000,0.0000
5,hasta_001,1780004469.787,2026-05-29 00:41:09,401,NORMAL,72.6,55.9091,57.8782,3.4611,20.2861,1.9323,59.7581,66.5120,10.2189,20.5977,2.4728,0.0000,0.0000,8.5805,0.0012,0.0000,0.0000,0.0000
5,hasta_001,1780004469.830,2026-05-29 00:41:09,402,NORMAL,72.6,56.2714,57.9591,2.9548,20.0483,1.5637,59.7543,66.5141,10.2292,20.6175,2.4587,0.0000,0.0000,8.5773,0.0012,0.0000,0.0000,0.0000
5,hasta_001,1780004469.877,2026-05-29 00:41:09,403,NORMAL,73.6,56.6964,58.0039,2.2799,19.8458,1.1997,59.7536,66.5170,10.2355,20.6345,2.4462,0.0000,0.0000,8.5713,0.0012,0.0000,0.0000,0.0000
5,hasta_001,1780004469.946,2026-05-29 00:41:09,404,NORMAL,73.6,57.2103,58.0762,1.5022,19.6608,0.8806,59.7570,66.5208,10.2360,20.6493,2.4349,0.0000,0.0000,8.5630,0.0011,0.0000,0.0000,0.0000
5,hasta_001,1780004469.979,2026-05-29 00:41:09,405,NORMAL,73.6,57.3780,58.0044,1.0857,19.5801,0.7764,59.7612,66.5237,10.2337,20.6627,2.4245,0.0000,0.0000,8.5540,0.0011,0.0000,0.0000,0.0000
5,hasta_001,1780004470.034,2026-05-29 00:41:10,406,NORMAL,73.6,57.4839,57.8215,0.5856,19.4533,0.6711,59.7657,66.5246,10.2273,20.6746,2.4151,0.0000,0.0000,8.5442,0.0011,0.0000,0.0000,0.0000
5,hasta_001,1780004470.098,2026-05-29 00:41:10,407,NORMAL,69.1,57.6060,57.6665,0.1050,19.4457,0.5732,59.7708,66.5237,10.2170,20.6859,2.4061,0.0000,0.0000,8.5339,0.0012,0.5000,0.0000,0.0000
5,hasta_001,1780004470.158,2026-05-29 00:41:10,408,NORMAL,67.6,57.8060,57.5649,0.4179,19.4118,0.4576,59.7769,66.5208,10.2083,20.6966,2.3976,0.0000,0.0000,8.5226,0.0011,1.0000,0.0000,0.0000
5,hasta_001,1780004470.193,2026-05-29 00:41:10,409,NORMAL,67.6,57.8265,57.5268,0.5196,19.4103,0.3892,59.7823,66.5161,10.1994,20.7069,2.3894,0.0000,0.0000,8.5109,0.0012,1.0000,0.0000,0.0000
5,hasta_001,1780004470.255,2026-05-29 00:41:10,410,NORMAL,67.6,57.8794,57.4360,0.7691,19.4262,0.3150,59.7863,66.5082,10.1917,20.7170,2.3813,0.0000,0.0000,8.4994,0.0011,1.0000,0.0000,0.0000
5,hasta_001,1780004470.307,2026-05-29 00:41:10,411,NORMAL,67.6,57.9297,57.3892,0.9374,19.4248,0.3759,59.7896,66.4984,10.1847,20.7271,2.3733,0.0000,0.0000,8.4895,0.0011,1.0000,0.0000,0.0000
5,hasta_001,1780004470.339,2026-05-29 00:41:10,412,NORMAL,67.6,57.9251,57.3367,1.0211,19.5051,0.4230,59.7917,66.4864,10.1774,20.7379,2.3647,0.0000,0.0000,8.4818,0.0009,1.0000,0.0000,0.0000
5,hasta_001,1780004470.381,2026-05-29 00:41:10,413,NORMAL,67.6,57.9011,57.3007,1.0422,19.6378,0.5190,59.7927,66.4724,10.1689,20.7501,2.3552,0.0000,0.0000,8.4779,0.0009,1.0000,0.0000,0.0000
5,hasta_001,1780004470.424,2026-05-29 00:41:10,414,NORMAL,67.6,57.8762,57.2800,1.0354,19.8946,0.6098,59.7933,66.4563,10.1574,20.7649,2.3442,0.0000,0.0000,8.4760,0.0007,1.0000,0.0000,0.0000
5,hasta_001,1780004470.493,2026-05-29 00:41:10,415,NORMAL,67.6,57.7902,57.1248,1.1581,20.2714,0.6680,59.7939,66.4372,10.1430,20.7835,2.3312,0.0000,0.0000,8.4738,0.0007,1.0000,0.0000,0.0000
5,hasta_001,1780004470.552,2026-05-29 00:41:10,416,NORMAL,67.6,57.7485,57.0397,1.2350,20.7323,0.6642,59.7945,66.4153,10.1249,20.8068,2.3166,0.0000,0.0000,8.4693,0.0006,1.0000,0.0000,0.0000
5,hasta_001,1780004470.625,2026-05-29 00:41:10,417,NORMAL,67.6,57.6841,57.2057,0.8328,21.5956,0.5793,59.7950,66.3926,10.0992,20.8380,2.3018,0.0000,0.0000,8.4613,0.0005,1.0000,0.0000,0.0000
5,hasta_001,1780004470.685,2026-05-29 00:41:10,418,NORMAL,67.6,57.7074,57.7963,0.1540,22.4187,0.4861,59.7965,66.3723,10.0622,20.8768,2.2888,0.0000,0.0000,8.4484,0.0004,1.0000,0.0000,0.0000
5,hasta_001,1780004470.736,2026-05-29 00:41:10,419,NORMAL,67.6,57.8602,58.5631,1.2075,23.1418,0.3986,59.8003,66.3554,10.0273,20.9227,2.2785,0.0000,0.0000,8.4299,0.0003,1.0000,0.0000,0.0000
5,hasta_001,1780004470.808,2026-05-29 00:41:10,420,NORMAL,67.6,58.1305,60.1153,3.3571,24.1325,0.2789,59.8075,66.3487,10.0039,20.9782,2.2749,0.0000,0.0000,8.4053,0.0002,1.0000,0.0000,0.0000
5,hasta_001,1780004470.861,2026-05-29 00:41:10,421,NORMAL,67.1,58.4299,61.6601,5.3796,24.9114,0.2390,59.8182,66.3528,9.9920,21.0412,2.2783,0.0000,0.0000,8.3749,0.0002,1.0000,0.0000,0.0000
5,hasta_001,1780004470.904,2026-05-29 00:41:10,422,NORMAL,67.1,58.7271,62.8734,6.8196,25.3878,0.1991,59.8316,66.3654,9.9891,21.1088,2.2860,0.0000,0.0000,8.3413,0.0003,1.0000,0.0000,0.0000
5,hasta_001,1780004470.954,2026-05-29 00:41:10,423,NORMAL,67.1,59.1445,64.0806,8.0115,25.8817,0.1856,59.8484,66.3856,9.9923,21.1811,2.2984,0.0000,0.0000,8.3039,0.0003,1.0000,0.0000,0.0000
5,hasta_001,1780004471.001,2026-05-29 00:41:11,424,NORMAL,67.1,59.5754,65.3337,9.2200,26.1670,0.1561,59.8681,66.4138,10.0029,21.2567,2.3120,0.0000,0.0000,8.2629,0.0003,1.0000,0.0000,0.0000
5,hasta_001,1780004471.036,2026-05-29 00:41:11,425,NORMAL,67.1,59.8869,66.0420,9.7755,26.3127,0.1330,59.8892,66.4462,10.0174,21.3342,2.3242,0.0000,0.0000,8.2191,0.0004,1.0000,0.0000,0.0000
5,hasta_001,1780004471.072,2026-05-29 00:41:11,426,NORMAL,67.1,60.1633,66.6042,10.1618,26.4602,0.1112,59.9107,66.4818,10.0360,21.4139,2.3347,0.0000,0.0000,8.1723,0.0004,1.0000,0.0000,0.0000
5,hasta_001,1780004471.124,2026-05-29 00:41:11,427,NORMAL,67.1,60.4065,67.0469,10.4200,26.5304,0.1068,59.9321,66.5194,10.0579,21.4948,2.3423,0.0000,0.0000,8.1223,0.0004,1.0000,0.0000,0.0000
5,hasta_001,1780004471.186,2026-05-29 00:41:11,428,NORMAL,67.1,60.7228,67.4937,10.5618,26.5904,0.1422,59.9530,66.5588,10.0831,21.5774,2.3458,0.0000,0.0000,8.0689,0.0005,1.0000,0.0000,0.0000
5,hasta_001,1780004471.226,2026-05-29 00:41:11,429,NORMAL,67.1,61.0039,67.8218,10.5847,26.5508,0.1741,59.9719,66.6005,10.1155,21.6607,2.3434,0.0000,0.0000,8.0124,0.0006,1.0000,0.0000,0.0000
5,hasta_001,1780004471.276,2026-05-29 00:41:11,430,NORMAL,67.1,61.4600,68.1735,10.3576,26.4696,0.2571,59.9909,66.6456,10.1528,21.7447,2.3337,0.0000,0.0000,7.9545,0.0006,1.0000,0.0000,0.0000
5,hasta_001,1780004471.322,2026-05-29 00:41:11,431,NORMAL,67.1,62.0394,68.7736,10.2959,26.3389,0.3842,60.0108,66.6962,10.1972,21.8284,2.3167,0.0000,0.0000,7.8959,0.0006,1.0000,0.0000,0.0000
5,hasta_001,1780004471.366,2026-05-29 00:41:11,432,NORMAL,67.1,62.6859,69.3504,10.0948,26.2095,0.5575,60.0320,66.7509,10.2453,21.9112,2.2943,0.0000,0.0000,7.8380,0.0007,1.0000,0.0000,0.0000
5,hasta_001,1780004471.412,2026-05-29 00:41:11,433,NORMAL,67.1,63.4753,70.0827,9.8944,26.0852,0.7889,60.0562,66.8081,10.2921,21.9918,2.2694,0.0000,0.0000,7.7822,0.0008,1.0000,0.0000,0.0000
5,hasta_001,1780004471.456,2026-05-29 00:41:11,434,NORMAL,67.1,64.3147,71.0143,9.9012,25.9662,1.0575,60.0850,66.8668,10.3331,22.0689,2.2458,0.0000,0.0000,7.7294,0.0008,1.0000,0.0000,0.0000
5,hasta_001,1780004471.505,2026-05-29 00:41:11,435,NORMAL,66.1,65.2419,72.0412,9.9054,25.8158,1.3867,60.1206,66.9258,10.3629,22.1409,2.2261,0.0000,0.0000,7.6798,0.0009,1.0000,0.0000,0.0000
5,hasta_001,1780004471.558,2026-05-29 00:41:11,436,NORMAL,66.1,66.3209,73.2967,9.9927,25.6405,1.7765,60.1649,66.9868,10.3809,22.2074,2.2106,0.0000,0.0000,7.6339,0.0011,1.0000,0.0000,0.0000
5,hasta_001,1780004471.610,2026-05-29 00:41:11,437,NORMAL,66.1,67.5153,74.9238,10.4023,25.4535,2.1744,60.2197,67.0519,10.3873,22.2678,2.1993,0.0000,0.0000,7.5913,0.0012,1.0000,0.0000,0.0000
5,hasta_001,1780004471.660,2026-05-29 00:41:11,438,NORMAL,66.6,68.6855,76.5635,10.8476,25.2586,2.5565,60.2846,67.1236,10.3862,22.3237,2.1894,0.0000,0.0000,7.5519,0.0013,1.0000,0.0000,0.0000
5,hasta_001,1780004471.706,2026-05-29 00:41:11,439,NORMAL,66.6,69.7310,77.9057,11.0741,25.0850,2.8893,60.3586,67.1957,10.3708,22.3732,2.1841,0.0000,0.0000,7.5147,0.0013,1.0000,0.0000,0.0000
5,hasta_001,1780004471.759,2026-05-29 00:41:11,440,NORMAL,66.6,70.6498,78.9287,11.0696,24.8870,3.2684,60.4409,67.2675,10.3418,22.4161,2.1824,0.0000,0.0000,7.4797,0.0013,1.0000,0.0000,0.0000
5,hasta_001,1780004471.826,2026-05-29 00:41:11,441,NORMAL,66.6,71.6079,79.9447,11.0018,24.6708,3.6661,60.5317,67.3432,10.3049,22.4555,2.1802,0.0000,0.0000,7.4464,0.0012,1.0000,0.0000,0.0000
5,hasta_001,1780004471.904,2026-05-29 00:41:11,442,NORMAL,66.6,72.3449,80.7351,10.9618,24.4398,4.0541,60.6292,67.4225,10.2626,22.4919,2.1765,0.0000,0.0000,7.4138,0.0012,1.0000,0.0000,0.0000
5,hasta_001,1780004471.951,2026-05-29 00:41:11,443,NORMAL,66.6,72.8171,81.0792,10.7372,24.3145,4.2860,60.7311,67.5035,10.2161,22.5267,2.1720,0.0000,0.0000,7.3800,0.0011,1.0000,0.0000,0.0000
5,hasta_001,1780004472.002,2026-05-29 00:41:12,444,NORMAL,66.0,73.3203,81.3366,10.3667,24.1714,4.5292,60.8376,67.5861,10.1651,22.5597,2.1667,0.0000,0.0000,7.3442,0.0010,1.0000,0.0000,0.0000
5,hasta_001,1780004472.068,2026-05-29 00:41:12,445,NORMAL,66.0,73.7148,81.4230,9.9373,24.0082,4.7763,60.9478,67.6697,10.1101,22.5902,2.1610,0.0000,0.0000,7.3043,0.0009,1.0000,0.0000,0.0000
5,hasta_001,1780004472.127,2026-05-29 00:41:12,446,NORMAL,66.0,73.9959,81.3844,9.5102,23.8698,4.9723,61.0601,67.7537,10.0530,22.6185,2.1553,0.0000,0.0000,7.2617,0.0009,1.0000,0.0000,0.0000
5,hasta_001,1780004472.182,2026-05-29 00:41:12,447,NORMAL,66.0,74.1659,81.3982,9.2981,23.7498,5.1274,61.1738,67.8386,9.9953,22.6444,2.1501,0.0000,0.0000,7.2169,0.0008,1.0000,0.0000,0.0000
5,hasta_001,1780004472.257,2026-05-29 00:41:12,448,NORMAL,66.0,74.3636,81.2578,8.8601,23.6243,5.3084,61.2886,67.9238,9.9368,22.6668,2.1462,0.0000,0.0000,7.1681,0.0007,1.0000,0.0000,0.0000
5,hasta_001,1780004472.303,2026-05-29 00:41:12,449,NORMAL,66.0,74.3669,81.0456,8.5948,23.5411,5.3974,61.4027,68.0086,9.8794,22.6851,2.1442,0.0000,0.0000,7.1155,0.0005,1.0000,0.0000,0.0000
5,hasta_001,1780004472.347,2026-05-29 00:41:12,450,NORMAL,66.0,74.3469,80.8695,8.4045,23.4499,5.4770,61.5155,68.0926,9.8229,22.7001,2.1432,0.0000,0.0000,7.0607,0.0004,1.0000,0.0000,0.0000
5,hasta_001,1780004472.393,2026-05-29 00:41:12,451,NORMAL,66.0,74.2326,80.6294,8.2613,23.3817,5.5291,61.6258,68.1751,9.7686,22.7119,2.1430,0.0000,0.0000,7.0032,0.0003,1.0000,0.0000,0.0000
5,hasta_001,1780004472.450,2026-05-29 00:41:12,452,NORMAL,66.0,73.9450,80.3522,8.3051,23.3892,5.5629,61.7326,68.2563,9.7179,22.7212,2.1435,0.0000,0.0000,6.9434,0.0001,1.0000,0.0000,0.0000
5,hasta_001,1780004472.504,2026-05-29 00:41:12,453,NORMAL,66.0,73.6792,79.9838,8.2057,23.4620,5.5542,61.8362,68.3352,9.6691,22.7278,2.1446,0.0000,0.0000,6.8814,0.0000,1.0000,0.0000,0.0000
5,hasta_001,1780004472.548,2026-05-29 00:41:12,454,NORMAL,66.0,73.4473,79.6723,8.1308,23.5567,5.5150,61.9371,68.4122,9.6219,22.7315,2.1456,0.0000,0.0000,6.8177,0.0002,1.0000,0.0000,0.0000
5,hasta_001,1780004472.604,2026-05-29 00:41:12,455,NORMAL,66.0,73.2237,79.1641,7.7964,23.7201,5.4082,62.0349,68.4854,9.5743,22.7332,2.1463,0.0000,0.0000,6.7519,0.0002,1.0000,0.0000,0.0000
5,hasta_001,1780004472.645,2026-05-29 00:41:12,456,NORMAL,66.0,73.0532,78.7773,7.5401,23.8491,5.2916,62.1307,68.5557,9.5262,22.7324,2.1459,0.0000,0.0000,6.6849,0.0003,1.0000,0.0000,0.0000
5,hasta_001,1780004472.690,2026-05-29 00:41:12,457,NORMAL,66.0,72.8842,78.3057,7.1718,23.9441,5.1431,62.2249,68.6225,9.4759,22.7295,2.1440,0.0000,0.0000,6.6161,0.0003,1.0000,0.0000,0.0000
5,hasta_001,1780004472.738,2026-05-29 00:41:12,458,NORMAL,66.0,72.7021,77.7506,6.7111,24.0057,4.9623,62.3174,68.6849,9.4224,22.7248,2.1406,0.0000,0.0000,6.5458,0.0003,1.0000,0.0000,0.0000
5,hasta_001,1780004472.785,2026-05-29 00:41:12,459,NORMAL,66.0,72.4488,77.1108,6.2342,24.0123,4.7583,62.4077,68.7424,9.3656,22.7181,2.1353,0.0000,0.0000,6.4738,0.0003,1.0000,0.0000,0.0000
5,hasta_001,1780004472.853,2026-05-29 00:41:12,460,NORMAL,66.5,72.1524,76.3308,5.6281,23.9858,4.4648,62.4952,68.7934,9.3045,22.7099,2.1285,0.0000,0.0000,6.3995,0.0002,1.0000,0.0000,0.0000
5,hasta_001,1780004472.906,2026-05-29 00:41:12,461,NORMAL,66.6,71.8281,75.6463,5.1781,24.0177,4.2206,62.5794,68.8388,9.2404,22.7014,2.1212,0.0000,0.0000,6.3233,0.0002,1.0000,0.0000,0.0000
5,hasta_001,1780004472.955,2026-05-29 00:41:12,462,NORMAL,66.6,71.4956,75.0394,4.8367,24.0479,3.9823,62.6602,68.8790,9.1744,22.6933,2.1142,0.0000,0.0000,6.2452,0.0001,1.0000,0.0000,0.0000
5,hasta_001,1780004473.002,2026-05-29 00:41:13,463,NORMAL,66.6,71.2253,74.5944,4.6210,24.1285,3.7346,62.7376,68.9132,9.1053,22.6870,2.1087,0.0000,0.0000,6.1652,0.0000,1.0000,0.0000,0.0000
5,hasta_001,1780004473.041,2026-05-29 00:41:13,464,NORMAL,66.6,70.9576,74.2957,4.5962,24.2443,3.4935,62.8118,68.9421,9.0337,22.6825,2.1048,0.0000,0.0000,6.0833,0.0001,1.0000,0.0000,0.0000
5,hasta_001,1780004473.100,2026-05-29 00:41:13,465,NORMAL,66.6,70.6454,73.9396,4.5568,24.3602,3.1073,62.8815,68.9625,8.9568,22.6809,2.1035,0.0000,0.0000,5.9981,0.0002,1.0000,0.0000,0.0000
5,hasta_001,1780004473.157,2026-05-29 00:41:13,466,NORMAL,66.6,70.3496,73.6632,4.6018,24.3697,2.7294,62.9467,68.9729,8.8731,22.6813,2.1038,0.0000,0.0000,5.9093,0.0003,1.0000,0.0000,0.0000
5,hasta_001,1780004473.208,2026-05-29 00:41:13,467,NORMAL,66.6,70.1047,73.4376,4.6438,24.2975,2.3712,63.0061,68.9688,8.7785,22.6838,2.1055,0.0000,0.0000,5.8160,0.0004,1.0000,0.0000,0.0000
5,hasta_001,1780004473.269,2026-05-29 00:41:13,468,NORMAL,66.1,69.7828,73.2505,4.8488,24.1560,1.9499,63.0584,68.9524,8.6782,22.6870,2.1075,0.0000,0.0000,5.7178,0.0004,1.0000,0.0000,0.0000
5,hasta_001,1780004473.323,2026-05-29 00:41:13,469,NORMAL,66.1,69.5192,73.1588,5.1019,23.9665,1.5705,63.1033,68.9234,8.5725,22.6906,2.1093,0.0000,0.0000,5.6145,0.0004,1.0000,0.0000,0.0000
5,hasta_001,1780004473.364,2026-05-29 00:41:13,470,NORMAL,66.6,69.3195,73.0698,5.2676,23.8339,1.2610,63.1406,68.8801,8.4602,22.6956,2.1113,0.0000,0.0000,5.5065,0.0005,1.0000,0.0000,0.0000
5,hasta_001,1780004473.415,2026-05-29 00:41:13,471,NORMAL,67.1,69.0935,72.9595,5.4430,23.5743,0.9583,63.1715,68.8249,8.3423,22.7004,2.1126,0.0000,0.0000,5.3941,0.0005,1.0000,0.0000,0.0000
5,hasta_001,1780004473.458,2026-05-29 00:41:13,472,NORMAL,67.1,68.9420,72.8578,5.5230,23.3362,0.8292,63.1977,68.7600,8.2193,22.7050,2.1134,0.0000,0.0000,5.2795,0.0006,1.0000,0.0000,0.0000
5,hasta_001,1780004473.502,2026-05-29 00:41:13,473,NORMAL,67.1,68.7859,72.7105,5.5473,23.0988,0.7723,63.2192,68.6845,8.0902,22.7096,2.1137,0.0000,0.0000,5.1631,0.0006,1.0000,0.0000,0.0000
5,hasta_001,1780004473.557,2026-05-29 00:41:13,474,NORMAL,67.1,68.6586,72.5093,5.4555,22.8013,0.7596,63.2371,68.5983,7.9533,22.7127,2.1135,0.0000,0.0000,5.0458,0.0006,1.0000,0.0000,0.0000
5,hasta_001,1780004473.626,2026-05-29 00:41:13,475,NORMAL,67.1,68.5167,72.1406,5.1529,22.4882,0.7798,63.2519,68.5021,7.8086,22.7140,2.1133,0.0000,0.0000,4.9284,0.0006,1.0000,0.0000,0.0000
5,hasta_001,1780004473.673,2026-05-29 00:41:13,476,NORMAL,67.1,68.3930,71.8129,4.8784,22.2905,0.8134,63.2636,68.3991,7.6598,22.7145,2.1132,0.0000,0.0000,4.8114,0.0006,1.0000,0.0000,0.0000
5,hasta_001,1780004473.727,2026-05-29 00:41:13,477,NORMAL,67.1,68.2343,71.3997,4.5339,22.0768,0.8632,63.2729,68.2911,7.5078,22.7138,2.1134,0.0000,0.0000,4.6951,0.0006,1.0000,0.0000,0.0000
5,hasta_001,1780004473.766,2026-05-29 00:41:13,478,NORMAL,67.1,68.0608,71.0433,4.2882,21.9635,0.9144,63.2802,68.1801,7.3546,22.7129,2.1137,0.0000,0.0000,4.5795,0.0007,1.0000,0.0000,0.0000
5,hasta_001,1780004473.818,2026-05-29 00:41:13,479,NORMAL,67.1,67.8441,70.5624,3.9280,21.8458,1.0092,63.2861,68.0669,7.2001,22.7115,2.1142,0.0000,0.0000,4.4650,0.0007,1.0000,0.0000,0.0000
5,hasta_001,1780004473.886,2026-05-29 00:41:13,480,NORMAL,67.6,67.5354,69.9833,3.5601,21.7508,1.1215,63.2907,67.9533,7.0456,22.7085,2.1154,0.0000,0.0000,4.3525,0.0006,1.0000,0.0000,0.0000
5,hasta_001,1780004473.942,2026-05-29 00:41:13,481,NORMAL,67.6,67.2291,69.5160,3.3449,21.7617,1.2161,63.2957,67.8449,6.8958,22.7027,2.1170,0.0000,0.0000,4.2422,0.0006,1.0000,0.0000,0.0000
5,hasta_001,1780004474.000,2026-05-29 00:41:13,482,NORMAL,66.6,66.8348,69.0945,3.3248,21.7829,1.3166,63.3063,67.7523,6.7560,22.6941,2.1186,0.0000,0.0000,4.1351,0.0005,1.0000,0.0000,0.0000
5,hasta_001,1780004474.052,2026-05-29 00:41:14,483,NORMAL,66.6,66.4283,68.6389,3.2733,21.8459,1.4231,63.3237,67.6836,6.6354,22.6826,2.1194,0.0000,0.0000,4.0313,0.0005,1.0000,0.0000,0.0000
5,hasta_001,1780004474.090,2026-05-29 00:41:14,484,NORMAL,66.6,66.0809,68.3021,3.3058,21.8430,1.5173,63.3461,67.6361,6.5341,22.6696,2.1198,0.0000,0.0000,3.9308,0.0005,1.0000,0.0000,0.0000
5,hasta_001,1780004474.144,2026-05-29 00:41:14,485,NORMAL,66.6,65.5936,67.9717,3.5611,21.9255,1.7098,63.3721,67.6100,6.4562,22.6565,2.1195,0.0000,0.0000,3.8348,0.0004,1.0000,0.0000,0.0000
5,hasta_001,1780004474.185,2026-05-29 00:41:14,486,NORMAL,66.1,65.1374,67.7161,3.8819,22.0415,1.9016,63.3995,67.5969,6.3939,22.6448,2.1190,0.0000,0.0000,3.7432,0.0003,1.0000,0.0000,0.0000
5,hasta_001,1780004474.244,2026-05-29 00:41:14,487,NORMAL,66.1,64.5124,67.4361,4.4317,22.2102,2.2419,63.4252,67.5897,6.3427,22.6353,2.1183,0.0000,0.0000,3.6568,0.0003,1.0000,0.0000,0.0000
5,hasta_001,1780004474.301,2026-05-29 00:41:14,488,NORMAL,66.6,63.9627,67.2615,5.0277,22.3619,2.6344,63.4521,67.5917,6.3025,22.6291,2.1180,0.0000,0.0000,3.5778,0.0002,1.0000,0.0000,0.0000
5,hasta_001,1780004474.346,2026-05-29 00:41:14,489,NORMAL,66.6,63.5779,67.3520,5.7651,22.4983,3.0322,63.4812,67.6016,6.2703,22.6252,2.1178,0.0000,0.0000,3.5055,0.0002,1.0000,0.0000,0.0000
5,hasta_001,1780004474.391,2026-05-29 00:41:14,490,NORMAL,66.6,63.3025,67.6519,6.6426,22.5588,3.5285,63.5125,67.6188,6.2452,22.6230,2.1178,0.0000,0.0000,3.4402,0.0001,1.0000,0.0000,0.0000
5,hasta_001,1780004474.436,2026-05-29 00:41:14,491,NORMAL,66.6,63.0711,68.2031,7.8188,22.5573,4.0484,63.5452,67.6445,6.2303,22.6214,2.1177,0.0000,0.0000,3.3815,0.0001,1.0000,0.0000,0.0000
5,hasta_001,1780004474.480,2026-05-29 00:41:14,492,NORMAL,66.0,62.8425,68.9017,9.1984,22.5365,4.5688,63.5778,67.6787,6.2279,22.6209,2.1177,0.0000,0.0000,3.3289,0.0001,1.0000,0.0000,0.0000
5,hasta_001,1780004474.536,2026-05-29 00:41:14,493,NORMAL,66.0,62.6852,69.9394,10.9394,22.4726,5.2089,63.6087,67.7215,6.2407,22.6218,2.1177,0.0000,0.0000,3.2830,0.0000,1.0000,0.0000,0.0000
5,hasta_001,1780004474.590,2026-05-29 00:41:14,494,NORMAL,67.3,62.4344,70.6834,12.3936,22.3109,5.7832,63.6360,67.7696,6.2665,22.6251,2.1169,0.0000,0.0000,3.2443,0.0000,0.5000,0.0000,0.0000
5,hasta_001,1780004474.641,2026-05-29 00:41:14,495,NORMAL,70.3,62.2581,71.4345,13.7276,22.0307,6.2942,63.6614,67.8248,6.3058,22.6304,2.1146,0.0000,0.0000,3.2120,0.0000,0.0000,0.0000,0.0000
5,hasta_001,1780004474.699,2026-05-29 00:41:14,496,NORMAL,64.8,62.1195,72.2000,15.0097,21.8075,6.8001,63.6866,67.8876,6.3559,22.6363,2.1113,0.0000,0.0000,3.1858,0.0001,0.0000,0.0000,0.0000
5,hasta_001,1780004474.749,2026-05-29 00:41:14,497,NORMAL,60.4,62.0365,72.8668,16.0563,21.5333,7.2002,63.7148,67.9592,6.4135,22.6411,2.1081,0.0000,0.0000,3.1646,0.0001,0.0000,0.0000,0.0000
5,hasta_001,1780004474.812,2026-05-29 00:41:14,498,NORMAL,60.2,61.9175,73.3405,16.8906,21.2021,7.5934,63.7458,68.0372,6.4753,22.6440,2.1059,0.0000,0.0000,3.1480,0.0001,0.0000,0.0000,0.0000
5,hasta_001,1780004474.879,2026-05-29 00:41:14,499,NORMAL,57.3,61.7081,73.6103,17.5914,20.7633,7.8614,63.7796,68.1209,6.5406,22.6444,2.1056,0.0000,0.0000,3.1353,0.0001,0.0000,0.0000,0.0000
5,hasta_001,1780004474.951,2026-05-29 00:41:14,500,NORMAL,56.8,60.5032,73.5249,19.4314,20.3742,8.0211,63.8070,68.2075,6.6205,22.6426,2.1074,0.0000,0.0000,3.1256,0.0001,0.0000,0.0000,0.0000
5,hasta_001,1780004475.004,2026-05-29 00:41:15,501,NORMAL,55.4,58.4961,73.2680,22.4216,20.1267,8.1111,63.8197,68.2963,6.7287,22.6400,2.1102,0.0000,0.0000,3.1190,0.0001,0.0000,0.0000,0.0000
5,hasta_001,1780004475.056,2026-05-29 00:41:15,502,NORMAL,54.4,54.1561,72.7654,29.3241,19.9549,8.1829,63.7982,68.3856,6.8986,22.6383,2.1123,0.0000,0.0000,3.1161,0.0001,0.0000,0.0000,0.0000
5,hasta_001,1780004475.117,2026-05-29 00:41:15,503,NORMAL,54.4,47.8165,72.2425,40.6899,19.7404,8.2560,63.7262,68.4754,7.1670,22.6370,2.1141,0.0000,0.0000,3.1170,0.0001,0.0000,0.0000,0.0000
5,hasta_001,1780004475.156,2026-05-29 00:41:15,504,NORMAL,54.4,40.5051,71.8605,55.8096,19.5650,8.2814,63.5950,68.5658,7.5641,22.6350,2.1169,0.0000,0.0000,3.1206,0.0003,0.0000,0.0000,0.0000
5,hasta_001,1780004475.212,2026-05-29 00:41:15,505,NORMAL,54.4,29.7112,71.3031,82.3486,19.4249,8.2622,63.3753,68.6550,8.1858,22.6325,2.1205,0.0000,0.0000,3.1263,0.0002,0.0000,0.0000,0.0000
5,hasta_001,1780004475.267,2026-05-29 00:41:15,506,NORMAL,54.4,18.9984,70.7492,115.3252,19.3775,8.1448,63.0674,68.7422,9.0846,22.6294,2.1249,0.0000,0.0000,3.1326,0.0002,0.0000,0.0000,0.0000
5,hasta_001,1780004475.337,2026-05-29 00:41:15,507,NORMAL,54.4,8.8035,70.2388,155.4491,19.4174,7.8247,62.6752,68.8277,10.3210,22.6262,2.1295,0.0000,0.0000,3.1376,0.0002,0.0000,0.0000,0.0000
5,hasta_001,1780004475.396,2026-05-29 00:41:15,508,NORMAL,54.4,6.1434,69.8607,167.6682,19.5305,7.3938,62.2618,68.9130,11.6623,22.6224,2.1347,0.0000,0.0000,3.1407,0.0002,0.0000,0.0000,0.0000
5,hasta_001,1780004475.451,2026-05-29 00:41:15,509,NORMAL,54.9,7.2255,69.5669,162.3635,19.6686,6.8302,61.8585,68.9984,12.9616,22.6178,2.1403,0.0000,0.0000,3.1406,0.0002,0.0000,0.0000,0.0000
5,hasta_001,1780004475.497,2026-05-29 00:41:15,510,NORMAL,56.4,8.7030,69.2735,155.3559,19.7780,6.1007,61.4687,69.0835,14.2042,22.6125,2.1466,0.0000,0.0000,3.1361,0.0001,0.0000,0.0000,0.0000
5,hasta_001,1780004475.550,2026-05-29 00:41:15,511,NORMAL,56.9,9.9948,68.9533,149.3600,19.7643,5.0864,61.0905,69.1679,15.3986,22.6057,2.1543,0.0000,0.0000,3.1249,0.0001,0.0000,0.0000,0.0000
5,hasta_001,1780004475.585,2026-05-29 00:41:15,512,NORMAL,57.5,10.7124,68.5562,145.9437,19.6651,4.3258,60.7189,69.2513,16.5672,22.5966,2.1644,0.0000,0.0000,3.1102,0.0002,0.0000,0.0000,0.0000
5,hasta_001,1780004475.635,2026-05-29 00:41:15,513,NORMAL,57.6,11.4112,68.0214,142.5363,19.5028,3.2592,60.3526,69.3318,17.7113,22.5845,2.1775,0.0000,0.0000,3.0897,0.0002,0.0000,0.0000,0.0000
5,hasta_001,1780004475.678,2026-05-29 00:41:15,514,NORMAL,57.6,11.9266,67.7341,140.1129,19.3985,2.4240,59.9897,69.4109,18.8383,22.5707,2.1924,0.0000,0.0000,3.0648,0.0002,0.0000,0.0000,0.0000
5,hasta_001,1780004475.734,2026-05-29 00:41:15,515,NORMAL,58.3,12.5376,67.6319,137.4444,19.2358,1.8953,59.6312,69.4899,19.9455,22.5545,2.2097,0.0000,0.0000,3.0386,0.0001,0.0000,0.0000,0.0000
5,hasta_001,1780004475.795,2026-05-29 00:41:15,516,NORMAL,58.3,13.0639,67.6263,135.2392,19.0520,1.6935,59.2777,69.5701,21.0356,22.5365,2.2293,0.0000,0.0000,3.0150,0.0001,0.0000,0.0000,0.0000
5,hasta_001,1780004475.852,2026-05-29 00:41:15,517,NORMAL,58.3,13.6519,67.6177,132.8071,18.9100,1.6935,58.9294,69.6510,22.1060,22.5175,2.2503,0.0000,0.0000,2.9960,0.0001,0.0000,0.0000,0.0000
5,hasta_001,1780004475.896,2026-05-29 00:41:15,518,NORMAL,58.3,13.9309,67.3437,131.4377,18.8220,1.7715,58.5836,69.7302,23.1660,22.4989,2.2715,0.0000,0.0000,2.9831,0.0000,0.0000,0.0000,0.0000
5,hasta_001,1780004475.951,2026-05-29 00:41:15,519,NORMAL,58.3,14.3475,66.8993,129.3634,18.7397,1.9499,58.2409,69.8060,24.2096,22.4814,2.2921,0.0000,0.0000,2.9756,0.0001,0.0000,0.0000,0.0000
5,hasta_001,1780004476.007,2026-05-29 00:41:16,520,NORMAL,57.6,14.7921,66.5160,127.2294,18.7045,2.1323,57.9006,69.8783,25.2375,22.4660,2.3112,0.0000,0.0000,2.9738,0.0000,0.0000,0.0000,0.0000
5,hasta_001,1780004476.082,2026-05-29 00:41:16,521,NORMAL,57.6,15.2689,66.2803,125.1057,18.5853,2.2696,57.5619,69.9483,26.2512,22.4518,2.3297,0.0000,0.0000,2.9766,0.0000,0.0000,0.0000,0.0000
5,hasta_001,1780004476.134,2026-05-29 00:41:16,522,NORMAL,57.6,15.8293,66.1709,122.7842,18.4570,2.3468,57.2249,70.0168,27.2498,22.4385,2.3478,0.0000,0.0000,2.9831,0.0000,0.0000,0.0000,0.0000
5,hasta_001,1780004476.180,2026-05-29 00:41:16,523,NORMAL,57.6,15.9937,66.0252,121.9998,18.3701,2.3344,56.8857,70.0836,28.2474,22.4262,2.3651,0.0000,0.0000,2.9925,0.0001,0.0000,0.0000,0.0000
5,hasta_001,1780004476.221,2026-05-29 00:41:16,524,NORMAL,57.6,16.0494,66.0365,121.7921,18.3748,2.3117,56.5427,70.1500,29.2498,22.4155,2.3805,0.0000,0.0000,3.0045,0.0001,0.0000,0.0000,0.0000
5,hasta_001,1780004476.283,2026-05-29 00:41:16,525,NORMAL,57.6,16.0710,65.9407,121.6162,18.4736,2.2842,56.1985,70.2161,30.2543,22.4063,2.3936,0.0000,0.0000,3.0170,0.0001,0.0000,0.0000,0.0000
5,hasta_001,1780004476.336,2026-05-29 00:41:16,526,NORMAL,57.6,16.2857,66.0179,120.8506,18.5491,2.2235,55.8551,70.2844,31.2565,22.3988,2.4043,0.0000,0.0000,3.0300,0.0002,0.0000,0.0000,0.0000
5,hasta_001,1780004476.383,2026-05-29 00:41:16,527,NORMAL,57.6,16.7687,66.1853,119.1420,18.6690,2.1848,55.5148,70.3554,32.2485,22.3923,2.4132,0.0000,0.0000,3.0434,0.0002,0.0000,0.0000,0.0000
5,hasta_001,1780004476.426,2026-05-29 00:41:16,528,NORMAL,57.6,16.9750,66.3928,118.5538,18.7670,2.1363,55.1746,70.4289,33.2329,22.3869,2.4206,0.0000,0.0000,3.0574,0.0003,0.0000,0.0000,0.0000
5,hasta_001,1780004476.475,2026-05-29 00:41:16,529,NORMAL,58.3,17.2481,66.6950,117.8103,18.9084,2.0376,54.8364,70.5053,34.2103,22.3827,2.4261,0.0000,0.0000,3.0711,0.0003,0.0000,0.0000,0.0000
5,hasta_001,1780004476.523,2026-05-29 00:41:16,530,NORMAL,58.3,17.5921,67.1251,116.9375,19.1082,1.8772,54.5007,70.5861,35.1784,22.3801,2.4295,0.0000,0.0000,3.0842,0.0003,0.0000,0.0000,0.0000
5,hasta_001,1780004476.560,2026-05-29 00:41:16,531,NORMAL,57.3,17.8766,67.3191,116.0682,19.2732,1.7020,54.1669,70.6688,36.1378,22.3788,2.4311,0.0000,0.0000,3.0952,0.0001,0.5000,0.0000,0.0000
5,hasta_001,1780004476.612,2026-05-29 00:41:16,532,NORMAL,57.3,18.2957,67.7547,114.9536,19.4849,1.3997,53.8367,70.7557,37.0873,22.3787,2.4313,0.0000,0.0000,3.1033,0.0002,0.5000,0.0000,0.0000
5,hasta_001,1780004476.654,2026-05-29 00:41:16,533,NORMAL,58.3,18.5907,68.2866,114.4050,19.7866,1.0986,53.5091,70.8472,38.0320,22.3799,2.4300,0.0000,0.0000,3.1082,0.0000,0.5000,0.0000,0.0000
5,hasta_001,1780004476.724,2026-05-29 00:41:16,534,NORMAL,58.3,18.7353,68.9296,114.5140,20.3429,0.9590,53.1829,70.9443,38.9776,22.3836,2.4265,0.0000,0.0000,3.1111,0.0001,0.5000,0.0000,0.0000
5,hasta_001,1780004476.775,2026-05-29 00:41:16,535,NORMAL,58.3,18.9299,69.4774,114.3514,20.7874,1.0512,52.8591,71.0472,39.9209,22.3879,2.4232,0.0000,0.0000,3.1143,0.0001,0.5000,0.0000,0.0000
5,hasta_001,1780004476.823,2026-05-29 00:41:16,536,NORMAL,57.8,18.9900,70.0555,114.6952,21.1908,1.2577,52.5361,71.1557,40.8664,22.3918,2.4209,0.0000,0.0000,3.1192,0.0002,0.5000,0.0000,0.0000
5,hasta_001,1780004476.870,2026-05-29 00:41:16,537,NORMAL,57.3,18.7287,70.3260,115.8778,21.5903,1.5275,52.2115,71.2650,41.8251,22.3917,2.4209,0.0000,0.0000,3.1271,0.0002,0.5000,0.0000,0.0000
5,hasta_001,1780004476.915,2026-05-29 00:41:16,538,NORMAL,57.3,18.5508,70.6829,116.8442,21.9159,1.8399,51.8852,71.3724,42.7975,22.3875,2.4213,0.0000,0.0000,3.1384,0.0002,0.5000,0.0000,0.0000
5,hasta_001,1780004476.954,2026-05-29 00:41:16,539,NORMAL,56.5,18.3505,70.9848,117.8355,22.2065,2.1550,51.5559,71.4759,43.7694,22.3797,2.4204,0.0000,0.0000,3.1530,0.0003,0.5000,0.0000,0.0000
5,hasta_001,1780004476.988,2026-05-29 00:41:16,540,NORMAL,56.5,18.3955,71.4610,118.1115,22.4126,2.4685,51.2248,71.5705,44.7257,22.3654,2.4151,0.0000,0.0000,3.1713,0.0002,0.5000,0.0000,0.0000
5,hasta_001,1780004477.038,2026-05-29 00:41:17,541,NORMAL,56.5,18.5390,72.2966,118.3625,22.6083,2.8992,50.8924,71.6591,45.6672,22.3462,2.4039,0.0000,0.0000,3.1935,0.0001,0.5000,0.0000,0.0000
5,hasta_001,1780004477.081,2026-05-29 00:41:17,542,NORMAL,56.5,18.5746,72.9097,118.7858,22.7811,3.2463,50.5578,71.7428,46.6003,22.3245,2.3880,0.0000,0.0000,3.2188,0.0001,0.5000,0.0000,0.0000
5,hasta_001,1780004477.139,2026-05-29 00:41:17,543,NORMAL,56.5,18.6007,73.6323,119.3316,22.9793,3.6646,50.2199,71.8223,47.5280,22.3003,2.3665,0.0000,0.0000,3.2478,0.0001,0.5000,0.0000,0.0000
5,hasta_001,1780004477.193,2026-05-29 00:41:17,544,NORMAL,56.5,19.5891,73.7891,116.0870,22.8836,3.9651,49.8867,71.8928,48.4185,22.2729,2.3404,0.0000,0.0000,3.2796,0.0002,0.5000,0.0000,0.0000
5,hasta_001,1780004477.246,2026-05-29 00:41:17,545,NORMAL,56.5,21.4201,74.1012,110.3021,22.7253,4.2038,49.5661,71.9600,49.2562,22.2430,2.3114,0.0000,0.0000,3.3135,0.0002,0.5000,0.0000,0.0000
5,hasta_001,1780004477.285,2026-05-29 00:41:17,546,NORMAL,56.5,23.0172,74.4567,105.5450,22.6190,4.3556,49.2566,72.0254,50.0511,22.2110,2.2791,0.0000,0.0000,3.3489,0.0001,0.5000,0.0000,0.0000
5,hasta_001,1780004477.337,2026-05-29 00:41:17,547,NORMAL,56.5,24.1727,74.9879,102.4907,22.4968,4.4903,48.9546,72.0916,50.8183,22.1774,2.2447,0.0000,0.0000,3.3854,0.0001,0.5000,0.0000,0.0000
5,hasta_001,1780004477.414,2026-05-29 00:41:17,548,NORMAL,56.5,24.2256,75.7704,103.0938,22.3582,4.5876,48.6505,72.1606,51.5894,22.1422,2.2080,0.0000,0.0000,3.4224,0.0001,0.5000,0.0000,0.0000
5,hasta_001,1780004477.456,2026-05-29 00:41:17,549,NORMAL,56.5,23.9276,76.3177,104.5237,22.2433,4.6114,48.3415,72.2314,52.3723,22.1063,2.1707,0.0000,0.0000,3.4594,0.0001,0.5000,0.0000,0.0000
5,hasta_001,1780004477.512,2026-05-29 00:41:17,550,NORMAL,56.5,22.8543,77.1272,108.5658,22.0542,4.6173,48.0198,72.3060,53.1907,22.0695,2.1336,0.0000,0.0000,3.4958,0.0001,0.5000,0.0000,0.0000
5,hasta_001,1780004477.548,2026-05-29 00:41:17,551,NORMAL,56.5,22.1547,77.8812,111.4131,21.9541,4.6024,47.6874,72.3819,54.0333,22.0329,2.0974,0.0000,0.0000,3.5309,0.0001,0.5000,0.0000,0.0000
5,hasta_001,1780004477.578,2026-05-29 00:41:17,552,NORMAL,56.5,21.4298,78.6423,114.3424,21.8534,4.5682,47.3436,72.4593,54.9020,21.9966,2.0622,0.0000,0.0000,3.5643,0.0001,0.5000,0.0000,0.0000
5,hasta_001,1780004477.606,2026-05-29 00:41:17,553,NORMAL,56.5,20.5710,79.2834,117.5959,21.7584,4.5175,46.9861,72.5360,55.7996,21.9606,2.0279,0.0000,0.0000,3.5954,0.0001,0.5000,0.0000,0.0000
5,hasta_001,1780004477.639,2026-05-29 00:41:17,554,NORMAL,56.5,19.2734,79.9325,122.2893,21.6804,4.4496,46.6107,72.6103,56.7361,21.9248,1.9945,0.0000,0.0000,3.6237,0.0001,0.5000,0.0000,0.0000
5,hasta_001,1780004477.693,2026-05-29 00:41:17,555,NORMAL,57.5,17.8109,80.5646,127.5800,21.5316,4.3257,46.2155,72.6813,57.7168,21.8891,1.9626,0.0000,0.0000,3.6482,0.0002,0.0000,0.0000,0.0000
5,hasta_001,1780004477.733,2026-05-29 00:41:17,556,NORMAL,57.6,16.8979,80.7324,130.7678,21.3618,4.2342,45.8036,72.7433,58.7232,21.8535,1.9328,0.0000,0.0000,3.6686,0.0002,0.0000,0.0000,0.0000
5,hasta_001,1780004477.793,2026-05-29 00:41:17,557,NORMAL,57.6,15.8988,80.6728,134.1471,21.0476,4.1007,45.3735,72.7912,59.7544,21.8168,1.9057,0.0000,0.0000,3.6847,0.0002,0.0000,0.0000,0.0000
5,hasta_001,1780004477.844,2026-05-29 00:41:17,558,NORMAL,57.6,15.0972,80.5055,136.8337,20.7973,3.9937,44.9269,72.8240,60.8043,21.7796,1.8816,0.0000,0.0000,3.6967,0.0002,0.0000,0.0000,0.0000
5,hasta_001,1780004477.894,2026-05-29 00:41:17,559,NORMAL,57.6,14.6307,80.2418,138.3144,20.4679,3.9166,44.4677,72.8435,61.8646,21.7411,1.8607,0.0000,0.0000,3.7052,0.0003,0.0000,0.0000,0.0000
5,hasta_001,1780004477.955,2026-05-29 00:41:17,560,NORMAL,57.6,13.5912,80.0225,141.9265,20.2793,3.8834,43.9923,72.8526,62.9551,21.7027,1.8428,0.0000,0.0000,3.7104,0.0003,0.0000,0.0000,0.0000
5,hasta_001,1780004477.995,2026-05-29 00:41:17,561,NORMAL,57.6,12.8189,79.9496,144.7275,20.2273,3.9105,43.5023,72.8527,64.0695,21.6657,1.8274,0.0000,0.0000,3.7124,0.0003,0.0000,0.0000,0.0000
5,hasta_001,1780004478.041,2026-05-29 00:41:18,562,NORMAL,57.6,10.4856,79.7874,153.5385,20.1383,3.9412,42.9868,72.8448,65.2576,21.6298,1.8148,0.0000,0.0000,3.7115,0.0003,0.0000,0.0000,0.0000
5,hasta_001,1780004478.096,2026-05-29 00:41:18,563,NORMAL,57.6,6.7217,79.3831,168.7742,20.0571,3.9872,42.4361,72.8306,66.5746,21.5944,1.8035,0.0000,0.0000,3.7090,0.0004,0.0000,0.0000,0.0000
5,hasta_001,1780004478.154,2026-05-29 00:41:18,564,NORMAL,57.6,5.8619,78.8673,172.3265,19.9347,4.0146,41.8739,72.8101,67.9243,21.5591,1.7942,0.0000,0.0000,3.7047,0.0004,0.0000,0.0000,0.0000
5,hasta_001,1780004478.199,2026-05-29 00:41:18,565,NORMAL,57.6,7.1965,78.3451,166.3486,19.8234,4.0547,41.3196,72.7844,69.2277,21.5242,1.7869,0.0000,0.0000,3.6987,0.0004,0.0000,0.0000,0.0000
5,hasta_001,1780004478.245,2026-05-29 00:41:18,566,NORMAL,57.6,9.2550,77.7842,157.4675,19.7400,4.1004,40.7801,72.7544,70.4607,21.4898,1.7811,0.0000,0.0000,3.6914,0.0005,0.0000,0.0000,0.0000
5,hasta_001,1780004478.300,2026-05-29 00:41:18,567,NORMAL,56.5,11.8624,77.2021,146.7245,19.5704,4.1706,40.2609,72.7194,71.6059,21.4549,1.7775,0.0000,0.0000,3.6834,0.0005,0.5000,0.0000,0.0000
5,hasta_001,1780004478.358,2026-05-29 00:41:18,568,NORMAL,56.5,14.0527,76.6468,138.0253,19.3805,4.2280,39.7583,72.6810,72.6823,21.4196,1.7762,0.0000,0.0000,3.6744,0.0006,0.5000,0.0000,0.0000
5,hasta_001,1780004478.399,2026-05-29 00:41:18,569,NORMAL,56.5,15.4597,76.3348,132.6334,19.2605,4.2736,39.2674,72.6418,73.7159,21.3839,1.7762,0.0000,0.0000,3.6651,0.0006,0.5000,0.0000,0.0000
5,hasta_001,1780004478.454,2026-05-29 00:41:18,570,NORMAL,56.5,17.0861,75.9554,126.5442,19.1049,4.3198,38.7902,72.6008,74.7004,21.3477,1.7780,0.0000,0.0000,3.6554,0.0006,0.5000,0.0000,0.0000
5,hasta_001,1780004478.507,2026-05-29 00:41:18,571,NORMAL,56.5,18.5043,75.6291,121.3699,18.9990,4.3542,38.3258,72.5591,75.6430,21.3112,1.7808,0.0000,0.0000,3.6456,0.0006,0.5000,0.0000,0.0000
5,hasta_001,1780004478.549,2026-05-29 00:41:18,572,NORMAL,56.5,19.8110,75.3880,116.7598,18.9598,4.3736,37.8747,72.5178,76.5468,21.2743,1.7833,0.0000,0.0000,3.6357,0.0004,0.5000,0.0000,0.0000
5,hasta_001,1780004478.596,2026-05-29 00:41:18,573,NORMAL,56.5,21.1172,75.1864,112.2891,18.9235,4.3787,37.4367,72.4778,77.4141,21.2364,1.7846,0.0000,0.0000,3.6259,0.0003,0.5000,0.0000,0.0000
5,hasta_001,1780004478.640,2026-05-29 00:41:18,574,NORMAL,56.5,21.9692,75.1119,109.4809,18.9536,4.3728,37.0077,72.4398,78.2587,21.1981,1.7838,0.0000,0.0000,3.6164,0.0003,0.5000,0.0000,0.0000
5,hasta_001,1780004478.673,2026-05-29 00:41:18,575,NORMAL,56.5,22.4627,75.0911,107.8963,19.0171,4.3628,36.5847,72.4058,79.0929,21.1589,1.7796,0.0000,0.0000,3.6077,0.0003,0.5000,0.0000,0.0000
5,hasta_001,1780004478.706,2026-05-29 00:41:18,576,NORMAL,56.5,23.1304,75.0162,105.7314,19.0907,4.3509,36.1687,72.3745,79.9112,21.1192,1.7722,0.0000,0.0000,3.5998,0.0002,0.5000,0.0000,0.0000
5,hasta_001,1780004478.758,2026-05-29 00:41:18,577,NORMAL,56.5,23.9435,74.8574,103.0636,19.2036,4.3362,35.7608,72.3458,80.7103,21.0797,1.7616,0.0000,0.0000,3.5931,0.0002,0.5000,0.0000,0.0000
5,hasta_001,1780004478.801,2026-05-29 00:41:18,578,NORMAL,56.5,24.3912,74.6715,101.5121,19.2761,4.3231,35.3582,72.3201,81.5003,21.0403,1.7486,0.0000,0.0000,3.5878,0.0002,0.5000,0.0000,0.0000
5,hasta_001,1780004478.850,2026-05-29 00:41:18,579,NORMAL,56.5,24.7610,74.3720,100.0897,19.3115,4.3135,34.9608,72.2973,82.2824,21.0012,1.7341,4.1501,13.2956,3.5841,0.0003,0.5000,0.0000,0.0000
5,hasta_001,1780004478.902,2026-05-29 00:41:18,580,NORMAL,57.6,25.2401,73.9539,98.2192,19.2311,4.2980,34.5699,72.2775,83.0540,20.9615,1.7198,4.1501,13.2956,3.5827,0.0003,0.0000,0.0000,0.0000
5,hasta_001,1780004478.946,2026-05-29 00:41:18,581,NORMAL,57.6,25.6220,73.3654,96.4635,19.1223,4.2743,34.1849,72.2585,83.8147,20.9207,1.7048,4.1501,13.2956,3.5831,0.0004,0.0000,0.0000,0.0000
5,hasta_001,1780004478.991,2026-05-29 00:41:18,582,NORMAL,57.6,25.8683,72.4710,94.7794,18.9657,4.2479,33.8046,72.2371,84.5642,20.8784,1.6896,4.1501,13.2956,3.5854,0.0005,0.0000,0.0000,0.0000
5,hasta_001,1780004479.043,2026-05-29 00:41:19,583,NORMAL,57.6,26.3229,71.5000,92.3652,18.8244,4.1909,33.4304,72.2113,85.2954,20.8342,1.6733,4.1501,13.2956,3.5892,0.0004,0.0000,0.0000,0.0000
5,hasta_001,1780004479.112,2026-05-29 00:41:19,584,NORMAL,57.6,27.1872,70.1636,88.2918,18.7113,4.0741,33.0657,72.1768,85.9929,20.7881,1.6549,4.1501,13.2956,3.5940,0.0004,0.0000,0.0000,0.0000
5,hasta_001,1780004479.164,2026-05-29 00:41:19,585,NORMAL,57.6,28.0631,69.1434,84.5218,18.6344,3.9439,32.7108,72.1369,86.6593,20.7404,1.6336,4.1501,13.2956,3.6010,0.0005,0.0000,0.0000,0.0000
5,hasta_001,1780004479.218,2026-05-29 00:41:19,586,NORMAL,57.6,28.9382,68.2293,80.8729,18.5903,3.7894,32.3657,72.0916,87.2949,20.6922,1.6109,4.1501,13.2956,3.6098,0.0005,0.0000,0.0000,0.0000
5,hasta_001,1780004479.263,2026-05-29 00:41:19,587,NORMAL,57.6,29.8070,67.6724,77.6890,18.5783,3.6513,32.0299,72.0436,87.9036,20.6445,1.5880,4.1501,13.2956,3.6205,0.0005,0.0000,0.0000,0.0000
5,hasta_001,1780004479.293,2026-05-29 00:41:19,588,NORMAL,57.6,30.3510,67.2440,75.6044,18.5404,3.5461,31.7013,71.9935,88.4932,20.5977,1.5664,4.1501,13.2956,3.6338,0.0005,0.0000,0.0000,0.0000
5,hasta_001,1780004479.357,2026-05-29 00:41:19,589,NORMAL,57.6,31.5113,66.4196,71.2917,18.4744,3.3482,31.3846,71.9373,89.0448,20.5520,1.5474,4.1501,13.2956,3.6486,0.0005,0.0000,0.0000,0.0000
5,hasta_001,1780004479.390,2026-05-29 00:41:19,590,NORMAL,57.6,32.1746,65.8006,68.6418,18.4179,3.2287,31.0751,71.8768,89.5729,20.5068,1.5299,4.1501,13.2956,3.6650,0.0005,0.0000,0.0000,0.0000
5,hasta_001,1780004479.445,2026-05-29 00:41:19,591,NORMAL,57.6,32.9638,64.1191,64.1829,18.2985,3.0264,30.7740,71.8031,90.0624,20.4629,1.5169,4.1501,13.2956,3.6822,0.0005,0.0000,0.0000,0.0000
5,hasta_001,1780004479.509,2026-05-29 00:41:19,592,NORMAL,57.6,33.7944,61.5307,58.1931,18.3212,2.8251,30.4811,71.7087,90.5013,20.4211,1.5062,4.1501,13.2956,3.6989,0.0005,0.0000,0.0000,0.0000
5,hasta_001,1780004479.585,2026-05-29 00:41:19,593,NORMAL,57.6,35.3861,56.7247,46.3326,18.4632,2.6378,30.2027,71.5755,90.8412,20.3825,1.4964,4.1501,13.2956,3.7144,0.0005,0.0000,0.0000,0.0000
5,hasta_001,1780004479.644,2026-05-29 00:41:19,594,NORMAL,57.6,36.9511,51.7009,33.2759,18.6119,2.5073,29.9385,71.4021,91.0730,20.3475,1.4884,4.1501,13.2956,3.7290,0.0005,0.0000,0.0000,0.0000
5,hasta_001,1780004479.687,2026-05-29 00:41:19,595,NORMAL,62.4,38.1236,47.2232,21.3238,18.7835,2.4125,29.6852,71.1944,91.2078,20.3167,1.4821,4.1501,13.2956,3.7426,0.0006,0.0000,0.0000,0.0000
5,hasta_001,1780004479.759,2026-05-29 00:41:19,596,NORMAL,72.6,39.2659,41.6038,5.7818,18.9921,2.2659,29.4425,70.9427,91.2153,20.2892,1.4758,4.1501,13.2956,3.7547,0.0006,0.0000,0.0000,0.0000
5,hasta_001,1780004479.812,2026-05-29 00:41:19,597,NORMAL,72.1,39.7082,38.2147,3.8332,19.1442,2.1224,29.2048,70.6662,91.2095,20.2647,1.4703,4.1501,13.2956,3.7652,0.0006,0.0000,0.0000,0.0000
5,hasta_001,1780004479.860,2026-05-29 00:41:19,598,NORMAL,72.1,39.8415,35.8311,10.5994,19.2525,1.9644,28.9696,70.3727,91.2621,20.2421,1.4649,4.1501,13.2956,3.7739,0.0006,0.0000,0.0000,0.0000
5,hasta_001,1780004479.900,2026-05-29 00:41:19,599,NORMAL,71.4,39.7213,34.4253,14.2852,19.3428,1.8452,28.7353,70.0716,91.3484,20.2213,1.4597,4.1501,13.2956,3.7809,0.0006,0.0000,0.0000,0.0000
5,hasta_001,1780004479.953,2026-05-29 00:41:19,600,NORMAL,68.4,39.4233,33.4341,16.4407,19.4668,1.7001,28.5010,69.7670,91.4557,20.2023,1.4545,4.1501,13.2956,3.7857,0.0006,0.0000,0.0000,0.0000
5,hasta_001,1780004479.995,2026-05-29 00:41:19,601,NORMAL,66.7,39.0092,32.7611,17.4116,19.6257,1.6295,28.2658,69.4607,91.5729,20.1845,1.4484,4.1501,13.2956,3.7891,0.0006,0.0000,0.0000,0.0000
5,hasta_001,1780004480.042,2026-05-29 00:41:20,602,NORMAL,66.7,38.3875,32.3160,17.1745,19.7985,1.5755,28.0288,69.1542,91.6883,20.1679,1.4413,4.1501,13.2956,3.7913,0.0006,0.0000,0.0000,0.0000
5,hasta_001,1780004480.085,2026-05-29 00:41:20,603,NORMAL,68.4,37.4994,31.7909,16.4770,19.9607,1.5694,27.7877,68.8472,91.7984,20.1522,1.4332,4.1501,13.2956,3.7925,0.0006,0.0000,0.0000,0.0000
5,hasta_001,1780004480.130,2026-05-29 00:41:20,604,NORMAL,68.4,36.1859,30.6886,16.4407,20.1851,1.5736,27.5386,68.5337,91.9078,20.1384,1.4248,4.1501,13.2956,3.7930,0.0006,0.0000,0.0000,0.0000
5,hasta_001,1780004480.218,2026-05-29 00:41:20,605,NORMAL,68.4,30.6338,25.8681,16.8691,20.5020,1.6982,27.2473,68.1828,92.0187,20.1265,1.4158,4.1501,13.2956,3.7929,0.0006,0.0000,0.0000,0.0000
5,hasta_001,1780004480.273,2026-05-29 00:41:20,606,NORMAL,72.1,24.7311,22.2066,10.7568,20.6741,1.8170,26.9105,67.8036,92.0760,20.1151,1.4058,4.1501,13.2956,3.7922,0.0006,0.0000,0.0000,0.0000
5,hasta_001,1780004480.354,2026-05-29 00:41:20,607,NORMAL,72.1,16.3564,17.1501,4.7378,20.7886,2.0451,26.5092,67.3845,92.0786,20.1033,1.3940,4.1501,13.2956,3.7906,0.0006,0.0000,0.0000,0.0000
5,hasta_001,1780004480.414,2026-05-29 00:41:20,608,NORMAL,65.9,10.8012,12.9336,17.9681,20.7513,2.2722,26.0662,66.9318,92.1864,20.0899,1.3799,4.1501,13.2956,3.7875,0.0006,0.0000,0.0000,0.0000
5,hasta_001,1780004480.467,2026-05-29 00:41:20,609,NORMAL,57.6,7.1432,9.9888,33.2205,20.6605,2.5480,25.5959,66.4538,92.4152,20.0746,1.3632,4.1501,13.2956,3.7835,0.0006,0.0000,0.0000,0.0000
5,hasta_001,1780004480.532,2026-05-29 00:41:20,610,NORMAL,57.6,3.5743,7.9019,75.4200,20.4762,2.8999,25.0982,65.9559,92.9884,20.0572,1.3446,4.1501,13.2956,3.7783,0.0006,0.0000,0.0000,0.0000
5,hasta_001,1780004480.576,2026-05-29 00:41:20,611,NORMAL,56.0,3.0525,7.7486,86.9566,20.3710,3.1558,24.5980,65.4521,93.6478,20.0390,1.3252,4.1501,13.2956,3.7708,0.0005,0.0000,0.0000,0.0000
5,hasta_001,1780004480.619,2026-05-29 00:41:20,612,NORMAL,56.0,3.2146,8.2803,88.1386,20.2837,3.4034,24.1011,64.9469,94.3057,20.0202,1.3055,4.1501,13.2956,3.7611,0.0005,0.0000,0.0000,0.0000
5,hasta_001,1780004480.669,2026-05-29 00:41:20,613,NORMAL,54.6,3.5508,9.8617,94.1038,20.1950,3.6393,23.6084,64.4463,94.9987,20.0012,1.2861,4.1501,13.2956,3.7480,0.0005,0.0000,0.0000,0.0000
5,hasta_001,1780004480.714,2026-05-29 00:41:20,614,NORMAL,54.6,3.3081,12.1426,114.3580,20.1491,3.8491,23.1156,63.9584,95.8484,19.9832,1.2687,4.1501,13.2956,3.7319,0.0004,0.0000,0.0000,0.0000
5,hasta_001,1780004480.760,2026-05-29 00:41:20,615,NORMAL,52.6,2.2574,15.3207,148.6313,20.1345,4.0561,22.6156,63.4908,96.9726,19.9674,1.2548,4.1501,13.2956,3.7133,0.0004,0.0000,0.0000,0.0000
5,hasta_001,1780004480.803,2026-05-29 00:41:20,616,NORMAL,51.1,2.8009,18.7743,148.0714,20.1707,4.2637,22.1213,63.0456,98.0815,19.9538,1.2436,4.1501,13.2956,3.6921,0.0004,0.0000,0.0000,0.0000
5,hasta_001,1780004480.835,2026-05-29 00:41:20,617,PARKINSON RISKI,50.5,3.5370,21.6994,143.9384,20.2352,4.4123,21.6338,62.6192,99.1471,19.9429,1.2354,4.1501,13.2956,3.6689,0.0004,0.0000,0.0000,0.0000
5,hasta_001,1780004480.886,2026-05-29 00:41:20,618,PARKINSON RISKI,50.5,4.3992,25.3032,140.7557,20.3662,4.6234,21.1545,62.2189,100.1793,19.9360,1.2307,4.1501,13.2956,3.6441,0.0005,0.0000,0.0000,0.0000
5,hasta_001,1780004480.928,2026-05-29 00:41:20,619,PARKINSON RISKI,51.5,4.9145,27.9465,140.1782,20.4773,4.7590,20.6812,61.8384,101.2009,19.9336,1.2293,4.1501,13.2956,3.6183,0.0005,0.0000,0.0000,0.0000
5,hasta_001,1780004480.961,2026-05-29 00:41:20,620,PARKINSON RISKI,52.1,5.3080,30.0232,139.9061,20.5208,4.8507,20.2213,61.4758,102.2049,19.9348,1.2298,4.1501,13.2956,3.5919,0.0005,0.0000,0.0000,0.0000
5,hasta_001,1780004481.005,2026-05-29 00:41:21,621,PARKINSON RISKI,53.0,6.1574,32.6548,136.5416,20.5124,4.9514,19.7851,61.1374,103.1559,19.9380,1.2308,4.1501,13.2956,3.5655,0.0005,0.0000,0.0000,0.0000
5,hasta_001,1780004481.058,2026-05-29 00:41:21,622,PARKINSON RISKI,53.5,7.5759,35.3744,129.4447,20.4474,5.0292,19.3969,60.8258,103.9902,19.9421,1.2317,4.1501,13.2956,3.5393,0.0004,0.0000,0.0000,0.0000
5,hasta_001,1780004481.126,2026-05-29 00:41:21,623,PARKINSON RISKI,54.9,10.3817,38.0407,114.2408,20.2981,5.0845,19.0850,60.5408,104.6031,19.9468,1.2320,4.1501,13.2956,3.5128,0.0003,0.0000,0.0000,0.0000
5,hasta_001,1780004481.161,2026-05-29 00:41:21,624,PARKINSON RISKI,54.9,12.6715,39.1662,102.2214,20.1794,5.0800,18.8530,60.2683,104.9899,19.9519,1.2317,4.1501,13.2956,3.4862,0.0005,0.0000,0.0000,0.0000
5,hasta_001,1780004481.206,2026-05-29 00:41:21,625,PARKINSON RISKI,55.4,15.6497,40.2612,88.0381,20.0152,5.0427,18.7358,60.0097,105.0373,19.9568,1.2307,4.1501,13.2956,3.4593,0.0005,0.0000,0.0000,0.0000
5,hasta_001,1780004481.262,2026-05-29 00:41:21,626,PARKINSON RISKI,55.4,18.1747,41.1516,77.4593,19.8173,4.9489,18.7290,59.7630,104.7217,19.9605,1.2297,4.1501,13.2956,3.4327,0.0006,0.0000,0.0000,0.0000
5,hasta_001,1780004481.297,2026-05-29 00:41:21,627,PARKINSON RISKI,55.4,19.4388,41.7164,72.8560,19.6853,4.8505,18.8176,59.5253,104.0335,19.9627,1.2289,4.1501,13.2956,3.4079,0.0006,0.0000,0.0000,0.0000
5,hasta_001,1780004481.350,2026-05-29 00:41:21,628,PARKINSON RISKI,54.4,20.8813,42.4948,68.2071,19.4878,4.6751,18.9404,59.2973,103.2046,19.9624,1.2290,4.1501,13.2956,3.3853,0.0007,0.0000,0.0000,0.0000
5,hasta_001,1780004481.417,2026-05-29 00:41:21,629,PARKINSON RISKI,55.4,21.9402,43.5154,65.9231,19.3042,4.4472,19.0630,59.0802,102.4010,19.9593,1.2302,4.1501,13.2956,3.3654,0.0007,0.5000,0.0000,0.0000
5,hasta_001,1780004481.479,2026-05-29 00:41:21,630,PARKINSON RISKI,54.8,23.0665,44.5142,63.4728,19.2030,4.2420,19.1827,58.8738,101.6353,19.9545,1.2320,4.1501,13.2956,3.3499,0.0008,0.5000,0.0000,0.0000
5,hasta_001,1780004481.534,2026-05-29 00:41:21,631,PARKINSON RISKI,53.9,24.3569,44.5741,58.6593,19.1762,4.0667,19.3024,58.6707,100.8794,19.9496,1.2339,4.1501,13.2956,3.3414,0.0008,0.5000,0.0000,0.0000
5,hasta_001,1780004481.577,2026-05-29 00:41:21,632,PARKINSON RISKI,53.9,25.2851,43.7532,53.5011,19.2013,3.9255,19.4239,58.4640,100.1091,19.9458,1.2356,4.1501,13.2956,3.3381,0.0008,0.5000,0.0000,0.0000
5,hasta_001,1780004481.625,2026-05-29 00:41:21,633,PARKINSON RISKI,53.9,25.6916,42.1418,48.5019,19.2556,3.7812,19.5429,58.2483,99.3255,19.9437,1.2365,4.1501,13.2956,3.3424,0.0009,0.5000,0.0000,0.0000
5,hasta_001,1780004481.679,2026-05-29 00:41:21,634,PARKINSON RISKI,53.9,25.5016,39.5314,43.1468,19.3339,3.6291,19.6560,58.0133,98.5174,19.9432,1.2368,4.1501,13.2956,3.3525,0.0010,0.5000,0.0000,0.0000
5,hasta_001,1780004481.740,2026-05-29 00:41:21,635,PARKINSON RISKI,53.9,24.6709,35.8761,37.0133,19.4014,3.4454,19.7571,57.7487,97.6805,19.9446,1.2361,4.1501,13.2956,3.3654,0.0010,0.5000,0.0000,0.0000
5,hasta_001,1780004481.794,2026-05-29 00:41:21,636,PARKINSON RISKI,51.9,23.5044,30.1747,24.8525,19.4952,3.2754,19.8441,57.4366,96.7606,19.9483,1.2340,4.1501,13.2956,3.3786,0.0011,0.5000,0.0000,0.0000
5,hasta_001,1780004481.838,2026-05-29 00:41:21,637,NORMAL,61.0,22.1215,25.0636,12.4706,19.5462,3.1054,19.9147,57.0820,95.7578,19.9536,1.2309,4.1501,13.2956,3.3903,0.0012,0.5000,0.0000,0.0000
5,hasta_001,1780004481.883,2026-05-29 00:41:21,638,NORMAL,61.1,19.7160,21.0425,6.5090,19.5609,2.9856,19.9629,56.6961,94.7167,19.9597,1.2271,4.1501,13.2956,3.4004,0.0012,0.5000,0.0000,0.0000
5,hasta_001,1780004481.936,2026-05-29 00:41:21,639,NORMAL,61.1,16.9496,18.9211,10.9922,19.5033,2.9420,19.9846,56.2963,93.7303,19.9661,1.2227,4.1501,13.2956,3.4087,0.0013,0.5000,0.0000,0.0000
5,hasta_001,1780004481.976,2026-05-29 00:41:21,640,NORMAL,53.5,15.3118,18.6227,19.5135,19.4344,2.9314,19.9889,55.8972,92.8327,19.9722,1.2182,4.1501,13.2956,3.4154,0.0013,0.5000,0.0000,0.0000
5,hasta_001,1780004482.029,2026-05-29 00:41:22,641,PARKINSON RISKI,52.9,14.0829,19.2632,31.0695,19.3656,3.0048,19.9790,55.5054,92.0490,19.9787,1.2129,4.1501,13.2956,3.4215,0.0013,0.5000,0.0000,0.0000
5,hasta_001,1780004482.070,2026-05-29 00:41:22,642,PARKINSON RISKI,52.9,14.2865,20.3517,35.0202,19.2942,3.1664,19.9662,55.1236,91.3177,19.9856,1.2065,4.1501,13.2956,3.4283,0.0013,0.5000,0.0000,0.0000
5,hasta_001,1780004482.119,2026-05-29 00:41:22,643,PARKINSON RISKI,52.9,15.3704,22.0826,35.8432,19.2586,3.3905,19.9610,54.7574,90.5997,19.9930,1.1993,4.1501,13.2956,3.4371,0.0012,0.5000,0.0000,0.0000
5,hasta_001,1780004482.162,2026-05-29 00:41:22,644,PARKINSON RISKI,52.9,16.6204,23.9929,36.3059,19.2526,3.6831,19.9657,54.4070,89.8873,20.0004,1.1920,4.1501,13.2956,3.4486,0.0011,0.5000,0.0000,0.0000
5,hasta_001,1780004482.209,2026-05-29 00:41:22,645,PARKINSON RISKI,52.9,18.3521,26.4393,36.1106,19.2981,4.0132,19.9847,54.0778,89.1747,20.0072,1.1856,4.1501,13.2956,3.4630,0.0011,0.5000,0.0000,0.0000
5,hasta_001,1780004482.277,2026-05-29 00:41:22,646,PARKINSON RISKI,53.0,20.6433,29.5151,35.3753,19.5036,4.4520,20.0211,53.7736,88.4625,20.0152,1.1790,4.1501,13.2956,3.4815,0.0011,0.5000,0.0000,0.0000
5,hasta_001,1780004482.318,2026-05-29 00:41:22,647,PARKINSON RISKI,52.5,22.1488,31.5082,34.8861,19.6675,4.6767,20.0659,53.4847,87.7603,20.0235,1.1729,4.1501,13.2956,3.5023,0.0010,0.5000,0.0000,0.0000
5,hasta_001,1780004482.361,2026-05-29 00:41:22,648,PARKINSON RISKI,53.1,23.6969,33.5031,34.2875,19.8551,4.8748,20.1219,53.2106,87.0581,20.0326,1.1674,4.1501,13.2956,3.5251,0.0009,0.5000,0.0000,0.0000
5,hasta_001,1780004482.410,2026-05-29 00:41:22,649,PARKINSON RISKI,53.1,25.0437,34.8762,32.8185,20.0507,5.1058,20.1869,52.9454,86.3498,20.0421,1.1628,4.1501,13.2956,3.5507,0.0009,0.5000,0.0000,0.0000
5,hasta_001,1780004482.459,2026-05-29 00:41:22,650,PARKINSON RISKI,53.1,25.8758,36.1232,33.0569,20.2870,5.2391,20.2559,52.6871,85.6508,20.0519,1.1599,4.1501,13.2956,3.5787,0.0008,0.5000,0.0000,0.0000
5,hasta_001,1780004482.506,2026-05-29 00:41:22,651,PARKINSON RISKI,52.1,28.0092,39.5308,34.1178,20.4468,5.2778,20.3403,52.4555,84.9679,20.0617,1.1582,4.1501,13.2956,3.6085,0.0007,0.0000,0.0000,0.0000
5,hasta_001,1780004482.553,2026-05-29 00:41:22,652,PARKINSON RISKI,52.1,31.8286,43.6355,31.2912,20.4809,5.2671,20.4531,52.2545,84.2707,20.0700,1.1576,4.1501,13.2956,3.6407,0.0008,0.0000,0.0000,0.0000
5,hasta_001,1780004482.600,2026-05-29 00:41:22,653,PARKINSON RISKI,50.1,37.9876,48.4026,24.1114,20.3627,5.2198,20.6148,52.0888,83.5183,20.0748,1.1576,4.1501,13.2956,3.6751,0.0009,0.0000,0.0000,0.0000
5,hasta_001,1780004482.640,2026-05-29 00:41:22,654,NORMAL,58.4,44.6298,52.5872,16.3704,20.1802,5.1341,20.8305,51.9526,82.7004,20.0734,1.1574,4.1501,13.2956,3.7099,0.0008,0.0000,0.0000,0.0000
5,hasta_001,1780004482.690,2026-05-29 00:41:22,655,NORMAL,67.0,51.7383,57.2849,10.1751,19.8932,5.0128,21.1040,51.8510,81.8323,20.0660,1.1557,4.1501,13.2956,3.7429,0.0007,0.0000,0.0000,0.0000
5,hasta_001,1780004482.743,2026-05-29 00:41:22,656,NORMAL,67.0,58.4678,61.3358,4.7880,19.4891,4.9416,21.4329,51.7784,80.9164,20.0518,1.1522,4.1501,13.2956,3.7736,0.0006,0.0000,0.0000,0.0000
5,hasta_001,1780004482.808,2026-05-29 00:41:22,657,NORMAL,69.0,63.3423,65.2705,2.9986,18.8894,4.9363,21.8047,51.7362,79.9757,20.0293,1.1483,4.1501,13.2956,3.8020,0.0005,0.0000,0.0000,0.0000
5,hasta_001,1780004482.871,2026-05-29 00:41:22,658,NORMAL,69.0,66.3083,68.6769,3.5094,18.2360,4.9342,22.2027,51.7195,79.0313,19.9986,1.1466,4.1501,13.2956,3.8278,0.0005,0.0000,0.0000,0.0000
5,hasta_001,1780004482.925,2026-05-29 00:41:22,659,NORMAL,69.5,67.7263,70.8546,4.5147,17.6863,4.7864,22.6142,51.7184,78.0869,19.9610,1.1477,4.1501,13.2956,3.8497,0.0004,0.0000,0.0000,0.0000
5,hasta_001,1780004482.981,2026-05-29 00:41:22,660,NORMAL,69.5,68.2470,72.0122,5.3688,17.0563,4.5077,23.0296,51.7230,77.1474,19.9163,1.1557,4.1501,13.2956,3.8667,0.0003,0.0000,0.0000,0.0000
5,hasta_001,1780004483.032,2026-05-29 00:41:23,661,NORMAL,72.6,68.1967,71.7398,5.0640,16.6204,4.2941,23.4434,51.7184,76.2033,19.8664,1.1676,4.1501,13.2956,3.8783,0.0002,0.0000,0.0000,0.0000
5,hasta_001,1780004483.083,2026-05-29 00:41:23,662,NORMAL,72.6,68.1207,70.9924,4.1285,16.3379,4.2621,23.8563,51.7024,75.2478,19.8127,1.1804,4.1501,13.2956,3.8868,0.0001,0.0000,0.0000,0.0000
5,hasta_001,1780004483.123,2026-05-29 00:41:23,663,NORMAL,73.0,67.8208,70.2357,3.4984,16.2851,4.4447,24.2665,51.6741,74.2825,19.7569,1.1876,4.1501,13.2956,3.8933,0.0001,0.0000,0.0000,0.0000
5,hasta_001,1780004483.184,2026-05-29 00:41:23,664,NORMAL,72.5,67.9655,69.3379,1.9992,16.4120,4.9954,24.6696,51.6370,73.3318,19.7030,1.1913,4.1501,13.2956,3.9019,0.0001,0.0000,0.0000,0.0000
5,hasta_001,1780004483.235,2026-05-29 00:41:23,665,NORMAL,72.5,68.5077,69.0706,0.8182,16.5594,5.5955,25.0620,51.5951,72.4194,19.6516,1.1928,4.1501,13.2956,3.9135,0.0001,0.0000,0.0000,0.0000
5,hasta_001,1780004483.276,2026-05-29 00:41:23,666,NORMAL,72.5,69.3799,68.9660,0.5983,16.7342,6.0309,25.4483,51.5493,71.5448,19.6026,1.1908,4.1501,13.2956,3.9274,0.0002,0.0000,0.0000,0.0000
5,hasta_001,1780004483.330,2026-05-29 00:41:23,667,NORMAL,61.2,69.9723,68.8591,1.6036,17.0444,6.4437,25.8300,51.4983,70.7041,19.5572,1.1835,4.1501,13.2956,3.9437,0.0003,0.0000,0.0000,0.0000
5,hasta_001,1780004483.389,2026-05-29 00:41:23,668,NORMAL,61.7,70.4075,68.7455,2.3888,17.3449,6.6866,26.2149,51.4397,69.8649,19.5154,1.1723,4.1501,13.2956,3.9612,0.0004,0.0000,0.0000,0.0000
5,hasta_001,1780004483.466,2026-05-29 00:41:23,669,NORMAL,62.7,70.8338,68.6390,3.1472,17.6519,6.7614,26.6057,51.3757,69.0201,19.4771,1.1574,4.1501,13.2956,3.9791,0.0004,0.0000,0.0000,0.0000
5,hasta_001,1780004483.534,2026-05-29 00:41:23,670,NORMAL,71.0,72.8812,69.3701,4.9365,17.9844,6.2561,27.0226,51.3111,68.1565,19.4432,1.1409,4.1501,13.2956,3.9928,0.0005,0.0000,0.0000,0.0000
5,hasta_001,1780004483.584,2026-05-29 00:41:23,671,NORMAL,72.0,73.4943,68.7773,6.6309,18.3745,5.5990,27.4505,51.2352,67.2833,19.4134,1.1215,4.1501,13.2956,4.0011,0.0005,0.0000,0.0000,0.0000
5,hasta_001,1780004483.638,2026-05-29 00:41:23,672,NORMAL,72.5,72.7878,67.1769,8.0177,19.0027,4.4452,27.8784,51.1397,66.3973,19.3896,1.0996,4.1501,13.2956,4.0001,0.0006,0.0000,0.0000,0.0000
5,hasta_001,1780004483.699,2026-05-29 00:41:23,673,NORMAL,72.6,70.8003,64.9670,8.5932,19.9282,3.0931,28.2970,51.0204,65.4889,19.3744,1.0791,4.1501,13.2956,3.9882,0.0007,0.0000,0.0000,0.0000
5,hasta_001,1780004483.765,2026-05-29 00:41:23,674,NORMAL,72.6,68.3616,62.1997,9.4391,20.6731,2.7098,28.7061,50.8726,64.5485,19.3660,1.0650,4.1501,13.2956,3.9737,0.0008,0.0000,0.0000,0.0000
5,hasta_001,1780004483.820,2026-05-29 00:41:23,675,NORMAL,72.6,65.6679,60.3014,8.5203,20.8078,2.7652,29.1049,50.7037,63.5564,19.3599,1.0547,4.1501,13.2956,3.9607,0.0009,0.0000,0.0000,0.0000
5,hasta_001,1780004483.860,2026-05-29 00:41:23,676,NORMAL,72.6,63.4804,59.1282,7.0992,20.7910,2.9221,29.4931,50.5237,62.5258,19.3552,1.0469,4.1501,13.2956,3.9498,0.0009,0.0000,0.0000,0.0000
5,hasta_001,1780004483.910,2026-05-29 00:41:23,677,NORMAL,72.6,61.1185,58.0930,5.0760,20.6743,3.0773,29.8699,50.3355,61.4502,19.3521,1.0424,4.1501,13.2956,3.9412,0.0010,0.0000,0.0000,0.0000
5,hasta_001,1780004483.961,2026-05-29 00:41:23,678,NORMAL,73.1,59.2697,57.5707,2.9082,20.2664,3.1743,30.2380,50.1444,60.3342,19.3476,1.0374,4.1501,13.2956,3.9344,0.0010,0.0000,0.0000,0.0000
5,hasta_001,1780004484.003,2026-05-29 00:41:24,679,NORMAL,73.1,58.2381,57.7069,0.9164,19.8808,3.1325,30.6014,49.9566,59.1892,19.3428,1.0335,4.1501,13.2956,3.9279,0.0011,0.0000,0.0000,0.0000
5,hasta_001,1780004484.056,2026-05-29 00:41:24,680,NORMAL,73.1,57.2653,57.8463,1.0094,19.2316,2.9804,30.9654,49.7718,58.0149,19.3340,1.0299,4.1501,13.2956,3.9203,0.0011,0.0000,0.0000,0.0000
5,hasta_001,1780004484.099,2026-05-29 00:41:24,681,NORMAL,73.1,57.6637,58.4199,1.3030,18.8234,2.7167,31.3391,49.5924,56.8197,19.3223,1.0277,4.1501,13.2956,3.9104,0.0011,0.0000,0.0000,0.0000
5,hasta_001,1780004484.151,2026-05-29 00:41:24,682,NORMAL,73.1,58.9381,59.0944,0.2648,18.2710,2.4220,31.7428,49.4200,55.5424,19.3068,1.0294,4.1501,13.2956,3.8977,0.0011,0.0000,0.0000,0.0000
5,hasta_001,1780004484.188,2026-05-29 00:41:24,683,NORMAL,72.6,60.0573,59.8228,0.3912,17.9440,2.1784,32.1873,49.2570,54.1392,19.2892,1.0344,4.1501,13.2956,3.8827,0.0011,0.0000,0.0000,0.0000
5,hasta_001,1780004484.244,2026-05-29 00:41:24,684,NORMAL,72.6,62.2939,60.7770,2.4650,17.4166,1.7078,32.6576,49.1062,52.7237,19.2682,1.0466,4.1501,13.2956,3.8634,0.0011,0.0000,0.0000,0.0000
5,hasta_001,1780004484.278,2026-05-29 00:41:24,685,NORMAL,72.6,63.8592,61.5553,3.6741,17.0906,1.4085,33.1298,48.9663,51.3681,19.2454,1.0639,4.1501,13.2956,3.8414,0.0011,0.0000,0.0000,0.0000
5,hasta_001,1780004484.338,2026-05-29 00:41:24,686,NORMAL,73.1,65.7274,62.5746,4.9146,16.6238,1.0336,33.6004,48.8395,50.0968,19.2194,1.0892,4.1501,13.2956,3.8158,0.0012,0.0000,0.0000,0.0000
5,hasta_001,1780004484.411,2026-05-29 00:41:24,687,NORMAL,73.1,67.0524,63.9116,4.7964,16.3492,0.9050,34.0603,48.7288,48.9140,19.1926,1.1195,4.1501,13.2956,3.7886,0.0012,0.0000,0.0000,0.0000
5,hasta_001,1780004484.446,2026-05-29 00:41:24,688,NORMAL,73.1,67.7044,64.7022,4.5348,16.2997,0.9106,34.5074,48.6292,47.8016,19.1669,1.1498,4.1501,13.2956,3.7610,0.0012,0.0000,0.0000,0.0000
5,hasta_001,1780004484.482,2026-05-29 00:41:24,689,NORMAL,73.1,68.2314,65.4127,4.2182,16.2976,0.9553,34.9471,48.5382,46.7315,19.1422,1.1790,4.1501,13.2956,3.7333,0.0012,0.0000,0.0000,0.0000
5,hasta_001,1780004484.537,2026-05-29 00:41:24,690,NORMAL,73.1,69.3065,66.7337,3.7824,16.1017,0.9618,35.3823,48.4614,45.7085,19.1172,1.2109,4.1501,13.2956,3.7053,0.0021,0.0000,0.0000,0.0000
5,hasta_001,1780004484.598,2026-05-29 00:41:24,691,NORMAL,73.6,70.2786,68.4348,2.6584,15.9334,0.8504,35.8138,48.4014,44.7192,19.0916,1.2450,4.1501,13.2956,3.6761,0.0021,0.0000,0.0000,0.0000
5,hasta_001,1780004484.654,2026-05-29 00:41:24,692,NORMAL,73.6,71.1067,70.1277,1.3864,15.7991,0.7045,36.2412,48.3576,43.7578,19.0653,1.2805,4.1501,13.2956,3.6456,0.0021,0.0000,0.0000,0.0000
5,hasta_001,1780004484.716,2026-05-29 00:41:24,693,NORMAL,73.6,71.5802,72.0147,0.6052,15.6686,0.5484,36.6618,48.3312,42.8271,19.0382,1.3171,4.1501,13.2956,3.6136,0.0021,0.0000,0.0000,0.0000
5,hasta_001,1780004484.760,2026-05-29 00:41:24,694,NORMAL,73.6,71.7351,73.4888,2.4152,15.5976,0.6178,37.0765,48.3176,41.9349,19.0102,1.3538,4.1501,13.2956,3.5823,0.0021,0.0000,0.0000,0.0000
5,hasta_001,1780004484.808,2026-05-29 00:41:24,695,NORMAL,73.6,72.5253,74.1633,2.2333,15.3926,0.6781,37.4937,48.3099,41.0543,18.9800,1.3931,4.1501,13.2956,3.5516,0.0029,0.0000,0.0000,0.0000
5,hasta_001,1780004484.848,2026-05-29 00:41:24,696,NORMAL,73.6,72.6673,74.7477,2.8225,15.2349,0.6484,37.9065,48.3077,40.1968,18.9479,1.4341,4.1501,13.2956,3.5208,0.0029,0.0000,0.0000,0.0000
5,hasta_001,1780004484.881,2026-05-29 00:41:24,697,NORMAL,73.1,72.8897,76.0044,4.1838,15.1262,0.8360,38.3144,48.3172,39.3728,18.9139,1.4753,4.1501,13.2956,3.4916,0.0028,0.0000,0.0000,0.0000
5,hasta_001,1780004484.934,2026-05-29 00:41:24,698,NORMAL,73.1,74.4811,77.5022,3.9757,14.9138,0.9388,38.7318,48.3408,38.5600,18.8776,1.5190,4.1501,13.2956,3.4634,0.0029,0.0000,0.0000,0.0000
5,hasta_001,1780004485.010,2026-05-29 00:41:25,699,NORMAL,73.6,78.5123,78.9499,0.5559,14.0033,0.8003,39.1797,48.3790,37.7305,18.8333,1.5818,4.1501,13.2956,3.4341,0.0021,0.0000,0.0000,0.0000
5,hasta_001,1780004485.073,2026-05-29 00:41:25,700,NORMAL,73.6,82.0494,82.2106,0.1962,13.2532,1.0883,39.6531,48.4478,36.9137,18.7835,1.6606,4.1501,13.2956,3.4074,0.0017,0.0000,0.0000,0.0000
5,hasta_001,1780004485.144,2026-05-29 00:41:25,701,NORMAL,72.6,84.4034,83.7737,0.7488,12.6399,1.5224,40.1430,48.5345,36.1160,18.7295,1.7517,4.1501,13.2956,3.3845,0.0012,0.0000,0.0000,0.0000
5,hasta_001,1780004485.210,2026-05-29 00:41:25,702,NORMAL,72.6,85.9540,86.6883,0.8507,12.0822,1.7155,40.6437,48.6530,35.3333,18.6721,1.8528,4.1501,13.2956,3.3634,0.0010,0.0000,0.0000,0.0000
5,hasta_001,1780004485.258,2026-05-29 00:41:25,703,NORMAL,72.6,86.9720,89.5203,2.8877,11.5478,1.3457,41.1491,48.8032,34.5876,18.6115,1.9626,4.1501,13.2956,3.3396,0.0013,0.0000,0.0000,0.0000
5,hasta_001,1780004487.410,2026-05-29 00:41:27,704,NORMAL,72.6,67.1950,68.3785,1.7459,9.9783,1.6144,41.4825,48.7883,33.8664,18.5387,2.1137,4.8032,11.2062,3.3191,0.0034,0.0000,0.0000,0.0000
5,hasta_001,1780004487.465,2026-05-29 00:41:27,705,NORMAL,72.6,66.5648,67.4004,1.2474,10.1177,1.6227,41.8033,48.7738,33.1725,18.4677,2.2480,4.8032,11.2062,3.2998,0.0036,0.0000,0.0000,0.0000
5,hasta_001,1780004487.509,2026-05-29 00:41:27,706,NORMAL,72.6,65.6559,65.5695,0.1316,10.2244,1.6127,42.1093,48.7516,32.4996,18.3980,2.3695,4.8032,11.2062,3.2817,0.0036,0.0000,0.0000,0.0000
5,hasta_001,1780004487.556,2026-05-29 00:41:27,707,NORMAL,72.6,64.2146,62.3981,2.8693,10.3595,1.6098,42.3960,48.7076,31.8761,18.3295,2.4796,4.8032,11.2062,3.2646,0.0037,0.0000,0.0000,0.0000
5,hasta_001,1780004487.603,2026-05-29 00:41:27,708,NORMAL,72.1,63.2309,59.1104,6.7359,10.4633,1.5468,42.6700,48.6399,31.3022,18.2622,2.5805,4.8032,11.2062,3.2480,0.0036,0.0000,0.0000,0.0000
5,hasta_001,1780004487.653,2026-05-29 00:41:27,709,NORMAL,72.1,62.6804,55.8084,11.5993,10.6805,1.4251,42.9298,48.5514,30.8048,18.1973,2.6708,4.8032,11.2062,3.2320,0.0036,0.0000,0.0000,0.0000
5,hasta_001,1780004487.698,2026-05-29 00:41:27,710,NORMAL,67.2,63.4146,53.2340,17.4552,10.8605,1.2727,43.1901,48.4467,30.3782,18.1343,2.7527,4.8032,11.2062,3.2157,0.0035,0.0000,0.0000,0.0000
5,hasta_001,1780004487.737,2026-05-29 00:41:27,711,NORMAL,62.3,64.0266,50.9416,22.7628,10.9645,1.0874,43.4490,48.3369,30.0331,18.0732,2.8288,4.8032,11.2062,3.1995,0.0034,0.0000,0.0000,0.0000
5,hasta_001,1780004487.773,2026-05-29 00:41:27,712,NORMAL,60.3,64.6837,48.8891,27.8141,11.0098,0.8766,43.7064,48.2315,29.7799,18.0122,2.9006,4.8032,11.2062,3.1833,0.0033,0.0000,0.0000,0.0000
5,hasta_001,1780004487.823,2026-05-29 00:41:27,713,NORMAL,60.8,65.2980,46.8727,32.8522,11.0415,0.7341,43.9556,48.1494,29.6676,17.9504,2.9687,4.8032,11.2062,3.1674,0.0033,0.0000,0.0000,0.0000
5,hasta_001,1780004487.866,2026-05-29 00:41:27,714,NORMAL,60.8,66.0872,45.3475,37.2232,11.1618,0.7409,44.1984,48.0965,29.7005,17.8883,3.0314,4.8032,11.2062,3.1527,0.0033,0.0000,0.0000,0.0000
5,hasta_001,1780004487.915,2026-05-29 00:41:27,715,NORMAL,60.8,67.2555,43.7839,42.2761,11.3686,0.8370,44.4412,48.0678,29.8751,17.8265,3.0876,4.8032,11.2062,3.1396,0.0032,0.0000,0.0000,0.0000
5,hasta_001,1780004487.960,2026-05-29 00:41:27,716,NORMAL,59.3,68.2127,42.3424,46.8006,11.5516,0.9824,44.6824,48.0740,30.2169,17.7645,3.1379,4.8032,11.2062,3.1289,0.0031,0.0000,0.0000,0.0000
5,hasta_001,1780004488.003,2026-05-29 00:41:28,717,NORMAL,59.3,69.1711,41.1864,50.7165,11.6868,1.1105,44.9280,48.0988,30.6076,17.7024,3.1834,4.8032,11.2062,3.1204,0.0031,0.0000,0.0000,0.0000
5,hasta_001,1780004488.052,2026-05-29 00:41:28,718,NORMAL,58.8,69.7538,39.9515,54.3317,11.8693,1.2307,45.1772,48.1331,30.9720,17.6408,3.2240,4.8032,11.2062,3.1143,0.0030,0.0000,0.0000,0.0000
5,hasta_001,1780004488.105,2026-05-29 00:41:28,719,NORMAL,58.3,70.1611,38.5325,58.1976,12.1428,1.3169,45.4309,48.1673,31.3380,17.5808,3.2585,4.8032,11.2062,3.1099,0.0030,0.0000,0.0000,0.0000
5,hasta_001,1780004488.143,2026-05-29 00:41:28,720,NORMAL,58.3,70.5888,37.4161,61.4281,12.3807,1.3547,45.6906,48.2005,31.7129,17.5218,3.2879,4.8032,11.2062,3.1070,0.0029,0.0000,0.0000,0.0000
5,hasta_001,1780004488.188,2026-05-29 00:41:28,721,NORMAL,58.3,70.8423,36.1625,64.8191,12.6689,1.3757,45.9559,48.2289,32.1079,17.4638,3.3115,4.8032,11.2062,3.1049,0.0029,0.0000,0.0000,0.0000
5,hasta_001,1780004488.236,2026-05-29 00:41:28,722,NORMAL,58.3,71.1840,35.1076,67.8821,12.9006,1.3633,46.2292,48.2521,32.5305,17.4063,3.3303,4.8032,11.2062,3.1031,0.0028,0.0000,0.0000,0.0000
5,hasta_001,1780004488.283,2026-05-29 00:41:28,723,NORMAL,58.3,71.6507,34.1948,70.7746,13.1130,1.3324,46.5138,48.2721,32.9830,17.3493,3.3447,4.8032,11.2062,3.1012,0.0028,0.0000,0.0000,0.0000
5,hasta_001,1780004488.327,2026-05-29 00:41:28,724,NORMAL,58.8,71.8189,33.2903,73.3114,13.2864,1.3086,46.8107,48.2938,33.4569,17.2918,3.3548,4.8032,11.2062,3.0990,0.0027,0.0000,0.0000,0.0000
5,hasta_001,1780004488.381,2026-05-29 00:41:28,725,NORMAL,58.8,71.7810,32.8099,74.5210,13.5757,1.2805,47.1536,48.3517,33.9373,17.2341,3.3586,4.8032,11.2062,3.0955,0.0025,0.0000,0.0000,0.0000
5,hasta_001,1780004488.442,2026-05-29 00:41:28,726,NORMAL,58.8,71.7677,34.3388,70.5497,13.8945,1.2203,47.5456,48.4528,34.4356,17.1776,3.3573,4.8032,11.2062,3.0905,0.0024,0.0000,0.0000,0.0000
5,hasta_001,1780004488.505,2026-05-29 00:41:28,727,NORMAL,59.3,71.6855,38.5358,60.1512,14.3245,1.1868,48.0067,48.6310,34.8974,17.1237,3.3508,4.8032,11.2062,3.0834,0.0022,0.0000,0.0000,0.0000
5,hasta_001,1780004488.561,2026-05-29 00:41:28,728,NORMAL,59.3,71.7762,44.1835,47.5902,14.8930,1.1383,48.5148,48.8914,35.1442,17.0749,3.3402,4.8032,11.2062,3.0739,0.0020,0.0000,0.0000,0.0000
5,hasta_001,1780004488.603,2026-05-29 00:41:28,729,NORMAL,59.3,71.9268,49.5829,36.7771,15.3894,1.0212,49.0546,49.2214,35.1739,17.0310,3.3274,4.8032,11.2062,3.0612,0.0018,0.0000,0.0000,0.0000
5,hasta_001,1780004488.656,2026-05-29 00:41:28,730,NORMAL,60.3,72.0570,55.0356,26.7857,16.0915,0.9154,49.6253,49.6141,34.7686,16.9944,3.3134,4.8032,11.2062,3.0446,0.0016,0.0000,0.0000,0.0000
5,hasta_001,1780004488.693,2026-05-29 00:41:28,731,NORMAL,64.8,72.1406,57.9814,21.7631,16.7029,0.7625,50.2011,50.0327,34.2253,16.9639,3.2990,4.8032,11.2062,3.0247,0.0015,0.0000,0.0000,0.0000
5,hasta_001,1780004488.762,2026-05-29 00:41:28,732,NORMAL,69.2,72.3296,60.9355,17.1000,17.7081,0.5287,50.7770,50.4715,33.6333,16.9424,3.2857,4.8032,11.2062,3.0007,0.0013,0.0000,0.0000,0.0000
5,hasta_001,1780004488.826,2026-05-29 00:41:28,733,NORMAL,72.4,72.4444,62.4469,14.8230,18.4131,0.5390,51.3511,50.9097,32.9726,16.9275,3.2750,4.8032,11.2062,2.9749,0.0012,0.0000,0.0000,0.0000
5,hasta_001,1780004488.871,2026-05-29 00:41:28,734,NORMAL,72.4,72.5202,62.9660,14.1036,18.7940,0.6382,51.9279,51.3333,32.1372,16.9162,3.2662,4.8032,11.2062,2.9482,0.0010,0.0000,0.0000,0.0000
5,hasta_001,1780004488.922,2026-05-29 00:41:28,735,NORMAL,72.4,72.5567,63.3713,13.5151,19.1788,0.8372,52.5137,51.7337,31.0112,16.9083,3.2595,4.8032,11.2062,2.9213,0.0009,0.0000,0.0000,0.0000
5,hasta_001,1780004488.979,2026-05-29 00:41:28,736,NORMAL,72.4,72.5148,63.4844,13.2801,19.3708,1.0639,53.0947,52.1063,29.8880,16.9016,3.2536,4.8032,11.2062,2.8947,0.0008,0.0000,0.0000,0.0000
5,hasta_001,1780004489.049,2026-05-29 00:41:29,737,NORMAL,71.4,72.3982,63.4293,13.2063,19.3697,1.3914,53.6685,52.4540,28.7985,16.8944,3.2472,4.8032,11.2062,2.8695,0.0007,0.0000,0.0000,0.0000
5,hasta_001,1780004489.102,2026-05-29 00:41:29,738,NORMAL,71.4,72.3792,63.3329,13.3316,19.2205,1.6209,54.2350,52.7709,27.7367,16.8849,3.2386,4.8032,11.2062,2.8445,0.0006,0.0000,0.0000,0.0000
5,hasta_001,1780004489.153,2026-05-29 00:41:29,739,NORMAL,71.4,72.3422,63.4172,13.1483,19.0677,1.8721,54.7969,53.0665,26.6781,16.8731,3.2281,4.8032,11.2062,2.8204,0.0006,0.0000,0.0000,0.0000
5,hasta_001,1780004489.191,2026-05-29 00:41:29,740,NORMAL,71.4,72.3577,63.4931,13.0506,18.9208,2.1117,55.3557,53.3455,25.6209,16.8598,3.2163,4.8032,11.2062,2.7976,0.0005,0.0000,0.0000,0.0000
5,hasta_001,1780004489.237,2026-05-29 00:41:29,741,NORMAL,71.9,72.3673,63.6418,12.8307,18.7119,2.4150,55.9074,53.6037,24.5900,16.8448,3.2034,4.8032,11.2062,2.7765,0.0005,0.0000,0.0000,0.0000
5,hasta_001,1780004489.287,2026-05-29 00:41:29,742,NORMAL,72.4,72.3149,63.8036,12.5058,18.4188,2.7586,56.4469,53.8406,23.6155,16.8279,3.1897,4.8032,11.2062,2.7575,0.0005,0.0000,0.0000,0.0000
5,hasta_001,1780004489.326,2026-05-29 00:41:29,743,NORMAL,72.4,72.2067,63.8897,12.2222,18.1816,3.0626,56.9621,54.0560,22.7654,16.8102,3.1762,4.8032,11.2062,2.7407,0.0005,0.0000,0.0000,0.0000
5,hasta_001,1780004489.371,2026-05-29 00:41:29,744,NORMAL,72.6,72.0635,63.9846,11.8766,17.9443,3.4173,57.4571,54.2628,22.0125,16.7916,3.1630,4.8032,11.2062,2.7268,0.0005,0.0000,0.0000,0.0000
5,hasta_001,1780004489.419,2026-05-29 00:41:29,745,NORMAL,72.6,71.9323,64.2338,11.3075,17.7292,3.7992,57.9261,54.4626,21.3731,16.7726,3.1503,4.8032,11.2062,2.7165,0.0004,0.0000,0.0000,0.0000
5,hasta_001,1780004489.466,2026-05-29 00:41:29,746,NORMAL,72.6,71.7926,64.4683,10.7504,17.5112,4.1789,58.3729,54.6569,20.8172,16.7533,3.1387,4.8032,11.2062,2.7100,0.0004,0.0000,0.0000,0.0000
5,hasta_001,1780004489.512,2026-05-29 00:41:29,747,NORMAL,72.0,71.6398,64.7298,10.1342,17.3293,4.5142,58.8079,54.8487,20.2945,16.7337,3.1277,4.8032,11.2062,2.7072,0.0004,0.0000,0.0000,0.0000
5,hasta_001,1780004489.568,2026-05-29 00:41:29,748,NORMAL,72.0,71.4078,65.1109,9.2250,17.0706,4.8798,59.2290,55.0371,19.8030,16.7136,3.1176,4.8032,11.2062,2.7090,0.0003,0.0000,0.0000,0.0000
5,hasta_001,1780004489.624,2026-05-29 00:41:29,749,NORMAL,72.0,71.1839,65.5492,8.2418,16.8037,5.1766,59.6393,55.2208,19.3223,16.6927,3.1086,4.8032,11.2062,2.7150,0.0003,0.0000,0.0000,0.0000
5,hasta_001,1780004489.664,2026-05-29 00:41:29,750,NORMAL,72.0,71.0171,65.9179,7.4475,16.6280,5.3792,60.0389,55.3991,18.8554,16.6713,3.1001,4.8032,11.2062,2.7245,0.0003,0.0000,0.0000,0.0000
5,hasta_001,1780004489.710,2026-05-29 00:41:29,751,NORMAL,72.0,70.7671,66.1413,6.7575,16.4072,5.5690,60.4257,55.5788,18.4229,16.6482,3.0916,4.8032,11.2062,2.7370,0.0003,0.0000,0.0000,0.0000
5,hasta_001,1780004489.765,2026-05-29 00:41:29,752,NORMAL,72.0,70.4728,66.4046,5.9442,16.1858,5.7670,60.8022,55.7676,18.0266,16.6231,3.0830,4.8032,11.2062,2.7524,0.0003,0.0000,0.0000,0.0000
5,hasta_001,1780004489.801,2026-05-29 00:41:29,753,NORMAL,72.0,70.2239,66.5252,5.4094,16.0132,5.8557,61.1733,55.9708,17.6675,16.5960,3.0740,4.8032,11.2062,2.7697,0.0003,0.0000,0.0000,0.0000
5,hasta_001,1780004489.859,2026-05-29 00:41:29,754,NORMAL,72.0,69.8043,66.6434,4.6332,15.7728,5.9837,61.5425,56.1967,17.3465,16.5664,3.0646,4.8032,11.2062,2.7893,0.0003,0.0000,0.0000,0.0000
5,hasta_001,1780004489.914,2026-05-29 00:41:29,755,NORMAL,72.0,69.5512,66.7998,4.0357,15.5857,6.0392,61.9165,56.4544,17.0717,16.5346,3.0548,4.8032,11.2062,2.8109,0.0003,0.0000,0.0000,0.0000
5,hasta_001,1780004489.962,2026-05-29 00:41:29,756,NORMAL,72.5,69.5829,67.1245,3.5966,15.4627,5.9578,62.3005,56.7623,16.8946,16.5010,3.0442,4.8032,11.2062,2.8332,0.0004,0.0000,0.0000,0.0000
5,hasta_001,1780004490.025,2026-05-29 00:41:30,757,NORMAL,72.5,69.8648,67.6260,3.2567,15.3767,5.7202,62.6984,57.1170,16.8178,16.4662,3.0331,4.8032,11.2062,2.8550,0.0003,0.0000,0.0000,0.0000
5,hasta_001,1780004490.081,2026-05-29 00:41:30,758,NORMAL,72.5,70.2609,68.1482,3.0527,15.3323,5.4763,63.1196,57.5096,16.7890,16.4310,3.0214,5.9782,10.5957,2.8758,0.0003,0.0000,0.0000,0.0000
5,hasta_001,1780004490.136,2026-05-29 00:41:30,759,NORMAL,72.5,70.8997,68.8231,2.9724,15.3057,5.2041,63.5692,57.9254,16.7222,16.3960,3.0099,5.9782,10.5957,2.8946,0.0003,0.0000,0.0000,0.0000
5,hasta_001,1780004490.175,2026-05-29 00:41:30,760,NORMAL,72.5,71.3983,69.2145,3.1060,15.2348,5.0004,64.0365,58.3470,16.5855,16.3610,2.9988,5.9782,10.5957,2.9119,0.0004,0.0000,0.0000,0.0000
5,hasta_001,1780004490.226,2026-05-29 00:41:30,761,NORMAL,72.5,71.9577,69.6153,3.3091,15.0656,4.7267,64.5188,58.7666,16.3541,16.3252,2.9884,5.9782,10.5957,2.9262,0.0003,0.0000,0.0000,0.0000
5,hasta_001,1780004490.269,2026-05-29 00:41:30,762,NORMAL,72.5,72.2506,69.8518,3.3762,14.8695,4.5016,65.0019,59.1791,16.0904,16.2883,2.9788,5.9782,10.5957,2.9374,0.0003,0.0000,0.0000,0.0000
5,hasta_001,1780004490.314,2026-05-29 00:41:30,763,NORMAL,73.1,72.3852,69.9513,3.4199,14.6411,4.3001,65.4770,59.5780,15.8202,16.2498,2.9700,5.9782,10.5957,2.9449,0.0003,0.0000,0.0000,0.0000
5,hasta_001,1780004490.364,2026-05-29 00:41:30,764,NORMAL,73.1,72.4665,69.9531,3.5296,14.3726,4.1224,65.9424,59.9610,15.5471,16.2091,2.9620,5.9782,10.5957,2.9486,0.0003,0.0000,0.0000,0.0000
5,hasta_001,1780004490.412,2026-05-29 00:41:30,765,NORMAL,73.1,72.2728,69.8601,3.3950,14.0727,3.9850,66.3917,60.3229,15.2745,16.1656,2.9546,5.9782,10.5957,2.9484,0.0003,0.0000,0.0000,0.0000
5,hasta_001,1780004490.469,2026-05-29 00:41:30,766,NORMAL,73.1,71.9912,69.6950,3.2411,13.8024,3.8696,66.8196,60.6577,15.0067,16.1181,2.9464,5.9782,10.5957,2.9435,0.0003,0.0000,0.0000,0.0000
5,hasta_001,1780004490.520,2026-05-29 00:41:30,767,NORMAL,73.1,71.6524,69.5604,2.9630,13.6596,3.7611,67.2321,60.9748,14.7406,16.0680,2.9367,5.9782,10.5957,2.9359,0.0002,0.0000,0.0000,0.0000
5,hasta_001,1780004490.575,2026-05-29 00:41:30,768,NORMAL,73.1,71.2639,69.4846,2.5283,13.6571,3.6635,67.6285,61.2747,14.4760,16.0164,2.9241,5.9782,10.5957,2.9258,0.0002,0.0000,0.0000,0.0000
5,hasta_001,1780004490.615,2026-05-29 00:41:30,769,NORMAL,73.1,70.8634,69.4290,2.0449,13.6494,3.5726,68.0104,61.5626,14.2195,15.9630,2.9084,5.9782,10.5957,2.9130,0.0002,0.0000,0.0000,0.0000
5,hasta_001,1780004490.678,2026-05-29 00:41:30,770,NORMAL,73.1,70.2293,69.3659,1.2370,13.5648,3.3848,68.3800,61.8396,13.9544,15.9070,2.8892,5.9782,10.5957,2.8976,0.0002,0.0000,0.0000,0.0000
5,hasta_001,1780004490.738,2026-05-29 00:41:30,771,NORMAL,73.1,69.6942,69.3553,0.4875,13.5556,3.1667,68.7274,62.0882,13.6741,15.8496,2.8668,5.9782,10.5957,2.8800,0.0002,0.0000,0.0000,0.0000
5,hasta_001,1780004490.793,2026-05-29 00:41:30,772,NORMAL,73.1,69.1785,69.3577,0.2587,13.7199,2.9084,69.0386,62.3025,13.4155,15.7932,2.8416,5.9782,10.5957,2.8603,0.0002,0.0000,0.0000,0.0000
5,hasta_001,1780004490.856,2026-05-29 00:41:30,773,NORMAL,73.1,68.6470,69.3912,1.0783,13.8707,2.5716,69.2941,62.4774,13.2236,15.7391,2.8158,5.9782,10.5957,2.8382,0.0002,0.0000,0.0000,0.0000
5,hasta_001,1780004490.898,2026-05-29 00:41:30,774,NORMAL,73.1,68.1808,69.3956,1.7660,14.0154,2.2888,69.4904,62.6175,13.1019,15.6878,2.7904,5.9782,10.5957,2.8145,0.0001,0.0000,0.0000,0.0000
5,hasta_001,1780004490.946,2026-05-29 00:41:30,775,NORMAL,72.6,67.6553,69.4034,2.5508,14.1648,1.9305,69.6230,62.7185,13.0383,15.6400,2.7669,5.9782,10.5957,2.7888,0.0001,0.0000,0.0000,0.0000
5,hasta_001,1780004490.990,2026-05-29 00:41:30,776,NORMAL,72.6,67.2630,69.4356,3.1787,14.3125,1.6467,69.6963,62.7860,13.0249,15.5969,2.7469,5.9782,10.5957,2.7614,0.0001,0.0000,0.0000,0.0000
5,hasta_001,1780004491.033,2026-05-29 00:41:31,777,NORMAL,72.1,66.9058,69.4785,3.7727,14.5756,1.3545,69.7260,62.8210,13.0314,15.5610,2.7317,5.9782,10.5957,2.7315,0.0001,0.0000,0.0000,0.0000
5,hasta_001,1780004491.064,2026-05-29 00:41:31,778,NORMAL,73.1,66.6268,69.4389,4.1334,14.8147,1.1376,69.7286,62.8274,13.0366,15.5324,2.7215,5.9782,10.5957,2.6999,0.0000,0.0000,0.0000,0.0000
5,hasta_001,1780004491.096,2026-05-29 00:41:31,779,NORMAL,73.1,66.3899,69.3333,4.3373,15.1102,0.9673,69.7175,62.8147,13.0351,15.5110,2.7146,5.9782,10.5957,2.6681,0.0000,0.0000,0.0000,0.0000
5,hasta_001,1780004491.146,2026-05-29 00:41:31,780,NORMAL,73.1,65.9698,69.0520,4.5654,15.4837,0.7371,69.6985,62.7900,13.0284,15.4979,2.7109,5.9782,10.5957,2.6367,0.0000,0.0000,0.0000,0.0000
5,hasta_001,1780004491.196,2026-05-29 00:41:31,781,NORMAL,73.1,65.6316,68.7177,4.5940,15.7643,0.5821,69.6772,62.7649,13.0245,15.4907,2.7090,5.9782,10.5957,2.6057,0.0000,0.0000,0.0000,0.0000
5,hasta_001,1780004491.237,2026-05-29 00:41:31,782,NORMAL,73.1,65.3182,68.3488,4.5345,15.9828,0.5057,69.6538,62.7428,13.0279,15.4878,2.7083,5.9782,10.5957,2.5744,0.0000,0.0000,0.0000,0.0000
5,hasta_001,1780004491.286,2026-05-29 00:41:31,783,NORMAL,73.1,65.0163,67.8628,4.2844,16.1585,0.4684,69.6304,62.7231,13.0344,15.4867,2.7080,5.9782,10.5957,2.5413,0.0000,0.0000,0.0000,0.0000
5,hasta_001,1780004491.328,2026-05-29 00:41:31,784,NORMAL,73.6,64.8277,67.2846,3.7194,16.3215,0.4873,69.6043,62.7059,13.0488,15.4860,2.7078,5.9782,10.5957,2.5037,0.0000,0.0000,0.0000,0.0000
5,hasta_001,1780004491.382,2026-05-29 00:41:31,785,NORMAL,73.6,64.6187,66.5632,2.9646,16.6197,0.5734,69.5719,62.6850,13.0666,15.4865,2.7080,5.9782,10.5957,2.4619,0.0000,0.0000,0.0000,0.0000
5,hasta_001,1780004491.440,2026-05-29 00:41:31,786,NORMAL,73.6,64.4218,65.8307,2.1633,17.0556,0.6661,69.5306,62.6589,13.0797,15.4891,2.7094,5.9782,10.5957,2.4172,0.0000,0.0000,0.0000,0.0000
5,hasta_001,1780004491.484,2026-05-29 00:41:31,787,NORMAL,73.6,64.3000,65.2019,1.3928,17.5023,0.7471,69.4833,62.6284,13.0779,15.4930,2.7119,5.9782,10.5957,2.3697,0.0000,0.0000,0.0000,0.0000
5,hasta_001,1780004491.536,2026-05-29 00:41:31,788,NORMAL,73.6,64.3208,64.6394,0.4941,18.0846,0.8939,69.4326,62.5942,13.0621,15.4991,2.7169,5.9782,10.5957,2.3214,0.0000,0.0000,0.0000,0.0000
5,hasta_001,1780004491.606,2026-05-29 00:41:31,789,NORMAL,73.6,64.3735,64.1662,0.3225,18.7648,1.1398,69.3787,62.5570,13.0386,15.5084,2.7261,5.9782,10.5957,2.2746,0.0000,0.0000,0.0000,0.0000
5,hasta_001,1780004491.654,2026-05-29 00:41:31,790,NORMAL,72.6,64.5235,64.0244,0.7765,19.1436,1.3572,69.3091,62.5124,13.0039,15.5181,2.7369,5.9782,10.5957,2.2337,0.0000,0.0000,0.0000,0.0000
5,hasta_001,1780004491.700,2026-05-29 00:41:31,791,NORMAL,72.6,64.6398,63.8558,1.2203,19.4099,1.6328,69.2353,62.4714,12.9588,15.5267,2.7475,5.9782,10.5957,2.2007,0.0001,0.0000,0.0000,0.0000
5,hasta_001,1780004491.740,2026-05-29 00:41:31,792,NORMAL,72.6,64.7706,63.7882,1.5284,19.5687,1.8997,69.1685,62.4432,12.9048,15.5314,2.7540,5.9782,10.5957,2.1795,0.0002,0.0000,0.0000,0.0000
5,hasta_001,1780004491.770,2026-05-29 00:41:31,793,NORMAL,72.6,64.8720,63.8298,1.6196,19.6689,2.1324,69.1191,62.4337,12.8466,15.5292,2.7506,5.9782,10.5957,2.1715,0.0002,0.0000,0.0000,0.0000
5,hasta_001,1780004491.828,2026-05-29 00:41:31,794,NORMAL,73.1,65.1412,63.9596,1.8306,19.7519,2.5576,69.0922,62.4483,12.7832,15.5216,2.7375,5.9782,10.5957,2.1702,0.0003,0.0000,0.0000,0.0000
5,hasta_001,1780004491.864,2026-05-29 00:41:31,795,NORMAL,73.1,65.4812,64.1978,1.9794,19.7316,2.8400,69.0907,62.4808,12.7287,15.5126,2.7219,5.9782,10.5957,2.1708,0.0003,0.0000,0.0000,0.0000
5,hasta_001,1780004491.896,2026-05-29 00:41:31,796,NORMAL,73.1,65.8812,64.5367,2.0619,19.6755,3.0842,69.1107,62.5259,12.6868,15.5033,2.7057,5.9782,10.5957,2.1722,0.0004,0.0000,0.0000,0.0000
5,hasta_001,1780004491.952,2026-05-29 00:41:31,797,NORMAL,73.1,66.4945,65.1631,2.0225,19.5686,3.4019,69.1555,62.5848,12.6613,15.4941,2.6899,5.9782,10.5957,2.1749,0.0004,0.0000,0.0000,0.0000
5,hasta_001,1780004492.017,2026-05-29 00:41:32,798,NORMAL,73.1,67.1441,65.8273,1.9807,19.4060,3.6616,69.2211,62.6536,12.6536,15.4869,2.6783,5.9782,10.5957,2.1789,0.0005,0.0000,0.0000,0.0000
5,hasta_001,1780004492.076,2026-05-29 00:41:32,799,NORMAL,73.1,67.4988,66.2679,1.8403,19.2723,3.8099,69.2983,62.7249,12.6613,15.4818,2.6705,5.9782,10.5957,2.1846,0.0005,0.0000,0.0000,0.0000
5,hasta_001,1780004492.118,2026-05-29 00:41:32,800,NORMAL,73.1,67.4489,66.4131,1.5475,19.1939,3.8657,69.3831,62.7963,12.6658,15.4815,2.6701,5.9782,10.5957,2.1920,0.0005,0.0000,0.0000,0.0000
5,hasta_001,1780004492.155,2026-05-29 00:41:32,801,NORMAL,73.1,67.1972,66.5200,1.0129,19.1462,3.8868,69.4626,62.8638,12.6633,15.4842,2.6736,5.9782,10.5957,2.2017,0.0005,0.0000,0.0000,0.0000
5,hasta_001,1780004492.193,2026-05-29 00:41:32,802,NORMAL,73.1,66.8407,66.5914,0.3736,19.0765,3.8755,69.5284,62.9263,12.6643,15.4909,2.6816,5.9782,10.5957,2.2138,0.0005,0.0000,0.0000,0.0000
5,hasta_001,1780004492.243,2026-05-29 00:41:32,803,NORMAL,73.1,66.2359,66.6137,0.5687,18.9717,3.8254,69.5799,62.9829,12.6657,15.4995,2.6911,5.9782,10.5957,2.2276,0.0006,0.0000,0.0000,0.0000
5,hasta_001,1780004492.284,2026-05-29 00:41:32,804,NORMAL,73.1,65.7324,66.6625,1.4051,18.8847,3.8357,69.6086,63.0319,12.6569,15.5117,2.7031,5.9782,10.5957,2.2453,0.0006,0.0000,0.0000,0.0000
5,hasta_001,1780004492.339,2026-05-29 00:41:32,805,NORMAL,73.1,65.4114,66.9529,2.3291,18.8257,3.9021,69.6215,63.0769,12.6457,15.5262,2.7161,5.9782,10.5957,2.2661,0.0006,0.0000,0.0000,0.0000
5,hasta_001,1780004492.402,2026-05-29 00:41:32,806,NORMAL,73.1,65.3805,67.4653,3.1387,18.7332,4.0362,69.6186,63.1177,12.6309,15.5438,2.7299,5.9782,10.5957,2.2911,0.0007,0.0000,0.0000,0.0000
5,hasta_001,1780004492.438,2026-05-29 00:41:32,807,NORMAL,72.6,65.3981,67.9247,3.7902,18.6360,4.1562,69.6049,63.1511,12.6225,15.5628,2.7434,5.9782,10.5957,2.3182,0.0007,0.0000,0.0000,0.0000
5,hasta_001,1780004492.491,2026-05-29 00:41:32,808,NORMAL,72.5,65.4026,68.5567,4.7090,18.4441,4.3776,69.5857,63.1832,12.6240,15.5807,2.7551,5.9782,10.5957,2.3471,0.0007,0.0000,0.0000,0.0000
5,hasta_001,1780004492.562,2026-05-29 00:41:32,809,NORMAL,72.0,65.2458,69.0410,5.6523,18.1853,4.6289,69.5608,63.2135,12.6359,15.5964,2.7645,5.9782,10.5957,2.3777,0.0014,0.0000,0.0000,0.0000
5,hasta_001,1780004492.611,2026-05-29 00:41:32,810,NORMAL,72.0,65.1033,69.3729,6.3500,18.0126,4.5077,69.5258,63.2355,12.6573,15.6124,2.7729,5.9782,10.5957,2.4072,0.0014,0.0000,0.0000,0.0000
5,hasta_001,1780004492.664,2026-05-29 00:41:32,811,NORMAL,72.6,64.8428,69.5494,7.0043,18.0182,4.1073,69.4805,63.2448,12.6935,15.6297,2.7814,5.9782,10.5957,2.4344,0.0015,0.0000,0.0000,0.0000
5,hasta_001,1780004492.721,2026-05-29 00:41:32,812,NORMAL,72.6,64.6731,69.7373,7.5354,18.0722,3.4786,69.4269,63.2415,12.7448,15.6487,2.7902,5.9782,10.5957,2.4575,0.0015,0.0000,0.0000,0.0000
5,hasta_001,1780004492.775,2026-05-29 00:41:32,813,NORMAL,72.6,64.5154,69.8666,7.9641,18.1908,2.6766,69.3680,63.2236,12.8061,15.6697,2.7997,5.9782,10.5957,2.4752,0.0015,0.0000,0.0000,0.0000
5,hasta_001,1780004492.830,2026-05-29 00:41:32,814,NORMAL,72.1,64.3284,70.0404,8.5019,18.4085,2.0256,69.3063,63.1949,12.8568,15.6931,2.8108,5.9782,10.5957,2.4870,0.0022,0.0000,0.0000,0.0000
5,hasta_001,1780004492.902,2026-05-29 00:41:32,815,NORMAL,72.1,64.0409,70.1001,9.0341,18.8394,1.6724,69.2356,63.1610,12.9135,15.7218,2.8251,5.9782,10.5957,2.4952,0.0022,0.0000,0.0000,0.0000
5,hasta_001,1780004492.955,2026-05-29 00:41:32,816,NORMAL,72.1,63.5707,69.8445,9.4049,19.3799,1.6423,69.1597,63.1202,12.9683,15.7564,2.8442,5.9782,10.5957,2.5035,0.0021,0.0000,0.0000,0.0000
5,hasta_001,1780004492.996,2026-05-29 00:41:32,817,NORMAL,72.1,62.8736,69.0599,9.3779,20.0325,1.7108,69.0763,63.0623,13.0116,15.7973,2.8700,5.9782,10.5957,2.5108,0.0022,0.0000,0.0000,0.0000
5,hasta_001,1780004493.049,2026-05-29 00:41:33,818,NORMAL,72.1,61.6243,67.3332,8.8540,20.9542,1.8781,68.9691,62.9775,13.0523,15.8476,2.9068,5.9782,10.5957,2.5186,0.0017,0.0000,0.0000,0.0000
5,hasta_001,1780004493.111,2026-05-29 00:41:33,819,NORMAL,72.1,60.5386,64.3884,6.1632,21.6813,2.1021,68.8194,62.8562,13.0990,15.9116,2.9497,5.9782,10.5957,2.5295,0.0015,0.0000,0.0000,0.0000
5,hasta_001,1780004493.168,2026-05-29 00:41:33,820,NORMAL,73.1,59.7963,60.6114,1.3538,22.1359,2.3064,68.6339,62.6762,13.1087,15.9856,2.9932,5.9782,10.5957,2.5396,0.0011,0.0000,0.0000,0.0000
5,hasta_001,1780004493.231,2026-05-29 00:41:33,821,NORMAL,68.1,59.3603,55.7894,6.2022,22.5417,2.4762,68.4252,62.4430,13.1541,16.0681,3.0360,5.9782,10.5957,2.5476,0.0010,0.5000,0.0000,0.0000
5,hasta_001,1780004493.273,2026-05-29 00:41:33,822,NORMAL,65.5,59.2456,50.5799,15.7809,22.6238,2.5753,68.2027,62.1421,13.2785,16.1560,3.0717,5.9782,10.5957,2.5548,0.0013,0.5000,0.0000,0.0000
5,hasta_001,1780004493.322,2026-05-29 00:41:33,823,NORMAL,56.5,59.1719,40.7000,36.9912,22.5155,2.6863,67.9710,61.7353,13.5627,16.2474,3.0963,5.9782,10.5957,2.5659,0.0041,0.5000,0.0000,0.0000
5,hasta_001,1780004493.359,2026-05-29 00:41:33,824,NORMAL,56.5,59.2398,32.2647,58.9591,22.1408,2.7584,67.9047,61.4343,14.0395,16.3487,3.0885,5.9782,10.5957,2.5755,0.0044,0.5000,0.0000,0.0000
5,hasta_001,1780004493.412,2026-05-29 00:41:33,825,NORMAL,56.5,59.3564,23.6494,86.0349,21.3808,2.8395,67.8446,61.0697,14.7460,16.4426,3.0688,5.9782,10.5957,2.5856,0.0044,0.5000,0.0000,0.0000
5,hasta_001,1780004493.460,2026-05-29 00:41:33,826,NORMAL,56.5,59.4682,17.6610,108.4084,20.5800,2.8719,67.7931,60.6705,15.6484,16.5289,3.0382,5.9782,10.5957,2.5961,0.0045,0.5000,0.0000,0.0000
5,hasta_001,1780004493.505,2026-05-29 00:41:33,827,NORMAL,56.5,59.5192,14.7142,120.7137,19.8458,2.8860,67.7539,60.2731,16.6304,16.6079,2.9998,5.9782,10.5957,2.6067,0.0045,0.5000,0.0000,0.0000
5,hasta_001,1780004493.546,2026-05-29 00:41:33,828,NORMAL,56.5,59.5489,14.1512,123.1958,19.2135,2.8890,67.7232,59.8985,17.6009,16.6808,2.9556,5.9782,10.5957,2.6179,0.0044,0.5000,0.0000,0.0000
5,hasta_001,1780004493.600,2026-05-29 00:41:33,829,NORMAL,56.5,59.6210,15.6978,116.6328,18.4205,2.8664,67.6978,59.5642,18.4762,16.7453,2.9080,5.9782,10.5957,2.6299,0.0042,0.5000,0.0000,0.0000
5,hasta_001,1780004493.663,2026-05-29 00:41:33,830,NORMAL,56.5,59.8364,17.2550,110.4700,17.8795,2.7752,67.6679,59.2644,19.2513,16.8038,2.8592,5.9782,10.5957,2.6425,0.0041,0.5000,0.0000,0.0000
5,hasta_001,1780004493.703,2026-05-29 00:41:33,831,NORMAL,56.5,59.9767,18.1611,107.0303,17.5197,2.6635,67.6342,58.9912,19.9535,16.8585,2.8093,5.9782,10.5957,2.6556,0.0041,0.5000,0.0000,0.0000
5,hasta_001,1780004493.737,2026-05-29 00:41:33,832,NORMAL,56.5,60.1450,19.6711,101.4181,17.3950,2.5411,67.5964,58.7477,20.5669,16.9117,2.7580,5.9782,10.5957,2.6695,0.0040,0.5000,0.0000,0.0000
5,hasta_001,1780004493.785,2026-05-29 00:41:33,833,NORMAL,56.5,60.3689,24.4415,84.7239,17.6256,2.2768,67.5553,58.5608,20.9992,16.9665,2.7057,5.9782,10.5957,2.6823,0.0040,0.5000,0.0000,0.0000
5,hasta_001,1780004493.826,2026-05-29 00:41:33,834,NORMAL,56.8,60.5200,29.4271,69.1359,17.6245,1.8588,67.5089,58.4281,21.2651,17.0204,2.6534,5.9782,10.5957,2.6916,0.0038,1.0000,0.0000,0.0000
5,hasta_001,1780004493.878,2026-05-29 00:41:33,835,NORMAL,56.8,60.6132,37.3260,47.5544,17.5581,1.6896,67.4535,58.3743,21.3091,17.0720,2.6028,5.9782,10.5957,2.6987,0.0036,1.0000,0.0000,0.0000
5,hasta_001,1780004493.922,2026-05-29 00:41:33,836,NORMAL,56.8,61.0216,45.0181,30.1840,17.5390,2.0321,67.3936,58.3966,21.1706,17.1219,2.5534,5.9782,10.5957,2.7075,0.0035,1.0000,0.0000,0.0000
5,hasta_001,1780004493.966,2026-05-29 00:41:33,837,NORMAL,61.9,61.4882,50.8082,19.0211,17.6516,2.5510,67.3296,58.4768,20.9065,17.1716,2.5047,5.9782,10.5957,2.7195,0.0035,1.0000,0.0000,0.0000
5,hasta_001,1780004494.020,2026-05-29 00:41:34,838,NORMAL,66.6,62.0096,56.4594,9.3699,18.0085,3.2949,67.2651,58.6144,20.5318,17.2227,2.4581,5.9782,10.5957,2.7367,0.0035,1.0000,0.0000,0.0000
5,hasta_001,1780004494.076,2026-05-29 00:41:34,839,NORMAL,67.1,62.4709,60.8260,2.6683,18.3477,3.9992,67.2010,58.8001,20.0691,17.2744,2.4156,5.9782,10.5957,2.7590,0.0035,1.0000,0.0000,0.0000
5,hasta_001,1780004494.145,2026-05-29 00:41:34,840,NORMAL,66.5,62.9017,64.4641,2.4534,18.5755,4.5868,67.1369,59.0255,19.5776,17.3261,2.3763,5.9782,10.5957,2.7860,0.0034,1.0000,0.0000,0.0000
5,hasta_001,1780004494.204,2026-05-29 00:41:34,841,NORMAL,66.0,63.2448,67.0213,5.7981,18.6340,4.8942,67.0736,59.2827,19.0858,17.3758,2.3405,5.9782,10.5957,2.8153,0.0034,1.0000,0.0000,0.0000
5,hasta_001,1780004494.265,2026-05-29 00:41:34,842,NORMAL,67.5,63.6348,69.5637,8.9024,18.6211,5.0368,67.0107,59.5698,18.5943,17.4234,2.3069,5.9782,10.5957,2.8459,0.0034,0.5000,0.0000,0.0000
5,hasta_001,1780004494.324,2026-05-29 00:41:34,843,NORMAL,67.5,64.1921,71.6264,10.9474,18.4248,5.0486,66.9485,59.8818,18.0957,17.4677,2.2745,5.9782,10.5957,2.8769,0.0032,0.5000,0.0000,0.0000
5,hasta_001,1780004494.393,2026-05-29 00:41:34,844,NORMAL,72.0,65.0921,73.4552,12.0724,18.0376,4.9555,66.8925,60.2165,17.5854,17.5073,2.2425,5.9782,10.5957,2.9073,0.0031,0.0000,0.0000,0.0000
5,hasta_001,1780004494.441,2026-05-29 00:41:34,845,NORMAL,72.0,65.9964,74.0890,11.5539,17.6375,4.8348,66.8443,60.5605,17.0606,17.5412,2.2134,5.9782,10.5957,2.9369,0.0029,0.0000,0.0000,0.0000
5,hasta_001,1780004494.483,2026-05-29 00:41:34,846,NORMAL,72.0,67.1728,74.1775,9.9111,17.1542,4.6966,66.8060,60.8924,16.5553,17.5683,2.1883,5.9782,10.5957,2.9659,0.0027,0.0000,0.0000,0.0000
5,hasta_001,1780004494.538,2026-05-29 00:41:34,847,NORMAL,72.0,69.2266,74.0450,6.7263,16.6396,4.5345,66.7855,61.1884,16.1101,17.5876,2.1698,5.9782,10.5957,2.9938,0.0026,0.0000,0.0000,0.0000
5,hasta_001,1780004494.598,2026-05-29 00:41:34,848,NORMAL,73.0,71.8785,74.3215,3.3420,16.1508,4.4553,66.7863,61.4395,15.7414,17.5981,2.1597,5.9782,10.5957,3.0214,0.0024,0.0000,0.0000,0.0000
5,hasta_001,1780004494.638,2026-05-29 00:41:34,849,NORMAL,73.0,73.2172,73.8719,0.8902,15.7666,4.4422,66.7971,61.6419,15.4423,17.6012,2.1568,5.9782,10.5957,3.0499,0.0023,0.0000,0.0000,0.0000
5,hasta_001,1780004494.695,2026-05-29 00:41:34,850,NORMAL,73.0,74.9847,73.5942,1.8718,15.2451,4.3825,66.8215,61.7966,15.2347,17.5942,2.1631,5.9782,10.5957,3.0788,0.0023,0.0000,0.0000,0.0000
5,hasta_001,1780004494.755,2026-05-29 00:41:34,851,NORMAL,72.6,75.9186,72.9873,3.9371,14.7903,4.3034,66.8530,61.9216,15.0862,17.5782,2.1766,5.9782,10.5957,3.1083,0.0022,0.0000,0.0000,0.0000
5,hasta_001,1780004494.820,2026-05-29 00:41:34,852,NORMAL,72.5,75.7562,73.3684,3.2025,14.5523,4.7495,66.8815,62.0252,14.9703,17.5519,2.1939,5.9782,10.5957,3.1435,0.0020,0.0000,0.0000,0.0000
5,hasta_001,1780004494.872,2026-05-29 00:41:34,853,NORMAL,72.5,75.9747,74.3981,2.0969,14.5575,5.2782,66.9110,62.1248,14.8643,17.5198,2.2092,5.9782,10.5957,3.1830,0.0017,0.0000,0.0000,0.0000
5,hasta_001,1780004494.916,2026-05-29 00:41:34,854,NORMAL,72.5,74.7434,75.0441,0.4016,14.8068,5.8812,66.9295,62.2255,14.7501,17.4866,2.2197,5.9782,10.5957,3.2267,0.0014,0.0000,0.0000,0.0000
5,hasta_001,1780004494.971,2026-05-29 00:41:34,855,NORMAL,65.7,71.5360,74.7745,4.4269,15.6153,6.8371,66.9210,62.3205,14.6744,17.4569,2.2207,5.9782,10.5957,3.2767,0.0012,0.0000,0.0000,0.0000
5,hasta_001,1780004495.025,2026-05-29 00:41:35,856,NORMAL,64.7,68.9933,74.8548,8.1495,16.4261,7.9374,66.8916,62.4152,14.6316,17.4324,2.2157,5.9782,10.5957,3.3339,0.0008,0.0000,0.0000,0.0000
5,hasta_001,1780004495.081,2026-05-29 00:41:35,857,NORMAL,61.0,66.6836,75.1362,11.9202,17.0205,8.7230,66.8440,62.5128,14.6209,17.4128,2.2089,5.9782,10.5957,3.3950,0.0005,0.0000,0.0000,0.0000
5,hasta_001,1780004495.135,2026-05-29 00:41:35,858,NORMAL,58.4,63.7807,75.0086,16.1799,17.4904,9.3278,66.7724,62.6101,14.6446,17.3984,2.2027,5.9782,10.5957,3.4593,0.0007,0.0000,0.0000,0.0000
5,hasta_001,1780004495.230,2026-05-29 00:41:35,859,NORMAL,52.9,60.7973,75.8411,22.0199,17.9336,10.0297,66.6761,62.7136,14.7186,17.3889,2.1979,5.9782,10.5957,3.5272,0.0005,0.0000,0.0000,0.0000
5,hasta_001,1780004495.299,2026-05-29 00:41:35,860,NORMAL,51.4,59.8832,75.9788,23.6941,17.8229,11.7541,66.5722,62.8177,14.8073,17.3798,2.1938,5.9782,10.5957,3.6076,0.0005,0.0000,0.0000,0.0000
5,hasta_001,1780004495.389,2026-05-29 00:41:35,861,NORMAL,52.4,62.5355,78.0180,22.0307,17.0758,14.0895,66.4903,62.9375,14.8839,17.3661,2.1906,5.9782,10.5957,3.7049,0.0001,0.0000,0.0000,0.0000
5,hasta_001,1780004495.492,2026-05-29 00:41:35,862,NORMAL,51.4,36.9554,83.9137,77.7010,14.8086,24.2556,66.1956,63.1051,15.4272,17.3360,2.2007,6.5852,9.6560,3.8840,0.0007,0.0000,0.0000,0.0000
5,hasta_001,1780004495.534,2026-05-29 00:41:35,863,NORMAL,51.4,32.0257,89.0172,94.1674,13.8833,27.4140,65.8608,63.3145,16.1101,17.3002,2.2215,6.5852,9.6560,4.0869,0.0013,0.0000,0.0000,0.0000
5,hasta_001,1780004495.578,2026-05-29 00:41:35,864,NORMAL,51.4,26.7257,89.8145,108.2697,12.6916,30.1433,65.4829,63.5297,16.9134,17.2564,2.2598,6.5852,9.6560,4.3097,0.0017,0.0000,0.0000,0.0000
5,hasta_001,1780004495.623,2026-05-29 00:41:35,865,NORMAL,51.4,25.1816,89.5195,112.1837,12.1414,32.1217,65.0934,63.7404,17.7540,17.2099,2.3067,6.5852,9.6560,4.5457,0.0028,0.0000,0.0000,0.0000
5,hasta_001,1780004495.670,2026-05-29 00:41:35,866,NORMAL,51.4,28.0213,86.3771,102.0221,11.2138,33.3885,64.7286,63.9230,18.5146,17.1574,2.3700,6.5852,9.6560,4.7891,0.0037,0.0000,0.0000,0.0000
5,hasta_001,1780004495.716,2026-05-29 00:41:35,867,NORMAL,51.4,36.6912,88.2725,82.5540,10.9984,33.7392,64.4374,64.1192,19.1181,17.1046,2.4351,6.5852,9.6560,5.0326,0.0050,0.0000,0.0000,0.0000
5,hasta_001,1780004495.768,2026-05-29 00:41:35,868,NORMAL,51.4,40.1314,85.0184,71.7332,11.6623,33.5137,64.1767,64.2851,19.6390,17.0596,2.4849,6.5852,9.6560,5.2713,0.0052,0.0000,0.0000,0.0000
5,hasta_001,1780004495.811,2026-05-29 00:41:35,869,NORMAL,51.4,39.3610,62.9616,46.1298,12.3085,32.6933,63.9115,64.2635,19.9547,17.0221,2.5221,6.5852,9.6560,5.5006,0.0056,0.0000,0.0000,0.0000
5,hasta_001,1780004495.857,2026-05-29 00:41:35,870,NORMAL,55.3,37.3763,43.4213,14.9632,12.7002,31.4329,63.6312,64.0760,20.0174,16.9894,2.5523,6.5852,9.6560,5.7177,0.0056,0.0000,0.0000,0.0000
5,hasta_001,1780004495.890,2026-05-29 00:41:35,871,NORMAL,56.2,31.9657,30.0282,6.2504,13.1900,30.0247,63.3078,63.7751,20.0131,16.9626,2.5750,6.5852,9.6560,5.9215,0.0054,0.0000,0.0000,0.0000
5,hasta_001,1780004495.939,2026-05-29 00:41:35,872,NORMAL,55.8,23.0698,20.3988,12.2892,14.3055,27.6374,62.9128,63.3917,20.0660,16.9469,2.5854,6.5852,9.6560,6.1037,0.0053,0.0000,0.0000,0.0000
5,hasta_001,1780004495.993,2026-05-29 00:41:35,873,NORMAL,56.2,13.6612,12.5635,8.3721,15.3426,23.7277,62.4415,62.9420,20.0907,16.9413,2.5882,6.5852,9.6560,6.2527,0.0044,0.0000,0.0000,0.0000
5,hasta_001,1780004496.052,2026-05-29 00:41:36,874,NORMAL,51.4,7.4093,5.5765,28.2280,17.2947,18.5902,61.9215,62.4332,20.2873,16.9540,2.5861,6.5852,9.6560,6.3577,0.0045,0.0000,0.0000,0.0000
5,hasta_001,1780004496.118,2026-05-29 00:41:36,875,NORMAL,54.3,4.2745,5.0851,17.3202,18.4921,13.5641,61.3775,61.9189,20.3980,16.9782,2.5868,6.5852,9.6560,6.4204,0.0025,0.0000,0.0000,0.0000
5,hasta_001,1780004496.175,2026-05-29 00:41:36,876,NORMAL,51.9,2.5065,12.6007,133.6343,19.5306,10.4581,60.8186,61.4645,21.4817,17.0121,2.5934,6.5852,9.6560,6.4579,0.0014,0.0000,0.0000,0.0000
5,hasta_001,1780004496.232,2026-05-29 00:41:36,877,NORMAL,54.4,2.9825,16.5838,139.0280,20.1548,8.0201,60.2612,61.0391,22.6131,17.0519,2.6046,6.5852,9.6560,6.4771,0.0045,0.0000,0.0000,0.0000
5,hasta_001,1780004496.275,2026-05-29 00:41:36,878,NORMAL,55.9,4.4955,25.3566,139.7635,21.2192,6.3380,59.7132,60.6826,23.7524,17.1010,2.6271,6.5852,9.6560,6.4843,0.0070,0.0000,0.0000,0.0000
5,hasta_001,1780004496.327,2026-05-29 00:41:36,879,PARKINSON RISKI,80.5,4.5021,34.0267,153.2596,22.2020,4.1518,59.1598,60.3926,25.0048,17.1585,2.6624,6.5852,9.6560,6.4755,0.0081,0.0000,3.2500,0.0000
5,hasta_001,1780004496.386,2026-05-29 00:41:36,880,PARKINSON RISKI,80.0,6.5240,35.6195,138.0781,23.5194,2.8954,58.6192,60.1126,26.1295,17.2275,2.7184,6.5852,9.6560,6.4580,0.0092,0.0000,3.0000,0.0000
5,hasta_001,1780004496.426,2026-05-29 00:41:36,881,PARKINSON RISKI,80.0,6.5474,35.1702,137.2218,24.4743,2.6433,58.0741,59.8256,27.2455,17.3059,2.7897,7.7435,9.3266,6.4406,0.0094,0.0000,3.0000,0.0000
5,hasta_001,1780004496.476,2026-05-29 00:41:36,882,NORMAL,57.6,9.0630,34.5232,116.8271,25.2892,2.8620,57.5476,59.5312,28.1909,17.3927,2.8734,7.7435,9.3266,6.4269,0.0101,0.0000,0.0000,0.0000
5,hasta_001,1780004496.518,2026-05-29 00:41:36,883,NORMAL,57.6,21.0863,38.3364,58.0590,26.0733,2.8676,57.1201,59.2677,28.6462,17.4880,2.9686,7.7435,9.3266,6.4150,0.0113,0.0000,0.0000,0.0000
5,hasta_001,1780004496.575,2026-05-29 00:41:36,884,NORMAL,57.6,27.5587,41.4972,40.3688,27.2633,2.8452,56.7459,59.0306,28.9532,17.5954,3.0848,7.7435,9.3266,6.4044,0.0112,0.0000,0.0000,0.0000
5,hasta_001,1780004496.609,2026-05-29 00:41:36,885,NORMAL,57.6,25.6343,42.5378,49.5907,28.1190,2.5845,56.3572,58.8029,29.3382,17.7125,3.2128,7.7435,9.3266,6.3927,0.0125,0.0000,0.0000,0.0000
5,hasta_001,1780004496.659,2026-05-29 00:41:36,886,NORMAL,58.3,28.6435,45.6237,45.7275,29.6560,1.9928,55.9960,58.6023,29.6922,17.8446,3.3713,7.7435,9.3266,6.3770,0.0138,0.0000,0.0000,0.0000
5,hasta_001,1780004496.709,2026-05-29 00:41:36,887,NORMAL,58.3,32.4689,48.4213,39.4421,31.1190,1.6640,55.6694,58.4261,29.9962,17.9901,3.5591,7.7435,9.3266,6.3596,0.0144,0.0000,0.0000,0.0000
5,hasta_001,1780004496.749,2026-05-29 00:41:36,888,NORMAL,61.3,39.7410,50.5267,23.8972,32.2110,1.5128,55.4068,58.2682,30.1743,18.1447,3.7646,7.7435,9.3266,6.3416,0.0158,0.0000,0.0000,0.0000
5,hasta_001,1780004496.811,2026-05-29 00:41:36,889,NORMAL,72.6,47.8595,51.9625,8.2208,33.9651,1.3301,55.2151,58.1226,30.2258,18.3140,4.0076,7.7435,9.3266,6.3230,0.0176,0.0000,0.0000,0.0000
5,hasta_001,1780004496.846,2026-05-29 00:41:36,890,NORMAL,73.6,49.8739,51.1546,2.5352,34.9956,1.3322,55.0454,57.9708,30.2366,18.4926,4.2614,7.7435,9.3266,6.3059,0.0185,0.0000,0.0000,0.0000
5,hasta_001,1780004496.885,2026-05-29 00:41:36,891,NORMAL,73.6,52.1118,50.6471,2.8508,36.5425,1.5014,54.8989,57.8149,30.2563,18.6842,4.5426,7.7435,9.3266,6.2920,0.0193,0.0000,0.0000,0.0000
5,hasta_001,1780004496.918,2026-05-29 00:41:36,892,NORMAL,73.1,53.1435,49.3333,7.4362,37.9381,1.6837,54.7653,57.6481,30.3161,18.8860,4.8454,8.9394,9.0003,6.2818,0.0199,0.0000,0.0000,0.0000
5,hasta_001,1780004496.949,2026-05-29 00:41:36,893,NORMAL,73.6,53.8546,49.2838,8.8636,38.8471,1.7930,54.6420,57.4805,30.3810,19.0941,5.1522,8.9394,9.0003,6.2753,0.0209,0.0000,0.0000,0.0000
5,hasta_001,1780004496.980,2026-05-29 00:41:36,894,NORMAL,74.1,54.1395,49.8055,8.3391,39.4577,1.7818,54.5250,57.3173,30.4357,19.3061,5.4536,8.9394,9.0003,6.2711,0.0217,0.0000,0.0000,0.0000
5,hasta_001,1780004497.012,2026-05-29 00:41:37,895,NORMAL,74.1,54.3248,48.9034,10.5038,39.9853,1.8209,54.4139,57.1464,30.5020,19.5213,5.7479,8.9394,9.0003,6.2701,0.0213,0.0000,0.0000,0.0000
5,hasta_001,1780004497.064,2026-05-29 00:41:37,896,NORMAL,73.4,53.8020,47.3835,12.6865,40.2982,1.6449,54.3017,56.9627,30.5812,19.7378,6.0302,8.9394,9.0003,6.2701,0.0224,0.0000,0.0000,0.0000
5,hasta_001,1780004497.108,2026-05-29 00:41:37,897,NORMAL,73.9,52.7422,45.6066,14.5109,40.4556,1.2732,54.1837,56.7637,30.6707,19.9535,6.2985,8.9394,9.0003,6.2695,0.0228,0.0000,0.0000,0.0000
5,hasta_001,1780004497.151,2026-05-29 00:41:37,898,NORMAL,75.1,51.1207,45.6475,11.3120,40.2973,1.0646,54.0545,56.5655,30.7306,20.1659,6.5464,8.9394,9.0003,6.2688,0.0228,0.0000,0.0000,0.0000
5,hasta_001,1780004497.188,2026-05-29 00:41:37,899,NORMAL,75.1,49.4992,46.4787,6.2941,40.0878,0.9331,53.9137,56.3750,30.7469,20.3740,6.7754,8.9394,9.0003,6.2686,0.0228,0.0000,0.0000,0.0000
5,hasta_001,1780004497.235,2026-05-29 00:41:37,900,NORMAL,75.6,47.9069,48.1744,0.5569,39.8730,0.7089,53.7632,56.2010,30.7135,20.5773,6.9881,8.9394,9.0003,6.2683,0.0229,0.0000,0.0000,0.0000
5,hasta_001,1780004497.277,2026-05-29 00:41:37,901,NORMAL,75.1,47.4109,50.0987,5.5130,39.7981,0.7000,53.6114,56.0459,30.7211,20.7775,7.1888,10.1391,8.6773,6.2693,0.0228,0.0000,0.0000,0.0000
5,hasta_001,1780004497.333,2026-05-29 00:41:37,902,NORMAL,74.4,45.8408,52.6652,13.8557,39.5489,1.0980,53.4491,55.9152,30.7988,20.9739,7.3746,10.1391,8.6773,6.2742,0.0226,0.0000,0.0000,0.0000
5,hasta_001,1780004497.370,2026-05-29 00:41:37,903,NORMAL,67.7,45.6266,54.4576,17.6470,39.3525,1.5187,53.2875,55.8035,30.9101,21.1672,7.5478,10.1391,8.6773,6.2830,0.0224,0.0000,0.0000,0.0000
5,hasta_001,1780004497.427,2026-05-29 00:41:37,904,NORMAL,63.3,45.6538,56.8797,21.8970,39.0696,2.0037,53.1277,55.7168,31.0616,21.3568,7.7077,10.1391,8.6773,6.2956,0.0222,0.0000,0.0000,0.0000
5,hasta_001,1780004497.490,2026-05-29 00:41:37,905,NORMAL,61.6,46.7105,59.1629,23.5232,38.9734,2.4382,52.9785,55.6551,31.2329,21.5431,7.8596,10.1391,8.6773,6.3112,0.0222,0.0000,0.0000,0.0000
5,hasta_001,1780004497.529,2026-05-29 00:41:37,906,NORMAL,62.6,48.2179,60.0005,21.7755,38.9352,2.6358,52.8434,55.6065,31.3964,21.7254,8.0058,10.1391,8.6773,6.3276,0.0220,0.0000,0.0000,0.0000
5,hasta_001,1780004497.581,2026-05-29 00:41:37,907,NORMAL,61.1,47.8688,60.3561,23.0764,38.4698,2.9943,52.7065,55.5661,31.5771,21.9001,8.1394,11.3337,8.3691,6.3463,0.0220,0.0000,0.0000,0.0000
5,hasta_001,1780004497.620,2026-05-29 00:41:37,908,NORMAL,59.1,46.4858,60.7042,26.5294,37.8612,3.2863,52.5579,55.5333,31.7940,22.0649,8.2598,11.3337,8.3691,6.3662,0.0217,0.0000,0.0000,0.0000
5,hasta_001,1780004497.665,2026-05-29 00:41:37,909,NORMAL,58.1,44.2319,60.8589,31.6432,37.2780,3.7761,52.3900,55.5058,32.0550,22.2192,8.3689,11.3337,8.3691,6.3882,0.0214,0.0000,0.0000,0.0000
5,hasta_001,1780004497.717,2026-05-29 00:41:37,910,NORMAL,58.1,41.9044,60.4517,36.2406,36.3274,3.9625,52.2015,55.4760,32.3506,22.3624,8.4616,11.3337,8.3691,6.4099,0.0213,0.0000,0.0000,0.0000
5,hasta_001,1780004497.780,2026-05-29 00:41:37,911,NORMAL,58.1,41.1190,58.0505,34.1467,36.2078,4.0114,52.0055,55.4276,32.6250,22.5024,8.5501,11.3337,8.3691,6.4297,0.0197,0.0000,0.0000,0.0000
5,hasta_001,1780004497.821,2026-05-29 00:41:37,912,NORMAL,59.1,40.5299,53.3945,27.3934,35.9613,4.1870,51.8035,55.3410,32.8405,22.6390,8.6326,11.3337,8.3691,6.4488,0.0200,0.0000,0.0000,0.0000
5,hasta_001,1780004497.876,2026-05-29 00:41:37,913,NORMAL,72.3,42.3360,49.2739,15.1466,35.3017,4.4490,51.6157,55.2197,32.9532,22.7693,8.7045,11.3337,8.3691,6.4681,0.0191,0.0000,0.0000,0.0000
5,hasta_001,1780004497.932,2026-05-29 00:41:37,914,NORMAL,73.0,45.5122,49.3523,8.0960,34.7038,4.7479,51.4521,55.0980,33.0054,22.8939,8.7672,11.3337,8.3691,6.4864,0.0192,0.0000,0.0000,0.0000
5,hasta_001,1780004497.970,2026-05-29 00:41:37,915,NORMAL,72.5,46.5560,49.1683,5.4579,34.0952,5.1886,51.2944,54.9727,33.0344,23.0136,8.8211,12.4909,8.0748,6.5059,0.0181,0.0000,0.0000,0.0000
5,hasta_001,1780004498.033,2026-05-29 00:41:38,916,NORMAL,72.5,45.7602,48.2069,5.2076,33.0663,5.5470,51.1268,54.8367,33.0606,23.1251,8.8628,12.4909,8.0748,6.5265,0.0180,0.0000,0.0000,0.0000
5,hasta_001,1780004498.083,2026-05-29 00:41:38,917,NORMAL,72.5,44.5317,47.4464,6.3378,32.3980,5.7735,50.9437,54.6890,33.0966,23.2321,8.8965,12.4909,8.0748,6.5462,0.0181,0.0000,0.0000,0.0000
5,hasta_001,1780004498.157,2026-05-29 00:41:38,918,NORMAL,72.0,41.0904,45.7203,10.6667,31.4631,5.7446,50.7266,54.5215,33.1690,23.3325,8.9208,12.4909,8.0748,6.5636,0.0184,0.0000,0.0000,0.0000
5,hasta_001,1780004498.199,2026-05-29 00:41:38,919,NORMAL,72.0,39.8675,44.5143,11.0139,30.9449,5.8616,50.4964,54.3402,33.2454,23.4298,8.9396,12.4909,8.0748,6.5807,0.0139,0.0000,0.0000,0.0000
5,hasta_001,1780004498.230,2026-05-29 00:41:38,920,NORMAL,72.0,39.9280,43.0817,7.5983,30.5839,5.7794,50.2670,54.1457,33.2959,23.5247,8.9546,12.4909,8.0748,6.5966,0.0137,0.0000,0.0000,0.0000
5,hasta_001,1780004498.263,2026-05-29 00:41:38,921,NORMAL,72.5,39.9985,41.2928,3.1843,30.3053,5.7129,50.0404,53.9355,33.3140,23.6177,8.9666,12.4909,8.0748,6.6118,0.0143,0.0000,0.0000,0.0000
5,hasta_001,1780004498.314,2026-05-29 00:41:38,922,NORMAL,72.5,39.3550,39.6346,0.7079,30.1924,5.6386,49.8113,53.7109,33.3167,23.7103,8.9766,13.6423,7.8050,6.6265,0.0142,0.0000,0.0000,0.0000
5,hasta_001,1780004498.356,2026-05-29 00:41:38,923,NORMAL,72.0,36.7338,38.6121,4.9859,30.0060,5.6475,49.5655,53.4775,33.3536,23.8023,8.9841,13.6423,7.8050,6.6417,0.0145,0.0000,0.0000,0.0000
5,hasta_001,1780004498.413,2026-05-29 00:41:38,924,NORMAL,72.0,35.1888,36.6867,4.1680,29.8308,5.5234,49.3109,53.2277,33.3766,23.8935,8.9893,13.6423,7.8050,6.6558,0.0152,0.0000,0.0000,0.0000
5,hasta_001,1780004498.482,2026-05-29 00:41:38,925,NORMAL,72.0,31.4285,33.4335,6.1825,30.0189,5.3647,49.0277,52.9484,33.4087,23.9868,8.9943,13.6423,7.8050,6.6680,0.0159,0.0000,0.0000,0.0000
5,hasta_001,1780004498.555,2026-05-29 00:41:38,926,NORMAL,72.5,35.4221,35.7459,0.9102,30.8280,5.0672,48.7781,52.6841,33.3901,24.0876,9.0026,13.6423,7.8050,6.6766,0.0174,0.0000,0.0000,0.0000
5,hasta_001,1780004498.604,2026-05-29 00:41:38,927,NORMAL,73.0,40.7026,39.2360,3.6694,32.1406,5.0479,48.5723,52.4450,33.3891,24.2001,9.0181,13.6423,7.8050,6.6840,0.0181,0.0000,0.0000,0.0000
5,hasta_001,1780004498.648,2026-05-29 00:41:38,928,NORMAL,73.0,45.5831,44.4016,2.6261,33.2338,5.0435,48.4071,52.2437,33.3718,24.3234,9.0397,14.7804,7.5567,6.6895,0.0182,0.0000,0.0000,0.0000
5,hasta_001,1780004498.712,2026-05-29 00:41:38,929,NORMAL,73.0,48.8699,50.7136,3.7029,34.5069,5.1052,48.2707,52.0910,33.3555,24.4594,9.0690,14.7804,7.5567,6.6935,0.0178,0.0000,0.0000,0.0000
5,hasta_001,1780004498.761,2026-05-29 00:41:38,930,NORMAL,72.3,48.2956,55.0054,12.9908,35.2066,5.1816,48.1306,51.9713,33.4109,24.6027,9.1018,14.7804,7.5567,6.6991,0.0183,0.0000,0.0000,0.0000
5,hasta_001,1780004498.812,2026-05-29 00:41:38,931,NORMAL,59.4,45.4553,57.9033,24.0870,35.7105,5.3001,47.9690,51.8742,33.5532,24.7501,9.1372,14.7804,7.5567,6.7091,0.0187,0.0000,0.0000,0.0000
5,hasta_001,1780004498.867,2026-05-29 00:41:38,932,NORMAL,58.4,45.6627,59.1826,25.7903,36.2220,5.3502,47.8106,51.7863,33.7053,24.9013,9.1755,14.7804,7.5567,6.7247,0.0195,0.0000,0.0000,0.0000
5,hasta_001,1780004498.912,2026-05-29 00:41:38,933,NORMAL,57.4,43.0272,60.1411,33.1766,36.3581,5.3362,47.6316,51.7052,33.9154,25.0527,9.2134,14.7804,7.5567,6.7468,0.0202,0.0000,0.0000,0.0000
5,hasta_001,1780004498.963,2026-05-29 00:41:38,934,NORMAL,57.4,41.9575,61.2226,37.3427,36.1657,5.2509,47.4451,51.6317,34.1558,25.2007,9.2480,14.7804,7.5567,6.7737,0.0203,0.0000,0.0000,0.0000
5,hasta_001,1780004498.999,2026-05-29 00:41:38,935,NORMAL,57.4,42.1693,62.0411,38.1378,36.0598,5.1265,47.2629,51.5646,34.3983,25.3442,9.2817,14.7804,7.5567,6.8025,0.0212,0.0000,0.0000,0.0000
5,hasta_001,1780004499.034,2026-05-29 00:41:39,936,NORMAL,57.4,41.1339,62.6197,41.4169,35.9368,5.0404,47.0759,51.5044,34.6651,25.4822,9.3150,14.7804,7.5567,6.8308,0.0215,0.0000,0.0000,0.0000
5,hasta_001,1780004499.087,2026-05-29 00:41:39,937,NORMAL,57.4,41.3520,63.0933,41.6320,35.8589,4.9066,46.8965,51.4546,34.9339,25.6141,9.3489,14.7804,7.5567,6.8574,0.0215,0.0000,0.0000,0.0000
5,hasta_001,1780004499.130,2026-05-29 00:41:39,938,NORMAL,58.0,41.9319,63.0832,40.2825,35.9635,4.8177,46.7324,51.4192,35.1958,25.7392,9.3861,15.8554,7.3226,6.8819,0.0214,0.0000,0.0000,0.0000
5,hasta_001,1780004499.169,2026-05-29 00:41:39,939,NORMAL,58.0,42.2186,63.3272,39.9989,35.9279,4.8103,46.5798,51.4104,35.4777,25.8579,9.4240,15.8554,7.3226,6.9045,0.0216,0.0000,0.0000,0.0000
5,hasta_001,1780004499.223,2026-05-29 00:41:39,940,NORMAL,58.0,40.6514,63.8895,44.4574,35.7043,4.8108,46.4202,51.4377,35.8369,25.9710,9.4600,15.8554,7.3226,6.9254,0.0217,0.0000,0.0000,0.0000
5,hasta_001,1780004499.261,2026-05-29 00:41:39,941,NORMAL,57.4,38.5439,64.2669,50.0395,35.4406,4.9141,46.2468,51.5083,36.2022,26.0784,9.4937,15.8554,7.3226,6.9457,0.0217,0.0000,0.0000,0.0000
5,hasta_001,1780004499.312,2026-05-29 00:41:39,942,NORMAL,57.4,38.0462,65.4751,52.9918,35.0583,5.0368,46.0701,51.6325,36.5123,26.1821,9.5232,15.8554,7.3226,6.9662,0.0217,0.0000,0.0000,0.0000
5,hasta_001,1780004499.361,2026-05-29 00:41:39,943,NORMAL,57.4,38.1670,65.7417,53.0749,34.9206,5.3263,45.8951,51.8411,36.6464,26.2854,9.5501,15.8554,7.3226,6.9882,0.0216,0.0000,0.0000,0.0000
5,hasta_001,1780004499.397,2026-05-29 00:41:39,944,NORMAL,57.4,38.3314,65.7087,52.6283,34.9359,5.4781,45.7208,52.1199,36.5936,26.3921,9.5747,15.8554,7.3226,7.0109,0.0216,0.0000,0.0000,0.0000
5,hasta_001,1780004499.450,2026-05-29 00:41:39,945,NORMAL,57.4,38.7509,65.3681,51.1286,34.9788,5.5704,45.5491,52.4675,36.3027,26.5054,9.5951,15.8554,7.3226,7.0336,0.0214,0.0000,0.0000,0.0000
5,hasta_001,1780004499.503,2026-05-29 00:41:39,946,NORMAL,57.4,38.6644,63.8762,49.1744,35.1671,5.5627,45.3757,52.8526,35.8091,26.6269,9.6117,15.8554,7.3226,7.0561,0.0206,0.0000,0.0000,0.0000
5,hasta_001,1780004499.558,2026-05-29 00:41:39,947,NORMAL,57.4,38.9423,63.3700,47.7514,35.3990,5.5391,45.2043,53.2581,35.2011,26.7566,9.6242,16.9277,7.1089,7.0782,0.0201,0.0000,0.0000,0.0000
5,hasta_001,1780004499.603,2026-05-29 00:41:39,948,NORMAL,57.4,40.1198,63.3620,44.9205,35.3172,5.5444,45.0424,53.6682,34.5488,26.8907,9.6304,16.9277,7.1089,7.1003,0.0200,0.0000,0.0000,0.0000
5,hasta_001,1780004499.655,2026-05-29 00:41:39,949,NORMAL,57.4,41.4941,62.9406,41.0716,35.0697,5.5979,44.8913,54.0619,33.9191,27.0295,9.6273,16.9277,7.1089,7.1231,0.0201,0.0000,0.0000,0.0000
5,hasta_001,1780004499.697,2026-05-29 00:41:39,950,NORMAL,57.4,44.5539,62.8594,34.0842,34.8962,5.4858,44.7640,54.4419,33.2826,27.1713,9.6168,16.9277,7.1089,7.1456,0.0201,0.0000,0.0000,0.0000
5,hasta_001,1780004499.749,2026-05-29 00:41:39,951,NORMAL,58.9,48.7741,62.5825,24.8004,34.5532,5.0674,44.6706,54.8121,32.5973,27.3132,9.5990,16.9277,7.1089,7.1657,0.0203,0.0000,0.0000,0.0000
5,hasta_001,1780004499.791,2026-05-29 00:41:39,952,NORMAL,65.9,51.6883,61.4144,17.1987,34.3716,4.5831,44.6001,55.1600,31.8955,27.4547,9.5768,16.9277,7.1089,7.1827,0.0178,0.0000,0.0000,0.0000
5,hasta_001,1780004499.852,2026-05-29 00:41:39,953,NORMAL,65.9,52.5401,63.3794,18.7014,33.7326,3.3049,44.5349,55.4844,31.3453,27.5889,9.5509,16.9277,7.1089,7.1913,0.0166,0.0000,0.0000,0.0000
5,hasta_001,1780004499.901,2026-05-29 00:41:39,954,NORMAL,60.1,50.6848,64.4483,23.9087,29.7536,2.8989,44.4529,55.7763,30.9684,27.6900,9.5090,18.0122,6.9141,7.1999,0.0157,0.0000,0.0000,0.0000
5,hasta_001,1780004499.945,2026-05-29 00:41:39,955,NORMAL,57.6,46.2417,63.9794,32.1857,26.0496,2.8801,44.3332,55.9984,30.8403,27.7608,9.4649,18.0122,6.9141,7.2098,0.0149,0.0000,0.0000,0.0000
5,hasta_001,1780004499.995,2026-05-29 00:41:39,956,NORMAL,57.6,45.0176,63.0353,33.3498,23.3366,2.8802,44.1998,56.1485,30.8667,27.8091,9.4273,18.0122,6.9141,7.2169,0.0148,0.0000,0.0000,0.0000
5,hasta_001,1780004500.440,2026-05-29 00:41:40,957,NORMAL,73.1,47.1198,51.9647,9.7795,20.7560,0.9176,44.0801,56.1582,30.7897,27.8350,9.4036,18.0122,6.9141,7.2033,0.0131,0.0000,0.0000,0.0000
5,hasta_001,1780004500.494,2026-05-29 00:41:40,958,NORMAL,73.1,46.5725,49.9857,7.0696,19.1367,1.1798,43.9514,56.1042,30.7705,27.8444,9.3944,18.9876,6.7273,7.1857,0.0109,0.0000,0.0000,0.0000
5,hasta_001,1780004500.531,2026-05-29 00:41:40,959,NORMAL,72.1,44.1808,48.3032,8.9148,18.6120,1.4995,43.7990,55.9999,30.8226,27.8466,9.3922,18.9876,6.7273,7.1648,0.0107,0.0000,0.0000,0.0000
5,hasta_001,1780004500.589,2026-05-29 00:41:40,960,NORMAL,71.4,39.0732,45.1105,14.3432,18.1657,2.2475,43.6004,55.8386,30.9217,27.8432,9.3956,18.9876,6.7273,7.1454,0.0107,0.0000,0.0000,0.0000
5,hasta_001,1780004500.671,2026-05-29 00:41:40,961,NORMAL,65.4,37.7211,45.5547,18.8136,17.9325,3.4661,43.3877,55.6597,31.0301,27.8373,9.4015,18.9876,6.7273,7.1334,0.0106,0.0000,0.0000,0.0000
5,hasta_001,1780004500.734,2026-05-29 00:41:40,962,NORMAL,63.8,39.0608,47.9566,20.4462,18.1168,4.4657,43.1829,55.4796,31.1263,27.8331,9.4058,18.9876,6.7273,7.1287,0.0105,0.0000,0.0000,0.0000
5,hasta_001,1780004500.780,2026-05-29 00:41:40,963,NORMAL,57.9,38.2575,50.1043,26.8144,18.5321,5.3345,42.9668,55.3003,31.2585,27.8340,9.4049,18.9876,6.7273,7.1311,0.0103,0.0000,0.0000,0.0000
5,hasta_001,1780004500.823,2026-05-29 00:41:40,964,NORMAL,56.9,37.3981,51.8537,32.3929,19.0152,6.0003,42.7360,55.1203,31.4279,27.8421,9.3968,18.9876,6.7273,7.1398,0.0101,0.0000,0.0000,0.0000
5,hasta_001,1780004500.859,2026-05-29 00:41:40,965,NORMAL,55.9,38.4020,53.1099,32.1441,19.5908,6.3526,42.5061,54.9455,31.5995,27.8584,9.3808,20.0298,6.5595,7.1524,0.0104,0.0000,0.0000,0.0000
5,hasta_001,1780004500.909,2026-05-29 00:41:40,966,NORMAL,54.9,39.3692,54.3798,32.0229,20.2994,6.5830,42.2744,54.7805,31.7837,27.8846,9.3552,20.0298,6.5595,7.1681,0.0107,0.0000,0.0000,0.0000
5,hasta_001,1780004500.952,2026-05-29 00:41:40,967,NORMAL,54.4,38.8426,54.4828,33.5176,20.8585,6.4624,42.0212,54.6175,32.0070,27.9198,9.3208,20.0298,6.5595,7.1842,0.0113,0.0000,0.0000,0.0000
5,hasta_001,1780004500.996,2026-05-29 00:41:40,968,NORMAL,56.9,38.0770,53.8889,34.3865,21.4336,5.7207,41.7395,54.4472,32.2657,27.9638,9.2774,20.0298,6.5595,7.1948,0.0112,0.0000,0.0000,0.0000
5,hasta_001,1780004501.048,2026-05-29 00:41:41,969,NORMAL,72.0,38.2748,35.6108,7.2112,22.2829,5.1059,41.4483,54.1283,32.3184,28.0181,9.2248,20.0298,6.5595,7.2003,0.0111,0.0000,0.0000,0.0000
5,hasta_001,1780004501.086,2026-05-29 00:41:41,970,NORMAL,57.5,33.2342,22.2948,39.4007,22.6303,4.6277,41.1004,53.7008,32.6311,28.0797,9.1638,20.0298,6.5595,7.2023,0.0093,0.0000,0.0000,0.0000
5,hasta_001,1780004501.126,2026-05-29 00:41:41,971,NORMAL,57.5,31.1298,14.5358,72.6764,22.5962,4.5270,40.7272,53.2137,33.2039,28.1447,9.0967,20.0298,6.5595,7.2042,0.0086,0.0000,0.0000,0.0000
5,hasta_001,1780004501.186,2026-05-29 00:41:41,972,NORMAL,51.9,15.3589,26.1021,51.8233,22.1952,10.4889,40.2239,52.8199,33.6091,28.2084,9.0278,21.0726,6.4039,7.2520,0.0264,0.0000,0.0000,0.0000
5,hasta_001,1780004501.226,2026-05-29 00:41:41,973,NORMAL,51.4,8.8661,29.6231,107.8588,23.5046,13.7776,39.6646,52.4467,34.4905,28.2830,8.9514,21.0726,6.4039,7.3229,0.0338,0.0000,0.0000,0.0000
5,hasta_001,1780004501.278,2026-05-29 00:41:41,974,NORMAL,51.4,6.3653,33.1176,135.5133,24.4387,16.6425,39.0948,52.0974,35.6164,28.3632,8.8730,21.0726,6.4039,7.4125,0.0351,0.0000,0.0000,0.0000
5,hasta_001,1780004501.450,2026-05-29 00:41:41,975,NORMAL,54.4,19.0387,27.0465,34.7520,20.5259,7.9659,38.6573,51.6996,35.8691,28.4041,8.8253,21.0726,6.4039,7.4219,0.0359,0.0000,0.0000,0.0000
5,hasta_001,1780004501.485,2026-05-29 00:41:41,976,NORMAL,64.8,18.0552,20.8904,14.5601,19.3432,6.4115,38.2328,51.2499,35.9225,28.4285,8.7963,21.0726,6.4039,7.4092,0.0403,0.0000,0.0000,0.0000
5,hasta_001,1780004501.515,2026-05-29 00:41:41,977,NORMAL,71.3,17.4113,20.1925,14.7921,17.6791,5.2225,37.8222,50.7921,35.9465,28.4339,8.7894,21.0726,6.4039,7.3800,0.0427,0.0000,0.0000,0.0000
5,hasta_001,1780004501.567,2026-05-29 00:41:41,978,NORMAL,72.6,17.3518,18.1377,4.4286,15.5049,3.7062,37.4353,50.3181,35.8485,28.4174,8.8118,22.0792,6.2574,7.3332,0.0411,0.0000,0.0000,0.0000
5,hasta_001,1780004501.619,2026-05-29 00:41:41,979,NORMAL,72.6,10.5727,11.9163,11.9494,15.0975,2.8513,37.0168,49.7854,35.7646,28.3938,8.8436,22.0792,6.2574,7.2734,0.0408,0.0000,0.0000,0.0000
5,hasta_001,1780004501.688,2026-05-29 00:41:41,980,NORMAL,73.1,9.5275,9.5742,0.4887,15.1636,2.2869,36.5972,49.2320,35.5712,28.3716,8.8734,22.0792,6.2574,7.1945,0.0407,0.0000,0.0000,0.0000
5,hasta_001,1780004501.740,2026-05-29 00:41:41,981,NORMAL,63.9,8.8133,10.8003,20.2610,13.9237,2.3153,36.1495,48.6719,35.5565,28.3453,8.9114,22.0792,6.2574,7.0964,0.0399,0.0000,0.0000,0.0000
5,hasta_001,1780004501.784,2026-05-29 00:41:41,982,NORMAL,72.6,6.5354,6.8322,4.4397,12.2707,2.3804,35.8960,48.0296,34.9460,28.3242,8.9464,22.0792,6.2574,6.9141,0.0361,0.0000,0.0000,0.0000
5,hasta_001,1780004501.822,2026-05-29 00:41:41,983,NORMAL,58.1,15.3051,11.3421,29.7448,11.2300,3.0082,35.7566,47.3823,34.4091,28.3021,8.9853,22.0792,6.2574,6.7107,0.0335,0.0000,0.0000,0.0000
5,hasta_001,1780004501.855,2026-05-29 00:41:41,984,NORMAL,57.6,19.9135,13.7074,36.9181,10.4343,3.8466,35.6999,46.7480,33.8145,28.2833,9.0202,22.0792,6.2574,6.4916,0.0327,0.0000,0.0000,0.0000
5,hasta_001,1780004501.913,2026-05-29 00:41:41,985,NORMAL,56.9,19.6194,12.9631,40.8577,10.1299,4.9181,35.6535,46.1101,33.2201,28.2665,9.0520,22.0792,6.2574,6.2649,0.0318,0.0000,0.0000,0.0000
5,hasta_001,1780004501.993,2026-05-29 00:41:41,986,NORMAL,56.9,16.7070,11.2180,39.3127,10.7646,5.7890,35.5592,45.4837,32.6976,28.2628,9.0592,22.0792,6.2574,6.0349,0.0316,0.0000,0.0000,0.0000
5,hasta_001,1780004502.044,2026-05-29 00:41:42,987,NORMAL,54.4,14.5890,11.1183,27.0018,10.6616,7.5471,35.3750,44.8408,32.2346,28.2600,9.0646,22.0792,6.2574,5.8166,0.0314,0.0000,0.0000,0.0000
5,hasta_001,1780004502.118,2026-05-29 00:41:42,988,NORMAL,51.9,9.3352,12.0754,25.5965,11.0256,10.3837,35.1184,44.2329,31.8502,28.2546,9.0744,22.0792,6.2574,5.6238,0.0315,0.0000,0.0000,0.0000
5,hasta_001,1780004502.164,2026-05-29 00:41:42,989,NORMAL,51.4,7.9910,11.7179,37.8201,10.9954,12.0657,34.8570,43.8059,31.7809,28.2437,9.0944,22.0792,6.2574,5.4520,0.0305,0.0000,0.0000,0.0000
5,hasta_001,1780004502.221,2026-05-29 00:41:42,990,NORMAL,51.4,6.2527,10.5912,51.5141,11.0197,13.6812,34.5976,43.5323,32.0855,28.2297,9.1196,22.0792,6.2574,5.3040,0.0306,0.0000,0.0000,0.0000
5,hasta_001,1780004502.257,2026-05-29 00:41:42,991,NORMAL,51.4,5.0303,10.7998,72.8928,10.9417,14.2521,34.3732,43.3721,32.6409,28.2110,9.1527,22.0792,6.2574,5.1726,0.0304,0.0000,0.0000,0.0000
5,hasta_001,1780004502.307,2026-05-29 00:41:42,992,NORMAL,51.4,4.4521,10.5792,81.5245,10.5439,14.6738,34.2180,43.2902,33.2178,28.1796,9.2066,22.0792,6.2574,5.0646,0.0320,0.0000,0.0000,0.0000
5,hasta_001,1780004502.356,2026-05-29 00:41:42,993,NORMAL,51.4,5.9341,7.5983,24.5961,10.2404,14.9722,34.1536,43.2489,33.3530,28.1371,9.2773,22.8916,6.1134,4.9916,0.0326,0.0000,0.0000,0.0000
5,hasta_001,1780004502.395,2026-05-29 00:41:42,994,NORMAL,51.4,8.5082,5.7502,38.6847,10.0617,15.1114,34.1628,43.2503,33.4402,28.0768,9.3706,22.8916,6.1134,4.9626,0.0304,0.0000,0.0000,0.0000
5,hasta_001,1780004502.426,2026-05-29 00:41:42,995,NORMAL,51.4,12.1520,6.7280,57.4572,9.9509,15.1992,34.2284,43.2640,33.7746,28.0056,9.4750,22.8916,6.1134,4.9762,0.0269,0.0000,0.0000,0.0000
5,hasta_001,1780004502.479,2026-05-29 00:41:42,996,NORMAL,51.4,17.9907,8.3917,72.7680,9.8790,15.0985,34.3575,43.2289,33.2674,27.9252,9.5869,22.8916,6.1134,5.0149,0.0242,0.0000,0.0000,0.0000
5,hasta_001,1780004502.528,2026-05-29 00:41:42,997,NORMAL,51.4,22.6388,11.0539,68.7683,9.7728,14.8628,34.5213,43.1829,32.6819,27.8387,9.7027,22.8916,6.1134,5.0719,0.0222,0.0000,0.0000,0.0000
5,hasta_001,1780004502.600,2026-05-29 00:41:42,998,NORMAL,51.4,25.3120,8.7365,97.3643,9.7766,14.4030,34.6947,43.0444,32.3286,27.7433,9.8228,22.8916,6.1134,5.1391,0.0208,0.0000,0.0000,0.0000
5,hasta_001,1780004502.643,2026-05-29 00:41:42,999,NORMAL,51.4,27.8911,6.1186,128.0368,10.0334,13.9063,34.8896,42.8118,32.1184,27.6419,9.9416,22.8916,6.1134,5.2204,0.0186,0.0000,0.0000,0.0000
5,hasta_001,1780004502.689,2026-05-29 00:41:42,1000,NORMAL,51.4,33.9172,7.2048,129.9180,10.2375,13.2194,35.1179,42.5750,32.0504,27.5313,10.0601,23.8844,5.9860,5.3064,0.0177,0.0000,0.0000,0.0000
5,hasta_001,1780004502.744,2026-05-29 00:41:42,1001,NORMAL,51.4,26.3781,14.3939,58.7865,10.7922,12.4827,35.2832,42.4019,31.3968,27.4172,10.1710,23.8844,5.9860,5.3884,0.0159,0.0000,0.0000,0.0000
5,hasta_001,1780004502.805,2026-05-29 00:41:42,1002,NORMAL,55.8,19.8603,23.0445,14.8428,11.1502,11.7671,35.3732,42.3062,30.5469,27.2994,10.2763,23.8844,5.9860,5.4627,0.0137,0.0000,0.0000,0.0000
5,hasta_001,1780004502.870,2026-05-29 00:41:42,1003,NORMAL,51.4,16.2996,26.1264,46.3247,11.4946,11.0639,35.3333,42.2045,30.4491,27.1779,10.3758,23.8844,5.9860,5.5310,0.0131,0.0000,0.0000,0.0000
5,hasta_001,1780004504.497,2026-05-29 00:41:44,1004,NORMAL,51.4,35.8467,10.6489,108.3879,16.3003,58.7264,35.4023,41.9474,31.0159,27.0866,10.4228,24.1926,5.8502,5.9966,0.0017,0.0000,0.0000,0.0000
5,hasta_001,1780004504.567,2026-05-29 00:41:44,1005,NORMAL,51.4,17.3875,8.1293,72.5658,16.3020,60.0368,35.3336,41.6606,31.2074,26.9881,10.4683,24.1926,5.8502,6.4754,0.0033,0.0000,0.0000,0.0000
5,hasta_001,1780004504.621,2026-05-29 00:41:44,1006,NORMAL,51.4,13.9578,5.1599,92.0397,16.4362,60.3790,35.2112,41.3234,31.5933,26.8779,10.5092,24.1926,5.8502,6.9620,0.0042,0.0000,0.0000,0.0000
5,hasta_001,1780004527.946,2026-05-29 00:42:07,1007,NORMAL,51.4,29.5712,48.7311,48.9383,11.2613,22.8068,35.1871,41.3260,31.6725,26.7124,10.5970,24.1926,5.8502,7.1381,0.0051,0.0000,0.0000,0.0000
5,hasta_001,1780004527.998,2026-05-29 00:42:07,1008,NORMAL,51.4,30.3267,50.0422,49.0625,10.9879,23.0764,35.1086,41.3220,31.8822,26.5356,10.6806,17.6781,7.1493,7.3178,0.0045,0.0000,0.0000,0.0000
5,hasta_001,1780004529.308,2026-05-29 00:42:09,1009,NORMAL,73.1,103.0467,102.6676,0.3686,8.7322,4.1809,35.5685,41.7445,31.8167,26.3253,10.7802,18.1423,7.0111,7.3416,0.0011,0.0000,0.0000,0.0000
5,hasta_001,1780004529.370,2026-05-29 00:42:09,1010,NORMAL,73.1,107.7069,106.8862,0.7649,8.5483,3.5692,36.0505,42.2090,31.8020,26.1049,10.8706,18.1423,7.0111,7.3602,0.0013,0.0000,0.0000,0.0000
5,hasta_001,1780004529.424,2026-05-29 00:42:09,1011,NORMAL,73.1,106.6162,105.2512,1.2885,8.1303,3.6486,36.5047,42.6640,31.7890,25.8682,10.9498,18.1423,7.0111,7.3781,0.0014,0.0000,0.0000,0.0000
5,hasta_001,1780004529.472,2026-05-29 00:42:09,1012,NORMAL,73.1,105.4259,104.0736,1.2910,7.0972,3.9042,36.9404,43.1202,31.7378,25.6111,11.0252,18.1423,7.0111,7.3966,0.0015,0.0000,0.0000,0.0000
5,hasta_001,1780004529.520,2026-05-29 00:42:09,1013,NORMAL,73.1,105.2727,102.9783,2.2035,6.3108,3.9701,37.3688,43.5676,31.6823,25.3400,11.0962,18.1423,7.0111,7.4148,0.0017,0.0000,0.0000,0.0000
5,hasta_001,1780004529.559,2026-05-29 00:42:09,1014,NORMAL,73.1,106.4833,102.6765,3.6401,5.9353,3.6408,37.8050,44.0082,31.6431,25.0607,11.1591,18.1423,7.0111,7.4303,0.0016,0.0000,0.0000,0.0000
5,hasta_001,1780004529.617,2026-05-29 00:42:09,1015,NORMAL,72.6,107.3098,101.8135,5.2566,5.8064,2.9260,38.2466,44.4491,31.5994,24.7758,11.2106,18.1423,7.0111,7.4395,0.0017,0.0000,0.0000,0.0000
5,hasta_001,1780004529.682,2026-05-29 00:42:09,1016,NORMAL,72.1,108.7051,99.3319,9.0112,5.8664,2.2297,38.7041,44.8820,31.5687,24.4889,11.2502,18.8096,6.8935,7.4444,0.0018,0.0000,0.0000,0.0000
5,hasta_001,1780004529.716,2026-05-29 00:42:09,1017,NORMAL,72.1,110.2875,99.7975,9.9864,5.8494,2.0378,39.1837,45.3336,31.5310,24.2005,11.2807,18.8096,6.8935,7.4507,0.0018,0.0000,0.0000,0.0000
5,hasta_001,1780004529.758,2026-05-29 00:42:09,1018,NORMAL,71.4,113.6180,99.2465,13.5030,5.9220,1.9865,39.7045,45.7803,31.5493,23.9141,11.3047,18.8096,6.8935,7.4584,0.0018,0.0000,0.0000,0.0000
5,hasta_001,1780004529.825,2026-05-29 00:42:09,1019,NORMAL,71.4,112.8553,98.2679,13.8188,6.1502,1.9103,40.2324,46.2119,31.6120,23.6312,11.3211,18.8096,6.8935,7.4665,0.0019,0.0000,0.0000,0.0000
5,hasta_001,1780004529.875,2026-05-29 00:42:09,1020,NORMAL,71.4,112.1169,96.8472,14.6147,6.3273,1.9862,40.7675,46.6175,31.7292,23.3517,11.3307,18.8096,6.8935,7.4772,0.0019,0.0000,0.0000,0.0000
5,hasta_001,1780004529.921,2026-05-29 00:42:09,1021,NORMAL,68.3,111.5553,95.0039,16.0258,6.6824,2.1774,41.3020,46.9917,31.8168,23.0757,11.3301,18.8096,6.8935,7.4895,0.0018,0.0000,0.0000,0.0000
5,hasta_001,1780004529.991,2026-05-29 00:42:09,1022,NORMAL,66.0,105.4139,88.2601,17.7141,7.3004,2.8307,41.7985,47.2883,31.8489,22.8070,11.3186,18.8096,6.8935,7.5039,0.0018,0.0000,0.0000,0.0000
5,hasta_001,1780004530.048,2026-05-29 00:42:10,1023,NORMAL,66.0,100.2412,84.1799,17.4181,8.0088,3.2444,42.2536,47.5360,31.8470,22.5458,11.2954,18.8096,6.8935,7.5183,0.0017,0.0000,0.0000,0.0000
5,hasta_001,1780004530.093,2026-05-29 00:42:10,1024,NORMAL,68.7,98.9389,83.7943,16.5757,8.3887,3.4246,42.6977,47.7603,31.8027,22.2901,11.2657,18.8096,6.8935,7.5302,0.0017,0.0000,0.0000,0.0000
5,hasta_001,1780004530.147,2026-05-29 00:42:10,1025,NORMAL,68.7,99.4582,84.3110,16.4850,8.8246,3.6881,43.1372,47.9698,31.7440,22.0389,11.2269,18.8096,6.8935,7.5406,0.0017,0.0000,0.0000,0.0000
5,hasta_001,1780004530.216,2026-05-29 00:42:10,1026,NORMAL,69.0,98.7468,84.2383,15.8575,9.5614,3.9723,43.5583,48.1718,31.6947,21.7941,11.1760,18.8096,6.8935,7.5517,0.0016,0.0000,0.0000,0.0000
5,hasta_001,1780004530.266,2026-05-29 00:42:10,1027,NORMAL,71.9,98.2600,84.5033,15.0541,9.5352,4.2569,43.9782,48.3731,31.6278,21.5530,11.1256,19.4197,6.7782,7.5622,0.0016,0.0000,0.0000,0.0000
5,hasta_001,1780004530.314,2026-05-29 00:42:10,1028,NORMAL,71.3,98.7122,86.6432,13.0225,9.3975,4.5677,44.4134,48.5892,31.5153,21.3158,11.0787,19.4197,6.7782,7.5729,0.0015,0.0000,0.0000,0.0000
5,hasta_001,1780004530.360,2026-05-29 00:42:10,1029,NORMAL,72.0,99.9439,89.0579,11.5195,9.3129,4.7867,44.8777,48.8242,31.3476,21.0827,11.0345,19.4197,6.7782,7.5813,0.0015,0.0000,0.0000,0.0000
5,hasta_001,1780004530.417,2026-05-29 00:42:10,1030,NORMAL,71.3,103.5346,91.2590,12.6037,9.1375,4.8884,45.3913,49.0809,31.1506,20.8562,10.9983,19.4197,6.7782,7.5891,0.0013,0.0000,0.0000,0.0000
5,hasta_001,1780004530.479,2026-05-29 00:42:10,1031,NORMAL,71.3,106.8727,93.0237,13.8562,9.0418,4.8969,45.9392,49.3724,30.9815,20.6298,10.9595,19.4197,6.7782,7.5964,0.0014,0.0000,0.0000,0.0000
5,hasta_001,1780004530.535,2026-05-29 00:42:10,1032,NORMAL,71.3,110.3008,96.6955,13.1455,9.1180,4.8817,46.5207,49.7332,30.8628,20.4061,10.9181,19.4197,6.7782,7.6022,0.0013,0.0000,0.0000,0.0000
5,hasta_001,1780004530.572,2026-05-29 00:42:10,1033,NORMAL,71.3,110.7290,97.1450,13.0694,9.4415,5.0153,47.0906,50.1321,30.8455,20.1906,10.8771,19.4197,6.7782,7.6069,0.0014,0.0000,0.0000,0.0000
5,hasta_001,1780004530.633,2026-05-29 00:42:10,1034,NORMAL,71.3,111.7372,97.7033,13.4013,10.2357,5.2331,47.6425,50.5351,30.8897,19.9867,10.8324,19.4197,6.7782,7.6110,0.0012,0.0000,0.0000,0.0000
5,hasta_001,1780004530.688,2026-05-29 00:42:10,1035,NORMAL,64.2,106.1900,88.6887,17.9613,12.0666,5.8028,48.1394,50.8644,30.9939,19.8031,10.7783,19.4197,6.7782,7.6161,0.0011,0.0000,0.0000,0.0000
5,hasta_001,1780004530.761,2026-05-29 00:42:10,1036,NORMAL,60.5,87.5923,74.6505,15.9536,15.3835,6.5095,48.4880,51.0848,31.0834,19.6557,10.7166,19.4197,6.7782,7.6241,0.0010,0.0000,0.0000,0.0000
5,hasta_001,1780004530.816,2026-05-29 00:42:10,1037,NORMAL,65.7,67.2022,67.1183,0.1249,17.3311,7.0095,48.6770,51.2487,31.0317,19.5302,10.6547,19.4197,6.7782,7.6344,0.0012,0.0000,0.0000,0.0000
5,hasta_001,1780004530.879,2026-05-29 00:42:10,1038,NORMAL,54.4,45.8474,60.2351,27.1254,20.3154,7.3701,48.7166,51.3697,31.1688,19.4373,10.5987,19.4197,6.7782,7.6480,0.0004,0.0000,0.0000,0.0000
5,hasta_001,1780004530.944,2026-05-29 00:42:10,1039,NORMAL,54.4,31.0622,54.6184,54.9860,22.9115,7.4499,48.6432,51.4539,31.5353,19.3703,10.5511,19.4197,6.7782,7.6612,0.0003,0.0000,0.0000,0.0000
5,hasta_001,1780004530.984,2026-05-29 00:42:10,1040,NORMAL,54.4,16.5300,49.7206,100.1970,24.8890,7.1620,48.4482,51.5092,32.3069,19.3229,10.5133,19.4197,6.7782,7.6727,0.0004,0.0000,0.0000,0.0000
5,hasta_001,1780004531.034,2026-05-29 00:42:11,1041,NORMAL,54.9,8.9520,44.7696,133.3455,27.2999,6.6352,48.1895,51.5382,33.3916,19.2978,10.4906,19.4197,6.7782,7.6804,0.0003,0.0000,0.0000,0.0000
5,hasta_001,1780004531.078,2026-05-29 00:42:11,1042,NORMAL,54.4,7.6669,41.5741,137.7192,27.8920,6.4423,47.9254,51.5543,34.5333,19.2787,10.4728,19.9648,6.6654,7.6871,0.0005,0.0000,0.0000,0.0000
5,hasta_001,1780004531.132,2026-05-29 00:42:11,1043,NORMAL,56.4,4.2110,38.2578,160.3383,28.9842,6.0920,47.6544,51.5514,35.8280,19.2702,10.4645,19.9648,6.6654,7.6908,0.0004,0.0000,0.0000,0.0000
5,hasta_001,1780004531.192,2026-05-29 00:42:11,1044,NORMAL,56.9,4.0501,36.3336,159.8840,30.6125,5.6444,47.3949,51.5484,37.1256,19.2767,10.4713,19.9648,6.6654,7.6918,0.0006,0.0000,0.0000,0.0000
5,hasta_001,1780004531.230,2026-05-29 00:42:11,1045,NORMAL,56.9,2.9760,35.3440,168.9357,31.2007,5.4429,47.1578,51.5643,38.4819,19.2865,10.4819,19.9648,6.6654,7.6925,0.0007,0.0000,0.0000,0.0000
5,hasta_001,1780004531.280,2026-05-29 00:42:11,1046,NORMAL,56.9,2.9948,34.3038,167.8828,31.8173,5.2539,46.8876,51.5523,39.8733,19.2948,10.4914,19.9648,6.6654,7.6940,0.0005,0.0000,0.0000,0.0000
5,hasta_001,1780004531.333,2026-05-29 00:42:11,1047,NORMAL,57.4,3.5887,33.5407,161.3389,32.6747,5.1995,46.5783,51.5049,41.1872,19.2992,10.4970,19.9648,6.6654,7.6953,0.0004,0.0000,0.0000,0.0000
5,hasta_001,1780004531.398,2026-05-29 00:42:11,1048,NORMAL,57.4,5.6882,33.7909,142.3677,33.2753,5.1347,46.2459,51.4164,42.3517,19.2996,10.4974,19.9648,6.6654,7.6961,0.0002,0.0000,0.0000,0.0000
5,hasta_001,1780004531.474,2026-05-29 00:42:11,1049,NORMAL,57.4,7.9138,34.4823,125.3351,33.7263,5.3060,45.9046,51.2812,43.3653,19.2931,10.4882,19.9648,6.6654,7.6977,0.0004,0.0000,0.0000,0.0000
5,hasta_001,1780004531.528,2026-05-29 00:42:11,1050,NORMAL,57.4,8.7946,34.9066,119.5023,34.0369,5.4346,45.5754,51.1137,44.2529,19.2833,10.4740,19.9648,6.6654,7.6998,0.0008,0.0000,0.0000,0.0000
5,hasta_001,1780004531.584,2026-05-29 00:42:11,1051,NORMAL,57.4,13.9271,35.6595,87.6547,34.3287,5.6039,45.3126,50.9283,44.7827,19.2718,10.4566,19.9648,6.6654,7.7024,0.0011,0.0000,0.0000,0.0000
5,hasta_001,1780004531.642,2026-05-29 00:42:11,1052,NORMAL,57.4,20.0764,36.6040,58.3188,34.3894,5.7780,45.0994,50.7402,45.0537,19.2565,10.4332,19.9648,6.6654,7.7059,0.0014,0.0000,0.0000,0.0000
5,hasta_001,1780004531.682,2026-05-29 00:42:11,1053,NORMAL,57.4,26.7288,37.6923,34.0371,34.4325,5.9253,44.9636,50.5531,45.0609,19.2405,10.4083,20.5511,6.5604,7.7108,0.0014,0.0000,0.0000,0.0000
5,hasta_001,1780004531.731,2026-05-29 00:42:11,1054,NORMAL,63.2,32.0978,39.0702,19.5943,34.4118,6.0802,44.8814,50.3685,44.9130,19.2259,10.3858,20.5511,6.5604,7.7178,0.0012,0.0000,0.0000,0.0000
5,hasta_001,1780004531.783,2026-05-29 00:42:11,1055,NORMAL,67.7,39.5495,41.3047,4.3418,33.8211,6.3936,44.8596,50.1957,44.6314,19.2072,10.3575,20.5511,6.5604,7.7283,0.0010,0.0000,0.0000,0.0000
5,hasta_001,1780004531.853,2026-05-29 00:42:11,1056,NORMAL,66.2,43.6272,43.1952,0.9952,33.1074,7.0545,44.8804,50.0338,44.2945,19.1836,10.3225,20.5511,6.5604,7.7451,0.0014,0.0000,0.0000,0.0000
5,hasta_001,1780004531.908,2026-05-29 00:42:11,1057,NORMAL,65.7,43.1434,42.7987,0.8022,32.3184,7.9742,44.8953,49.8647,43.9543,19.1541,10.2798,20.5511,6.5604,7.7707,0.0012,0.0000,0.0000,0.0000
5,hasta_001,1780004531.948,2026-05-29 00:42:11,1058,NORMAL,61.2,43.9097,41.9723,4.5119,31.2934,8.9921,44.9118,49.6888,43.6562,19.1152,10.2248,20.5511,6.5604,7.8055,0.0011,0.0000,0.0000,0.0000
5,hasta_001,1780004532.001,2026-05-29 00:42:12,1059,NORMAL,57.2,43.6714,39.6954,9.5387,29.8019,10.5517,44.9239,49.4918,43.4023,19.0642,10.1558,21.2024,6.4637,7.8533,0.0012,0.0000,0.0000,0.0000
5,hasta_001,1780004532.057,2026-05-29 00:42:12,1060,NORMAL,55.0,40.2730,34.3828,15.7798,28.5443,11.9754,44.9208,49.2460,43.1634,19.0045,10.0786,21.2024,6.4637,7.9130,0.0012,0.0000,0.0000,0.0000
5,hasta_001,1780004532.112,2026-05-29 00:42:12,1061,NORMAL,54.2,33.1810,27.4873,18.7698,27.4922,12.8829,44.8761,48.9395,42.9028,18.9382,9.9961,21.2024,6.4637,7.9794,0.0013,0.0000,0.0000,0.0000
5,hasta_001,1780004532.146,2026-05-29 00:42:12,1062,NORMAL,56.2,24.2600,22.4513,7.7441,26.5720,13.0475,44.7612,48.5809,42.5257,18.8675,9.9115,21.2024,6.4637,8.0462,0.0012,0.0000,0.0000,0.0000
5,hasta_001,1780004548.241,2026-05-29 00:42:28,1063,NORMAL,54.9,35.7024,20.1564,55.6618,10.7525,6.8275,44.7406,48.2010,42.5473,18.6661,9.8284,17.9116,6.9003,8.0587,0.0010,0.0000,0.0000,0.0000
5,hasta_001,1780004548.546,2026-05-29 00:42:28,1064,NORMAL,72.6,46.4302,49.4874,6.3747,26.3772,4.1909,44.8081,48.0659,42.1618,18.5948,9.7408,17.9116,6.9003,8.0479,0.0025,0.0000,0.0000,3.0000
5,hasta_001,1780004548.588,2026-05-29 00:42:28,1065,NORMAL,72.6,47.4892,52.0660,9.1946,25.7026,3.8907,44.8810,47.9550,41.8124,18.5175,9.6468,17.9116,6.9003,8.0339,0.0025,0.0000,0.0000,0.0000
5,hasta_001,1780004548.622,2026-05-29 00:42:28,1066,NORMAL,72.6,48.0098,52.8964,9.6854,24.5550,3.7098,44.9588,47.8635,41.4833,18.4291,9.5418,17.9116,6.9003,8.0185,0.0026,0.0000,0.0000,0.0000
5,hasta_001,1780004548.676,2026-05-29 00:42:28,1067,NORMAL,72.6,48.8241,52.7751,7.7776,22.9772,3.5480,45.0412,47.7752,41.1502,18.3256,9.4238,17.9116,6.9003,8.0019,0.0027,0.0000,0.0000,0.0000
5,hasta_001,1780004548.748,2026-05-29 00:42:28,1068,NORMAL,72.6,49.8636,51.9455,4.0899,21.2419,3.4370,45.1224,47.6801,40.8099,18.2083,9.2984,17.9116,6.9003,7.9844,0.0028,0.0000,0.0000,0.0000
5,hasta_001,1780004548.800,2026-05-29 00:42:28,1069,NORMAL,73.1,50.7022,52.4132,3.3187,19.9226,3.4088,45.1991,47.5924,40.4953,18.0820,9.1705,17.9116,6.9003,7.9661,0.0028,0.0000,0.0000,0.0000
5,hasta_001,1780004548.875,2026-05-29 00:42:28,1070,NORMAL,72.6,51.9299,54.4545,4.7463,17.7526,3.6255,45.2606,47.5223,40.2508,17.9392,9.0401,17.9116,6.9003,7.9506,0.0028,0.0000,0.0000,0.0000
5,hasta_001,1780004548.919,2026-05-29 00:42:28,1071,NORMAL,72.6,52.9928,55.5425,4.6985,17.6714,3.3016,45.2957,47.4637,40.0833,17.7985,8.9109,17.9116,6.9003,7.9359,0.0025,0.0000,0.0000,0.0000
5,hasta_001,1780004548.972,2026-05-29 00:42:28,1072,NORMAL,72.6,53.9443,56.2752,4.2296,17.6509,2.6178,45.3145,47.4208,39.9752,17.6592,8.7804,17.9116,6.9003,7.9195,0.0024,0.0000,0.0000,0.0000
5,hasta_001,1780004549.047,2026-05-29 00:42:29,1073,NORMAL,72.6,54.7809,56.5826,3.2358,17.8065,1.9109,45.3332,47.3642,39.8464,17.5264,8.6560,17.9116,6.9003,7.9079,0.0022,0.0000,0.0000,0.0000
5,hasta_001,1780004549.091,2026-05-29 00:42:29,1074,NORMAL,72.6,55.2000,56.6725,2.6325,17.5572,1.5905,45.3708,47.2994,39.6691,17.4248,8.5831,17.9116,6.9003,7.8970,0.0022,0.0000,0.0000,3.0000
5,hasta_001,1780004549.143,2026-05-29 00:42:29,1075,NORMAL,72.6,55.0639,57.0100,3.4729,16.1992,1.9642,45.4443,47.2413,39.4298,17.3427,8.5472,17.9116,6.9003,7.8894,0.0022,0.0000,0.0000,0.0000
5,hasta_001,1780004549.186,2026-05-29 00:42:29,1076,NORMAL,72.6,54.9242,57.0564,3.8082,14.7824,2.9001,45.5269,47.1915,39.1836,17.2714,8.5326,17.9116,6.9003,7.8895,0.0020,0.0000,0.0000,0.0000
5,hasta_001,1780004549.231,2026-05-29 00:42:29,1077,NORMAL,73.1,54.5984,56.3976,3.2418,12.7710,3.9138,45.5892,47.2284,39.1291,17.2049,8.5363,17.9116,6.9003,7.9145,0.0018,0.0000,0.0000,0.0000
5,hasta_001,1780004549.283,2026-05-29 00:42:29,1078,NORMAL,72.5,53.0908,54.6626,2.9173,10.8391,4.7406,45.6435,47.2674,39.0945,17.1357,8.5540,17.9116,6.9003,7.9442,0.0018,0.0000,0.0000,0.0000
5,hasta_001,1780004549.328,2026-05-29 00:42:29,1079,NORMAL,72.5,52.6672,54.0253,2.5459,10.6217,5.0467,45.7143,47.3151,39.0415,17.0692,8.5733,17.9116,6.9003,7.9737,0.0019,0.0000,0.0000,0.0000
5,hasta_001,1780004549.378,2026-05-29 00:42:29,1080,NORMAL,72.5,53.0874,53.4613,0.7019,10.0107,5.5406,45.8311,47.3847,38.9278,17.0012,8.5966,17.9116,6.9003,8.0012,0.0020,0.0000,0.0000,0.0000
5,hasta_001,1780004549.454,2026-05-29 00:42:29,1081,NORMAL,72.5,54.1246,52.9391,2.2144,8.7693,5.6492,45.9677,47.4462,38.7895,16.9248,8.6286,17.9116,6.9003,8.0194,0.0020,0.0000,0.0000,0.0000
5,hasta_001,1780004549.497,2026-05-29 00:42:29,1082,NORMAL,72.5,53.3220,51.7629,2.9672,7.9822,5.6308,46.0866,47.4779,38.6438,16.8404,8.6661,17.9116,6.9003,8.0291,0.0021,0.0000,0.0000,0.0000
5,hasta_001,1780004551.371,2026-05-29 00:42:31,1083,NORMAL,73.9,43.7813,38.2166,13.5729,41.0465,3.8684,46.1326,47.3789,38.5334,17.0280,8.9401,17.9116,6.9003,8.0169,0.0023,0.0000,0.0000,3.0000
5,hasta_001,1780004551.430,2026-05-29 00:42:31,1084,NORMAL,73.9,44.3271,38.4905,14.0951,40.1604,4.2423,46.1904,47.2675,38.3810,17.2042,9.1826,23.9735,5.1344,8.0022,0.0024,0.0000,0.0000,3.0000
5,hasta_001,1780004551.482,2026-05-29 00:42:31,1085,NORMAL,72.8,44.3489,39.0076,12.8154,38.6897,5.1761,46.2399,47.1500,38.2199,17.3634,9.3858,23.9735,5.1344,7.9924,0.0023,0.0000,0.0000,3.0000
5,hasta_001,1780004551.536,2026-05-29 00:42:31,1086,NORMAL,72.3,44.9650,39.6034,12.6800,37.9776,5.3112,46.2866,47.0269,38.0587,17.5107,9.5677,23.9735,5.1344,7.9818,0.0024,0.0000,0.0000,3.0000
5,hasta_001,1780004551.577,2026-05-29 00:42:31,1087,NORMAL,73.8,45.4411,40.1525,12.3575,38.8841,5.0234,46.3415,46.9074,37.8824,17.6609,9.7587,23.9735,5.1344,7.9698,0.0021,0.0000,0.0000,0.0000
5,hasta_001,1780004552.586,2026-05-29 00:42:32,1088,NORMAL,65.3,107.0606,88.6337,18.8324,16.2290,4.5201,46.9164,47.1970,37.7528,17.6175,9.7534,23.9735,5.1344,7.9598,0.0017,0.0000,0.0000,0.0000
5,hasta_001,1780004552.633,2026-05-29 00:42:32,1089,NORMAL,64.3,109.4640,90.0474,19.4641,15.3518,4.4664,47.5096,47.6506,37.8549,17.5598,9.7461,23.9735,5.1344,7.9545,0.0016,0.0000,0.0000,0.0000
5,hasta_001,1780004552.683,2026-05-29 00:42:32,1090,NORMAL,65.9,103.6397,86.7782,17.7100,15.3977,4.3555,48.0964,48.1880,37.6741,17.4995,9.7370,23.9735,5.1344,7.9522,0.0010,0.0000,0.0000,0.0000
5,hasta_001,1780004552.730,2026-05-29 00:42:32,1091,NORMAL,71.9,93.6576,80.6985,14.8651,15.8574,4.1612,48.6174,48.7393,37.1923,17.4433,9.7268,23.9735,5.1344,7.9492,0.0025,0.0000,0.0000,0.0000
5,hasta_001,1780004552.774,2026-05-29 00:42:32,1092,NORMAL,71.9,86.4575,75.2603,13.8478,16.4769,3.9314,49.2099,49.1490,36.8759,17.3957,9.7174,23.9735,5.1344,7.8945,0.0031,0.0000,0.0000,0.0000
5,hasta_001,1780004552.823,2026-05-29 00:42:32,1093,NORMAL,71.9,83.0511,72.1884,13.9948,16.9121,3.5785,49.8281,49.5037,36.0937,17.3407,9.7014,23.9735,5.1344,7.8095,0.0031,0.0000,0.0000,0.0000
5,hasta_001,1780004552.877,2026-05-29 00:42:32,1094,NORMAL,71.9,80.5119,69.8318,14.2075,17.4108,3.1528,50.4460,49.8096,35.0828,17.2822,9.6795,23.9735,5.1344,7.6971,0.0030,0.0000,0.0000,0.0000
5,hasta_001,1780004552.932,2026-05-29 00:42:32,1095,NORMAL,71.9,79.1729,68.1712,14.9333,17.5173,2.5818,50.9471,50.1523,34.9176,17.2571,9.6750,23.9735,5.1344,7.6522,0.0033,0.0000,0.0000,0.0000
5,hasta_001,1780004552.973,2026-05-29 00:42:32,1096,NORMAL,71.9,78.0816,67.5865,14.4096,17.1879,2.3376,51.4473,50.5415,34.9164,17.2391,9.6731,23.9735,5.1344,7.6183,0.0036,0.0000,0.0000,0.0000
5,hasta_001,1780004553.034,2026-05-29 00:42:33,1097,NORMAL,71.9,77.8632,67.5637,14.1645,16.7918,2.9178,51.9511,50.9362,34.9112,17.2318,9.6731,23.9735,5.1344,7.5991,0.0033,0.0000,0.0000,0.0000
5,hasta_001,1780004553.090,2026-05-29 00:42:33,1098,NORMAL,71.9,79.2898,68.2273,14.9982,16.2704,4.0985,52.4673,51.3537,34.9992,17.2381,9.6722,26.4922,5.0065,7.6024,0.0032,0.0000,0.0000,0.0000
5,hasta_001,1780004554.110,2026-05-29 00:42:34,1099,NORMAL,52.4,48.1845,35.8519,29.3507,8.4923,9.9589,52.7807,51.5531,35.1442,17.1831,9.7030,27.1752,5.0109,7.6616,0.0019,0.0000,0.0000,0.0000
5,hasta_001,1780004559.994,2026-05-29 00:42:39,1100,NORMAL,56.2,63.8712,62.3738,2.3721,11.0219,41.4025,53.2336,51.9931,35.1599,17.1486,9.7175,27.1752,5.0109,7.9875,0.0032,0.0000,0.0000,0.0000
5,hasta_001,1780004563.797,2026-05-29 00:42:43,1101,NORMAL,72.4,3.8144,3.3741,12.2510,16.1885,4.3010,53.1919,51.9312,35.0932,17.1674,9.7134,27.1752,5.0109,8.0041,0.0034,0.0000,0.0000,0.0000
5,hasta_001,1780004563.841,2026-05-29 00:42:43,1102,NORMAL,71.9,4.5010,3.8949,14.4370,14.5837,3.7273,53.1749,51.9068,35.1765,17.1867,9.7059,27.1752,5.0109,8.0153,0.0031,0.0000,0.0000,0.0000
5,hasta_001,1780004563.894,2026-05-29 00:42:43,1103,NORMAL,58.1,7.0376,5.1765,30.4739,11.6429,3.3029,53.1060,51.8554,35.1826,17.1902,9.7039,25.4375,5.1684,8.0178,0.0029,0.0000,0.0000,0.0000
5,hasta_001,1780004563.962,2026-05-29 00:42:43,1104,NORMAL,61.6,10.0400,8.0177,22.3979,9.1483,3.0132,53.0238,51.8080,35.0616,17.1794,9.7121,25.4375,5.1684,8.0108,0.0028,0.0000,0.0000,0.0000
5,hasta_001,1780004564.159,2026-05-29 00:42:44,1105,NORMAL,61.3,47.4800,58.8904,21.4540,6.2388,5.4885,53.2559,52.1907,34.8999,17.1470,9.7420,25.4375,5.1684,8.0156,0.0027,0.0000,0.0000,0.0000
5,hasta_001,1780004564.275,2026-05-29 00:42:44,1106,NORMAL,54.4,53.7550,103.2059,63.0104,7.1540,6.4121,53.5647,52.9573,35.0974,17.1169,9.7672,25.6453,5.1747,8.0208,0.0029,0.0000,0.0000,0.0000
5,hasta_001,1780004564.331,2026-05-29 00:42:44,1107,NORMAL,54.4,58.8065,112.0232,62.3038,7.9411,6.5066,53.9332,53.7981,35.3915,17.0943,9.7853,25.6453,5.1747,8.0121,0.0029,0.0000,0.0000,0.0000
5,hasta_001,1780004564.390,2026-05-29 00:42:44,1108,NORMAL,56.4,62.7204,109.9226,54.6820,8.1929,6.1879,54.3780,54.6135,35.6339,17.0707,9.8033,25.6453,5.1747,7.9771,0.0028,0.0000,0.0000,0.0000
5,hasta_001,1780004564.460,2026-05-29 00:42:44,1109,NORMAL,56.9,64.4570,105.6730,48.4525,8.3340,5.3968,54.8486,55.3965,35.7225,17.0485,9.8200,25.6453,5.1747,7.9216,0.0029,0.0000,0.0000,0.0000
5,hasta_001,1780004564.511,2026-05-29 00:42:44,1110,NORMAL,57.5,68.7152,102.8859,39.8257,8.3753,4.6148,55.3691,56.1656,35.6251,17.0264,9.8365,25.6453,5.1747,7.8460,0.0028,0.0000,0.0000,0.0000
5,hasta_001,1780004564.559,2026-05-29 00:42:44,1111,NORMAL,57.6,70.4645,98.8206,33.5009,8.4989,3.8849,55.9144,56.8991,35.2969,17.0061,9.8516,25.6453,5.1747,7.7596,0.0030,0.0000,0.0000,0.0000
5,hasta_001,1780004564.599,2026-05-29 00:42:44,1112,NORMAL,58.6,71.4812,93.4003,26.5877,8.3021,3.3119,56.4730,57.5893,34.8391,16.9874,9.8659,25.6453,5.1747,7.6649,0.0030,0.0000,0.0000,0.0000
5,hasta_001,1780004564.646,2026-05-29 00:42:44,1113,NORMAL,66.0,73.2412,87.4866,17.7261,8.1336,2.6692,57.0339,58.2550,34.7818,16.9698,9.8798,25.6913,5.1762,7.5624,0.0029,0.0000,0.0000,0.0000
5,hasta_001,1780004564.696,2026-05-29 00:42:44,1114,NORMAL,72.1,75.7676,81.8314,7.6953,8.3181,2.0801,57.5944,58.8890,34.5236,16.9553,9.8912,25.6913,5.1762,7.4538,0.0029,0.0000,0.0000,0.0000
5,hasta_001,1780004564.735,2026-05-29 00:42:44,1115,NORMAL,72.6,79.1697,78.0426,1.4339,8.6366,1.6751,58.1528,59.4833,34.0567,16.9444,9.8997,25.6913,5.1762,7.3411,0.0030,0.0000,0.0000,0.0000
5,hasta_001,1780004564.796,2026-05-29 00:42:44,1116,NORMAL,73.1,81.9564,72.8405,11.7779,9.1237,1.2102,58.6859,60.0204,33.5484,16.9381,9.9044,25.6913,5.1762,7.2254,0.0030,0.0000,0.0000,0.0000
5,hasta_001,1780004564.859,2026-05-29 00:42:44,1117,NORMAL,67.6,83.4832,69.4988,18.2825,9.3530,0.9753,59.1929,60.5074,33.1277,16.9346,9.9070,25.6913,5.1762,7.1096,0.0030,0.0000,0.0000,0.0000
5,hasta_001,1780004564.918,2026-05-29 00:42:44,1118,NORMAL,62.3,82.6734,65.8302,22.6838,9.3971,0.9028,59.6709,60.9832,32.5054,16.9314,9.9094,25.6913,5.1762,6.9971,0.0029,0.0000,0.0000,0.0000
5,hasta_001,1780004564.955,2026-05-29 00:42:44,1119,NORMAL,63.3,82.0555,65.4440,22.5241,9.3867,0.9810,60.1223,61.4776,31.6261,16.9260,9.9133,25.6913,5.1762,6.8894,0.0028,0.0000,0.0000,0.0000
5,hasta_001,1780004565.007,2026-05-29 00:42:45,1120,NORMAL,65.6,81.4506,66.6954,19.9198,9.4212,1.1728,60.5184,61.9733,30.7095,16.9192,9.9181,25.6913,5.1762,6.7890,0.0027,0.0000,0.0000,0.0000
5,hasta_001,1780004565.047,2026-05-29 00:42:45,1121,NORMAL,66.6,81.1914,67.6942,18.1310,9.4158,1.3815,60.9752,62.4175,30.3707,16.9077,9.9260,25.6913,5.1762,6.6965,0.0026,0.0000,0.0000,0.0000
5,hasta_001,1780004565.095,2026-05-29 00:42:45,1122,NORMAL,68.4,81.6352,69.0098,16.7618,9.4403,1.6210,61.4900,62.8006,30.3867,16.8935,9.9355,25.6913,5.1762,6.6120,0.0026,0.0000,0.0000,0.0000
5,hasta_001,1780004565.142,2026-05-29 00:42:45,1123,NORMAL,68.4,79.3347,67.1579,16.6244,9.7665,1.7962,62.0153,63.1425,30.1392,16.8791,9.9446,25.6391,5.1745,6.5348,0.0012,0.0000,0.0000,0.0000
5,hasta_001,1780004565.197,2026-05-29 00:42:45,1124,NORMAL,68.6,76.1336,64.6096,16.3760,10.0446,1.7881,62.3510,63.5922,29.3724,16.8270,9.9638,25.6391,5.1745,6.0603,0.0011,0.0000,0.0000,0.0000
5,hasta_001,1780004565.236,2026-05-29 00:42:45,1125,NORMAL,68.6,72.6394,61.9010,15.9631,10.3742,1.6920,62.8114,64.0403,28.9007,16.7776,9.9810,25.6391,5.1745,5.5741,0.0010,0.0000,0.0000,0.0000
5,hasta_001,1780004565.280,2026-05-29 00:42:45,1126,NORMAL,66.7,67.7874,56.8097,17.6210,10.3866,1.5345,63.2600,64.4707,28.2806,16.7272,9.9979,25.6391,5.1745,5.0837,0.0071,0.0000,0.0000,0.0000
5,hasta_001,1780004565.333,2026-05-29 00:42:45,1127,NORMAL,66.7,61.5910,51.8781,17.1200,10.1818,1.7785,63.5268,64.4969,28.0154,16.7182,10.0032,25.6391,5.1745,4.9085,0.0069,0.0000,0.0000,0.0000
5,hasta_001,1780004565.398,2026-05-29 00:42:45,1128,NORMAL,63.9,48.2105,39.5296,19.7878,10.3848,2.3784,63.6759,64.4093,27.7714,16.7131,10.0063,25.6391,5.1745,4.7360,0.0025,0.0000,0.0000,0.0000
5,hasta_001,1780004565.464,2026-05-29 00:42:45,1129,NORMAL,60.6,37.0682,29.2069,23.7233,11.1873,3.0665,63.1260,63.7971,27.9661,16.7336,9.9924,25.6391,5.1745,4.7267,0.0026,0.0000,0.0000,0.0000
5,hasta_001,1780004565.525,2026-05-29 00:42:45,1130,NORMAL,60.1,30.1793,23.7358,23.9024,11.8711,3.6597,62.4800,63.1042,28.1589,16.7613,9.9743,25.6391,5.1745,4.7274,0.0025,0.0000,0.0000,0.0000
5,hasta_001,1780004565.580,2026-05-29 00:42:45,1131,NORMAL,65.4,27.2030,22.6119,18.4325,12.1272,4.2893,61.8182,62.4155,28.3017,16.7946,9.9521,25.6391,5.1745,4.7328,0.0026,0.0000,0.0000,0.0000
5,hasta_001,1780004565.652,2026-05-29 00:42:45,1132,NORMAL,71.3,25.9234,22.4286,14.4557,12.5869,5.1235,61.1557,61.7352,28.4115,16.8403,9.9200,25.6391,5.1745,4.7429,0.0027,0.0000,0.0000,0.0000
5,hasta_001,1780004565.704,2026-05-29 00:42:45,1133,NORMAL,72.0,26.3344,24.9258,5.4959,12.8256,5.6604,60.4979,61.0847,28.4389,16.8946,9.8799,25.5421,5.1712,4.7570,0.0027,0.0000,0.0000,0.0000
5,hasta_001,1780004565.753,2026-05-29 00:42:45,1134,NORMAL,71.5,26.7070,28.0711,4.9804,12.8399,6.0589,59.8331,60.4630,28.4501,16.9522,9.8360,25.5421,5.1712,4.7772,0.0027,0.0000,0.0000,0.0000
5,hasta_001,1780004565.818,2026-05-29 00:42:45,1135,NORMAL,62.3,27.8731,33.8793,19.4527,12.7729,6.3547,59.1711,59.8969,28.5684,17.0102,9.7904,25.5421,5.1712,4.8058,0.0028,0.0000,0.0000,0.0000
5,hasta_001,1780004565.878,2026-05-29 00:42:45,1136,NORMAL,56.9,29.3541,39.2860,28.9392,12.6482,6.3659,58.5098,59.3965,28.7344,17.0667,9.7454,25.5421,5.1712,4.8402,0.0028,0.0000,0.0000,0.0000
5,hasta_001,1780004565.918,2026-05-29 00:42:45,1137,NORMAL,56.4,30.9568,43.7793,34.3140,12.9613,6.1755,57.8487,58.9297,28.9372,17.1260,9.6985,25.5421,5.1712,4.8747,0.0028,0.0000,0.0000,0.0000
5,hasta_001,1780004565.973,2026-05-29 00:42:45,1138,NORMAL,56.9,33.6987,49.2255,37.4482,12.8123,5.7726,57.1828,58.5129,29.1367,17.1834,9.6523,25.5421,5.1712,4.9063,0.0027,0.0000,0.0000,0.0000
5,hasta_001,1780004566.034,2026-05-29 00:42:46,1139,NORMAL,56.9,35.9228,53.2042,38.7791,12.6301,5.2982,56.5416,58.1373,29.3447,17.2374,9.6085,25.5421,5.1712,4.9345,0.0027,0.0000,0.0000,0.0000
5,hasta_001,1780004566.100,2026-05-29 00:42:46,1140,NORMAL,56.9,37.3623,55.5640,39.1745,12.3956,4.8619,55.9187,57.7933,29.5494,17.2880,9.5668,25.5421,5.1712,4.9584,0.0028,0.0000,0.0000,0.0000
5,hasta_001,1780004566.155,2026-05-29 00:42:46,1141,NORMAL,57.5,38.1734,56.5242,38.7565,12.4604,4.6864,55.3072,57.4726,29.7388,17.3361,9.5278,25.5421,5.1712,4.9794,0.0028,0.0000,0.0000,0.0000
5,hasta_001,1780004566.199,2026-05-29 00:42:46,1142,NORMAL,57.5,39.2697,57.2116,37.1924,12.3847,4.7215,54.7560,57.2139,29.9011,17.3785,9.4943,25.5421,5.1712,4.9951,0.0029,0.0000,0.0000,0.0000
5,hasta_001,1780004566.241,2026-05-29 00:42:46,1143,NORMAL,56.9,40.8429,57.6907,34.1969,12.1802,4.9090,54.2610,56.9932,30.0409,17.4133,9.4675,25.5421,5.1712,5.0090,0.0029,0.0000,0.0000,0.0000
5,hasta_001,1780004566.292,2026-05-29 00:42:46,1144,NORMAL,57.4,42.3456,57.6149,30.5506,12.0569,5.2194,53.7894,56.7750,30.1574,17.4438,9.4442,25.5421,5.1712,5.0239,0.0030,0.0000,0.0000,0.0000
5,hasta_001,1780004566.335,2026-05-29 00:42:46,1145,NORMAL,57.9,43.6689,57.2020,26.8326,12.1013,5.4584,53.3245,56.5491,30.2436,17.4711,9.4240,25.5421,5.1712,5.0387,0.0031,0.0000,0.0000,0.0000
5,hasta_001,1780004566.383,2026-05-29 00:42:46,1146,NORMAL,58.9,44.8696,57.0251,23.8590,12.2720,5.6680,52.8755,56.3223,30.3103,17.4937,9.4082,25.5421,5.1712,5.0528,0.0031,0.0000,0.0000,0.0000
5,hasta_001,1780004566.426,2026-05-29 00:42:46,1147,NORMAL,60.4,46.2237,57.5742,21.8705,12.4948,5.8400,52.4419,56.0979,30.3671,17.5184,9.3912,25.5421,5.1712,5.0660,0.0031,0.0000,0.0000,0.0000
5,hasta_001,1780004566.482,2026-05-29 00:42:46,1148,NORMAL,62.3,48.2709,59.2190,20.3706,13.2065,6.0629,52.0215,55.8694,30.4283,17.5501,9.3701,25.3972,5.1666,5.0785,0.0031,0.0000,0.0000,0.0000
5,hasta_001,1780004566.544,2026-05-29 00:42:46,1149,NORMAL,63.3,51.0644,60.9896,17.7150,14.6033,6.2446,51.6142,55.6355,30.4800,17.5942,9.3437,25.3972,5.1666,5.0906,0.0030,0.0000,0.0000,0.0000
5,hasta_001,1780004566.607,2026-05-29 00:42:46,1150,NORMAL,64.3,53.8728,62.2832,14.4812,15.9437,6.4643,51.2003,55.3940,30.4956,17.6509,9.3128,25.3972,5.1666,5.1038,0.0028,0.0000,0.0000,0.0000
5,hasta_001,1780004566.662,2026-05-29 00:42:46,1151,NORMAL,65.5,55.8431,62.7528,11.6526,17.3036,6.7176,50.7751,55.1417,30.4772,17.7198,9.2793,25.3972,5.1666,5.1189,0.0027,0.0000,0.0000,0.0000
5,hasta_001,1780004566.706,2026-05-29 00:42:46,1152,NORMAL,65.0,56.4744,62.8765,10.7282,18.8479,7.0076,50.3265,54.8599,30.4571,17.8009,9.2463,25.3972,5.1666,5.1366,0.0026,0.0000,0.0000,0.0000
5,hasta_001,1780004566.751,2026-05-29 00:42:46,1153,NORMAL,65.2,56.8190,62.5409,9.5877,20.6582,7.3222,49.8773,54.5715,30.4281,17.8943,9.2179,25.3972,5.1666,5.1559,0.0026,0.0000,0.0000,0.0000
5,hasta_001,1780004566.807,2026-05-29 00:42:46,1154,NORMAL,65.2,56.9740,62.2179,8.7991,23.1566,7.5796,49.4209,54.2758,30.3897,18.0020,9.2033,25.3972,5.1666,5.1754,0.0026,0.0000,0.0000,0.0000
5,hasta_001,1780004566.864,2026-05-29 00:42:46,1155,NORMAL,64.7,57.0438,61.9365,8.2244,25.0314,7.7380,49.0114,54.0529,30.3086,18.1101,9.2091,25.3831,5.1661,5.1916,0.0026,0.0000,0.0000,0.0000
5,hasta_001,1780004566.909,2026-05-29 00:42:46,1156,NORMAL,64.7,57.2838,61.3482,6.8522,25.7749,7.7184,48.7588,53.9420,30.2328,18.1967,9.2319,25.3831,5.1661,5.2016,0.0024,0.0000,0.0000,0.0000
5,hasta_001,1780004566.949,2026-05-29 00:42:46,1157,NORMAL,65.2,57.4535,60.5779,5.2943,26.3985,7.6198,48.6776,53.8875,30.2758,18.2722,9.2615,25.3831,5.1661,5.2067,0.0023,0.0000,0.0000,0.0000
5,hasta_001,1780004566.979,2026-05-29 00:42:46,1158,NORMAL,65.2,58.0022,60.4543,4.1401,26.4812,7.5146,48.7788,53.8894,30.0843,18.3236,9.2898,25.3831,5.1661,5.2079,0.0023,0.0000,0.0000,0.0000
5,hasta_001,1780004567.024,2026-05-29 00:42:47,1159,NORMAL,65.7,59.2596,60.9288,2.7777,26.3074,7.3612,49.0138,53.9420,29.6492,18.3519,9.3089,25.3831,5.1661,5.2072,0.0022,0.0000,0.0000,0.0000
5,hasta_001,1780004567.090,2026-05-29 00:42:47,1160,NORMAL,65.7,61.2118,62.1078,1.4531,25.9481,7.1650,49.3862,54.0452,28.8264,18.3607,9.3156,25.3831,5.1661,5.2072,0.0023,0.0000,0.0000,0.0000
5,hasta_001,1780004567.135,2026-05-29 00:42:47,1161,NORMAL,65.7,63.5022,63.7498,0.3891,25.5303,7.0961,49.8408,54.2034,27.7184,18.3460,9.3028,25.3831,5.1661,5.2110,0.0022,0.0000,0.0000,0.0000
5,hasta_001,1780004567.181,2026-05-29 00:42:47,1162,NORMAL,65.7,66.7190,66.3310,0.5832,25.0943,7.0676,50.3329,54.4097,26.5756,18.3227,9.2823,25.3894,5.1663,5.2163,0.0023,0.0000,0.0000,0.0000
5,hasta_001,1780004567.232,2026-05-29 00:42:47,1163,NORMAL,65.7,69.8398,69.1498,0.9928,24.7774,7.0895,50.8798,54.6671,25.2477,18.2876,9.2499,25.3894,5.1663,5.2246,0.0023,0.0000,0.0000,0.0000
5,hasta_001,1780004567.277,2026-05-29 00:42:47,1164,NORMAL,65.7,71.7987,71.3548,0.6202,24.6397,7.1106,51.4443,54.9589,23.9205,18.2378,9.1994,25.3894,5.1663,5.2368,0.0024,0.0000,0.0000,0.0000
5,hasta_001,1780004567.342,2026-05-29 00:42:47,1165,NORMAL,65.7,74.0986,74.2147,0.1565,24.4516,7.1665,52.0370,55.2829,22.5140,18.1816,9.1404,25.3894,5.1663,5.2511,0.0027,0.0000,0.0000,0.0000
5,hasta_001,1780004567.405,2026-05-29 00:42:47,1166,NORMAL,65.7,76.4666,76.8586,0.5113,24.2153,7.2261,52.6493,55.6375,21.1192,18.1182,9.0717,25.3894,5.1663,5.2676,0.0028,0.0000,0.0000,0.0000
5,hasta_001,1780004567.473,2026-05-29 00:42:47,1167,NORMAL,65.7,78.3982,78.5078,0.1397,23.9380,7.2832,53.2727,56.0122,19.7759,18.0454,8.9893,25.3894,5.1663,5.2849,0.0028,0.0000,0.0000,0.0000
5,hasta_001,1780004567.522,2026-05-29 00:42:47,1168,NORMAL,65.7,79.1632,79.2210,0.0730,23.7171,7.3127,53.8850,56.3908,18.5901,17.9658,8.8959,25.3894,5.1663,5.3031,0.0034,0.0000,0.0000,0.0000
5,hasta_001,1780004567.564,2026-05-29 00:42:47,1169,NORMAL,65.7,79.3862,79.5464,0.2016,23.4972,7.2790,54.4806,56.7663,17.5474,17.8805,8.7929,25.3894,5.1663,5.3195,0.0039,0.0000,0.0000,0.0000
5,hasta_001,1780004567.615,2026-05-29 00:42:47,1170,NORMAL,65.7,78.9729,79.9274,1.2014,23.2088,7.1283,55.0654,57.1415,16.5615,17.7903,8.6814,25.3894,5.1663,5.3337,0.0042,0.0000,0.0000,0.0000
5,hasta_001,1780004567.661,2026-05-29 00:42:47,1171,NORMAL,66.2,78.4093,79.7192,1.6567,22.8658,6.9213,55.6028,57.5087,15.8449,17.6948,8.5612,25.3894,5.1663,5.3446,0.0046,0.0000,0.0000,0.0000
5,hasta_001,1780004567.716,2026-05-29 00:42:47,1172,NORMAL,66.2,77.4914,78.6929,1.5385,22.3820,6.6066,56.0812,57.8594,15.3717,17.5947,8.4347,25.3894,5.1663,5.3515,0.0046,0.0000,0.0000,0.0000
5,hasta_001,1780004567.777,2026-05-29 00:42:47,1173,NORMAL,71.5,76.0241,77.6680,2.1392,21.8636,6.1859,56.4920,58.1925,15.1059,17.4900,8.3020,25.3894,5.1663,5.3537,0.0046,0.0000,0.0000,0.0000
5,hasta_001,1780004567.837,2026-05-29 00:42:47,1174,NORMAL,72.5,74.1865,76.1874,2.6613,21.3990,5.6457,56.8428,58.5018,14.9648,17.3815,8.1641,25.3894,5.1663,5.3501,0.0044,0.0000,0.0000,0.0000
5,hasta_001,1780004567.894,2026-05-29 00:42:47,1175,NORMAL,72.5,72.0767,74.6117,3.4563,21.0054,4.9984,57.1138,58.7794,14.9574,17.2747,8.0310,25.3894,5.1663,5.3385,0.0048,0.0000,0.0000,0.0000
5,hasta_001,1780004567.941,2026-05-29 00:42:47,1176,NORMAL,72.5,70.3193,73.2430,4.0732,20.6965,4.3959,57.3363,59.0298,14.9830,17.1713,7.9054,25.3894,5.1663,5.3163,0.0046,0.0000,0.0000,0.0000
5,hasta_001,1780004567.986,2026-05-29 00:42:47,1177,NORMAL,72.6,68.7804,71.6888,4.1410,20.4356,3.8222,57.5499,59.2706,15.0109,17.0723,7.7886,25.3894,5.1663,5.2817,0.0045,0.0000,0.0000,0.0000
5,hasta_001,1780004568.032,2026-05-29 00:42:48,1178,NORMAL,72.6,67.2378,70.6103,4.8931,20.2566,3.0919,57.7443,59.5092,15.0140,16.9803,7.6846,25.3894,5.1663,5.2325,0.0045,0.0000,0.0000,0.0000
5,hasta_001,1780004568.084,2026-05-29 00:42:48,1179,NORMAL,72.6,65.9168,69.7168,5.6034,20.1288,2.2939,57.9297,59.7594,14.9812,16.8997,7.6000,25.3894,5.1663,5.1637,0.0046,0.0000,0.0000,0.0000
5,hasta_001,1780004568.125,2026-05-29 00:42:48,1180,NORMAL,72.1,65.3076,69.3557,6.0121,20.0661,1.7743,58.1383,60.0508,14.8998,16.8291,7.5305,25.3894,5.1663,5.0787,0.0046,0.0000,0.0000,0.0000
5,hasta_001,1780004568.173,2026-05-29 00:42:48,1181,NORMAL,72.1,65.0183,68.9023,5.8006,20.0273,1.4242,58.4036,60.3959,14.7918,16.7669,7.4727,25.3894,5.1663,4.9832,0.0045,0.0000,0.0000,0.0000
5,hasta_001,1780004568.220,2026-05-29 00:42:48,1182,NORMAL,73.1,65.0456,68.6224,5.3517,20.1714,1.2153,58.7435,60.7807,14.7718,16.7135,7.4253,25.3894,5.1663,4.8846,0.0038,0.0000,0.0000,0.0000
5,hasta_001,1780004568.263,2026-05-29 00:42:48,1183,NORMAL,73.1,65.0037,68.4950,5.2304,20.4214,1.1092,58.9877,61.1835,14.3516,16.7941,7.4126,25.3894,5.1663,4.8370,0.0000,0.0000,0.0000,0.0000
5,hasta_001,1780004568.312,2026-05-29 00:42:48,1184,NORMAL,73.1,65.0760,68.8075,5.5743,20.8207,1.0387,59.1431,61.3445,14.3449,16.7478,7.3698,25.3894,5.1663,4.8107,0.0004,0.0000,0.0000,0.0000
5,hasta_001,1780004568.365,2026-05-29 00:42:48,1185,NORMAL,73.1,65.6897,69.0928,5.0497,21.3090,0.9447,59.2947,61.4864,14.3104,16.7112,7.3361,25.3894,5.1663,4.7862,0.0008,0.0000,0.0000,0.0000
5,hasta_001,1780004568.453,2026-05-29 00:42:48,1186,NORMAL,73.1,67.0094,69.8825,4.1976,22.0209,0.7660,59.4531,61.6280,14.2646,16.6901,7.3171,25.3894,5.1663,4.7616,0.0010,0.0000,0.0000,0.0000
5,hasta_001,1780004568.494,2026-05-29 00:42:48,1187,NORMAL,73.6,68.0188,70.4460,3.5059,22.2661,0.6128,59.6130,61.7752,14.2290,16.6841,7.3123,25.3894,5.1663,4.7372,0.0012,0.0000,0.0000,0.0000
5,hasta_001,1780004568.546,2026-05-29 00:42:48,1188,NORMAL,73.6,69.4777,71.0962,2.3027,22.4978,0.4915,59.7765,61.9348,14.2141,16.6946,7.3197,25.3894,5.1663,4.7126,0.0012,0.0000,0.0000,0.0000
5,hasta_001,1780004568.590,2026-05-29 00:42:48,1189,NORMAL,73.6,70.6295,71.6204,1.3932,22.6651,0.5098,59.9425,62.0949,14.1981,16.7174,7.3340,25.3894,5.1663,4.6885,0.0012,0.0000,0.0000,0.0000
5,hasta_001,1780004568.638,2026-05-29 00:42:48,1190,NORMAL,73.6,71.5766,72.4276,1.1819,22.7645,0.5896,60.1062,62.2447,14.1684,16.7592,7.3540,25.3894,5.1663,4.6632,0.0012,0.0000,0.0000,0.0000
5,hasta_001,1780004568.693,2026-05-29 00:42:48,1191,NORMAL,73.6,72.7497,73.0860,0.4611,22.7725,0.6916,60.2709,62.3908,14.1331,16.8017,7.3739,25.3894,5.1663,4.6414,0.0012,0.0000,0.0000,0.0000
5,hasta_001,1780004568.732,2026-05-29 00:42:48,1192,NORMAL,73.6,73.9491,73.5764,0.5053,22.6985,0.7754,60.4376,62.5350,14.1020,16.8438,7.3930,24.9993,5.1566,4.6261,0.0013,0.0000,0.0000,0.0000
5,hasta_001,1780004568.781,2026-05-29 00:42:48,1193,NORMAL,73.6,75.5178,74.1620,1.8116,22.5693,0.8778,60.6104,62.6815,14.0902,16.8835,7.4108,24.9993,5.1566,4.6174,0.0013,0.0000,0.0000,0.0000
5,hasta_001,1780004568.845,2026-05-29 00:42:48,1194,NORMAL,73.6,77.6826,75.0730,3.4168,22.3243,0.9492,60.7978,62.8349,14.0967,16.9232,7.4271,24.9993,5.1566,4.6121,0.0013,0.0000,0.0000,0.0000
5,hasta_001,1780004568.893,2026-05-29 00:42:48,1195,NORMAL,73.1,79.0601,75.9393,4.0269,22.1130,1.0275,60.9977,62.9926,14.1013,16.9725,7.4417,24.9993,5.1566,4.6043,0.0012,0.0000,0.0000,0.0000
5,hasta_001,1780004568.932,2026-05-29 00:42:48,1196,NORMAL,73.1,79.6547,76.3701,4.2104,21.9277,1.0762,61.2038,63.1535,14.1047,17.0320,7.4525,24.9993,5.1566,4.5891,0.0013,0.0000,0.0000,0.0000
5,hasta_001,1780004568.964,2026-05-29 00:42:48,1197,NORMAL,73.1,79.8344,76.4860,4.2840,21.7518,1.0998,61.4141,63.3210,14.1134,17.1069,7.4545,24.9993,5.1566,4.5656,0.0013,0.0000,0.0000,0.0000
5,hasta_001,1780004569.022,2026-05-29 00:42:49,1198,NORMAL,73.1,79.9963,76.0309,5.0830,21.4936,1.1561,61.6383,63.4990,14.1314,17.1957,7.4427,24.9993,5.1566,4.5358,0.0016,0.0000,0.0000,0.0000
5,hasta_001,1780004569.088,2026-05-29 00:42:49,1199,NORMAL,72.6,80.0738,76.0633,5.1372,21.3134,1.2247,61.8667,63.6827,14.1530,17.2848,7.4275,24.9993,5.1566,4.5039,0.0018,0.0000,0.0000,0.0000
5,hasta_001,1780004569.131,2026-05-29 00:42:49,1200,NORMAL,72.6,79.8277,76.0271,4.8771,21.2507,1.2627,62.0896,63.8707,14.1878,17.3784,7.4060,24.9993,5.1566,4.4683,0.0020,0.0000,0.0000,0.0000
5,hasta_001,1780004569.164,2026-05-29 00:42:49,1201,NORMAL,72.6,79.6723,76.1112,4.5718,21.1860,1.2758,62.3024,64.0638,14.2074,17.4819,7.3716,24.9993,5.1566,4.4318,0.0022,0.0000,0.0000,0.0000
5,hasta_001,1780004569.211,2026-05-29 00:42:49,1202,NORMAL,72.6,79.3992,76.2760,4.0124,21.1111,1.2266,62.5198,64.2681,14.2162,17.5913,7.3271,24.9993,5.1566,4.3951,0.0034,0.0000,0.0000,0.0000
5,hasta_001,1780004569.267,2026-05-29 00:42:49,1203,NORMAL,73.6,78.9639,76.1880,3.5783,21.0695,1.1261,62.8129,64.5845,14.1329,17.4248,7.0125,24.9993,5.1566,4.3723,0.0034,0.0000,0.0000,0.0000
5,hasta_001,1780004569.305,2026-05-29 00:42:49,1204,NORMAL,73.6,78.6943,75.9744,3.5171,21.0452,1.0209,63.0993,64.8969,14.0447,17.2655,6.7046,24.9993,5.1566,4.3454,0.0032,0.0000,0.0000,0.0000
5,hasta_001,1780004569.354,2026-05-29 00:42:49,1205,NORMAL,73.6,78.1449,75.8410,2.9923,21.0241,0.9297,63.3810,65.2038,13.9629,17.1183,6.4205,24.9993,5.1566,4.3100,0.0030,0.0000,0.0000,0.0000
5,hasta_001,1780004569.402,2026-05-29 00:42:49,1206,NORMAL,73.6,77.7684,75.8180,2.5399,20.9704,0.8506,63.6543,65.5056,13.8784,16.9766,6.1401,24.9993,5.1566,4.2729,0.0023,0.0000,0.0000,0.0000
5,hasta_001,1780004569.453,2026-05-29 00:42:49,1207,NORMAL,73.6,77.2662,75.7772,1.9459,20.9982,0.7787,63.9195,65.8025,13.7916,16.8275,5.8149,24.9993,5.1566,4.2375,0.0014,0.0000,0.0000,0.0000
5,hasta_001,1780004569.521,2026-05-29 00:42:49,1208,NORMAL,73.6,76.7093,75.4714,1.6269,21.0135,0.7070,63.6666,65.6928,13.6482,16.8674,5.8271,24.9993,5.1566,4.2057,0.0015,0.0000,0.0000,0.0000
5,hasta_001,1780004569.589,2026-05-29 00:42:49,1209,NORMAL,73.6,76.2985,75.2720,1.3545,20.9603,0.6025,63.3902,65.5697,13.4973,16.9142,5.8372,24.9993,5.1566,4.1735,0.0000,0.0000,0.0000,0.0000
5,hasta_001,1780004569.632,2026-05-29 00:42:49,1210,NORMAL,73.6,76.2096,75.1909,1.3457,20.9272,0.4874,63.1617,65.4731,13.3609,16.9602,5.8469,24.9993,5.1566,4.1413,0.0020,0.0000,0.0000,0.0000
5,hasta_001,1780004569.665,2026-05-29 00:42:49,1211,NORMAL,73.6,76.2452,75.2821,1.2712,20.8786,0.4044,63.0166,65.4280,13.2476,17.0021,5.8568,24.9993,5.1566,4.1100,0.0028,0.0000,0.0000,0.0000
5,hasta_001,1780004569.716,2026-05-29 00:42:49,1212,NORMAL,73.6,76.3350,75.3209,1.3375,20.8079,0.3145,62.9322,65.4285,13.1434,17.0382,5.8668,24.9993,5.1566,4.0798,0.0033,0.0000,0.0000,0.0000
5,hasta_001,1780004569.764,2026-05-29 00:42:49,1213,NORMAL,73.6,76.4692,75.6000,1.1433,20.7741,0.2787,62.8773,65.4569,13.0363,17.0703,5.8766,24.9993,5.1566,4.0523,0.0040,0.0000,0.0000,0.0000
5,hasta_001,1780004569.806,2026-05-29 00:42:49,1214,NORMAL,73.6,76.5437,75.9294,0.8058,20.7979,0.2643,62.8443,65.5077,12.9246,17.0986,5.8863,24.9993,5.1566,4.0283,0.0047,0.0000,0.0000,0.0000
5,hasta_001,1780004569.855,2026-05-29 00:42:49,1215,NORMAL,73.6,76.6783,76.1492,0.6924,20.8036,0.3118,62.8235,65.5742,12.8059,17.1260,5.8958,24.9993,5.1566,4.0094,0.0048,0.0000,0.0000,0.0000
5,hasta_001,1780004569.900,2026-05-29 00:42:49,1216,NORMAL,73.6,76.7493,76.2553,0.6458,20.8953,0.4061,62.8124,65.6465,12.6912,17.1569,5.9058,24.9993,5.1566,3.9933,0.0050,0.0000,0.0000,0.0000
5,hasta_001,1780004569.964,2026-05-29 00:42:49,1217,NORMAL,73.6,76.8770,76.5067,0.4828,21.0430,0.5311,62.8042,65.7210,12.5772,17.1923,5.9162,24.9993,5.1566,3.9734,0.0051,0.0000,0.0000,0.0000
5,hasta_001,1780004570.029,2026-05-29 00:42:50,1218,NORMAL,73.6,77.0031,76.7723,0.3002,21.1516,0.6795,62.7851,65.7922,12.4547,17.2330,5.9265,24.9993,5.1566,3.9449,0.0094,0.0000,0.0000,0.0000
5,hasta_001,1780004570.073,2026-05-29 00:42:50,1219,NORMAL,73.6,77.0827,76.8330,0.3244,21.2429,0.8122,63.0259,66.1337,12.2129,17.3392,5.8830,24.9993,5.1566,3.8687,0.0050,0.0000,0.0000,0.0000
5,hasta_001,1780004570.122,2026-05-29 00:42:50,1220,NORMAL,73.6,77.2339,76.9594,0.3561,21.3214,0.9415,63.1373,66.2552,12.1961,17.4250,5.8653,24.9993,5.1566,3.5315,0.0004,0.0000,0.0000,0.0000
5,hasta_001,1780004570.176,2026-05-29 00:42:50,1221,NORMAL,73.6,77.3501,76.9875,0.4699,21.4011,1.0388,63.7501,66.8687,12.0979,17.4685,5.8753,24.9993,5.1566,3.5043,0.0005,0.0000,0.0000,0.0000
5,hasta_001,1780004570.245,2026-05-29 00:42:50,1222,NORMAL,73.6,77.4456,77.1702,0.3563,21.4494,1.1566,64.3580,67.4793,11.9805,17.5257,5.8803,24.9993,5.1566,3.4829,0.0007,0.0000,0.0000,0.0000
5,hasta_001,1780004570.301,2026-05-29 00:42:50,1223,NORMAL,73.1,77.4701,77.2549,0.2782,21.4691,1.2832,64.9449,68.0800,11.7289,17.6076,5.8662,24.9993,5.1566,3.4660,0.0012,0.0000,0.0000,0.0000
5,hasta_001,1780004570.358,2026-05-29 00:42:50,1224,NORMAL,72.6,77.5324,77.3816,0.1947,21.5007,1.4071,65.5073,68.6580,11.5439,17.7105,5.8251,24.9993,5.1566,3.4527,0.0019,0.0000,0.0000,0.0000
5,hasta_001,1780004570.405,2026-05-29 00:42:50,1225,NORMAL,72.6,77.4704,77.5633,0.1199,21.5755,1.5211,65.7573,68.8136,11.3661,17.8383,5.7397,24.9993,5.1566,3.4196,0.0035,0.0000,0.0000,0.0000
5,hasta_001,1780004570.453,2026-05-29 00:42:50,1226,NORMAL,72.6,77.4018,77.5442,0.1839,21.6865,1.6544,65.9543,68.5998,10.8425,17.9594,5.6658,24.9993,5.1566,3.3800,0.0040,0.0000,0.0000,0.0000
5,hasta_001,1780004570.503,2026-05-29 00:42:50,1227,NORMAL,72.6,77.4269,77.3788,0.0622,21.8403,1.8537,66.1095,68.3111,10.3239,18.0753,5.6015,24.9993,5.1566,3.3412,0.0043,0.0000,0.0000,0.0000
5,hasta_001,1780004570.566,2026-05-29 00:42:50,1228,NORMAL,73.1,77.3860,77.0485,0.4372,22.0452,2.5363,66.2317,68.0371,9.8718,18.1907,5.5390,24.9993,5.1566,3.3108,0.0043,0.0000,0.0000,0.0000
5,hasta_001,1780004570.624,2026-05-29 00:42:50,1229,NORMAL,73.1,77.3527,77.0625,0.3759,22.5078,3.5908,66.3392,67.7987,9.4712,18.3088,5.4784,24.9993,5.1566,3.2957,0.0034,0.0000,0.0000,0.0000
5,hasta_001,1780004570.666,2026-05-29 00:42:50,1230,NORMAL,72.5,77.0409,77.2577,0.2810,23.0560,5.0111,66.4085,67.5851,9.1417,18.4311,5.4188,24.9993,5.1566,3.2990,0.0025,0.0000,0.0000,0.0000
5,hasta_001,1780004570.720,2026-05-29 00:42:50,1231,NORMAL,65.7,76.6417,78.1216,1.9125,23.7083,7.1427,66.4600,67.4126,8.8784,18.5579,5.3626,24.9993,5.1566,3.3262,0.0021,0.0000,0.0000,0.0000
5,hasta_001,1780004570.759,2026-05-29 00:42:50,1232,NORMAL,61.7,76.2023,78.3898,2.8300,23.6693,8.8178,66.4994,67.2875,8.6804,18.6859,5.2992,24.4380,5.1437,3.3720,0.0015,0.0000,0.0000,0.0000
5,hasta_001,1780004570.816,2026-05-29 00:42:50,1233,NORMAL,57.7,77.7609,78.6817,1.1772,23.1895,10.7792,66.5370,67.2142,8.5425,18.8114,5.2256,24.4380,5.1437,3.4396,0.0015,0.0000,0.0000,0.0000
5,hasta_001,1780004570.854,2026-05-29 00:42:50,1234,NORMAL,57.2,77.8076,77.9697,0.2082,22.4577,11.8751,66.5540,67.1820,8.4801,18.9292,5.1465,24.4380,5.1437,3.5212,0.0014,0.0000,0.0000,0.0000
5,hasta_001,1780004570.899,2026-05-29 00:42:50,1235,NORMAL,56.2,77.5487,77.7158,0.2152,21.2321,12.8574,66.5405,67.1793,8.4700,19.0342,5.0633,24.4380,5.1437,3.6144,0.0013,0.0000,0.0000,0.0000
5,hasta_001,1780004570.946,2026-05-29 00:42:50,1236,NORMAL,56.2,75.9986,74.3107,2.2460,20.5540,13.7905,66.4909,67.1915,8.3905,19.1295,4.9828,24.4380,5.1437,3.7193,0.0013,0.0000,0.0000,0.0000
5,hasta_001,1780004571.006,2026-05-29 00:42:51,1237,NORMAL,56.2,75.3348,70.5419,6.5711,17.3937,15.1225,66.4230,67.2002,8.2929,19.1965,4.9044,24.4380,5.1437,3.8372,0.0014,0.0000,0.0000,0.0000
5,hasta_001,1780004571.038,2026-05-29 00:42:51,1238,NORMAL,56.2,74.4125,68.7982,7.8406,15.1211,15.5801,66.3541,67.2249,8.1693,19.2442,4.8362,24.4380,5.1437,3.9595,0.0017,0.0000,0.0000,0.0000
5,hasta_001,1780004571.095,2026-05-29 00:42:51,1239,NORMAL,56.2,71.9886,67.2980,6.7352,13.8664,15.8311,66.2702,67.2404,8.0377,19.2815,4.7769,24.4380,5.1437,4.0832,0.0019,0.0000,0.0000,0.0000
5,hasta_001,1780004571.148,2026-05-29 00:42:51,1240,NORMAL,56.2,70.0630,65.7240,6.3908,14.3415,16.1419,66.1753,67.2323,7.9249,19.3225,4.7128,24.4380,5.1437,4.2080,0.0017,0.0000,0.0000,0.0000
5,hasta_001,1780004571.179,2026-05-29 00:42:51,1241,NORMAL,56.2,68.6691,64.8408,5.7349,15.0274,16.4236,66.0710,67.2085,7.8216,19.3693,4.6415,24.4380,5.1437,4.3333,0.0014,0.0000,0.0000,0.0000
5,hasta_001,1780004571.217,2026-05-29 00:42:51,1242,NORMAL,56.2,67.1714,63.9558,4.9045,15.5320,16.6322,65.9504,67.1664,7.7228,19.4200,4.5653,24.4380,5.1437,4.4584,0.0013,0.0000,0.0000,0.0000
5,hasta_001,1780004571.255,2026-05-29 00:42:51,1243,NORMAL,56.2,66.9287,64.2173,4.1350,15.2694,16.9165,65.8471,67.1419,7.6187,19.4659,4.4952,24.4380,5.1437,4.5844,0.0012,0.0000,0.0000,0.0000
5,hasta_001,1780004574.053,2026-05-29 00:42:54,1244,NORMAL,51.4,8.0845,3.4925,79.3285,8.2752,30.2219,65.2800,66.6326,8.1434,19.4511,4.5289,24.4380,5.1437,4.8214,0.0042,0.0000,0.0000,0.0000
5,hasta_001,1780004574.106,2026-05-29 00:42:54,1245,NORMAL,51.4,7.5068,2.7705,92.1705,8.6481,30.4515,64.7372,66.1398,8.7784,19.4368,4.5603,23.4487,5.1304,5.0610,0.0040,0.0000,0.0000,0.0000
5,hasta_001,1780004575.150,2026-05-29 00:42:55,1246,NORMAL,56.2,75.3702,76.5962,1.6136,19.1394,14.5020,64.8004,66.3047,8.6450,19.5097,4.4844,23.3071,5.1251,5.1691,0.0018,0.0000,0.0000,0.0000
5,hasta_001,1780004575.212,2026-05-29 00:42:55,1247,NORMAL,56.2,77.6907,79.0304,1.7097,19.5359,13.3832,64.9346,66.5310,8.5166,19.5876,4.4021,23.3071,5.1251,5.2658,0.0019,0.0000,0.0000,0.0000
5,hasta_001,1780004575.265,2026-05-29 00:42:55,1248,NORMAL,57.2,78.8869,80.2066,1.6591,19.7314,12.0456,65.1902,66.8700,8.3655,19.6655,4.3205,23.3071,5.1251,5.3463,0.0023,0.0000,0.0000,0.0000
5,hasta_001,1780004575.310,2026-05-29 00:42:55,1249,NORMAL,57.7,79.5429,80.7145,1.4622,19.6294,10.6507,65.5442,67.2992,8.1800,19.7359,4.2500,23.3071,5.1251,5.4095,0.0021,0.0000,0.0000,0.0000
5,hasta_001,1780004575.359,2026-05-29 00:42:55,1250,NORMAL,60.2,79.9992,80.9776,1.2155,19.4274,9.1736,65.9593,67.7762,7.9910,19.7989,4.1886,23.3071,5.1251,5.4555,0.0025,0.0000,0.0000,0.0000
5,hasta_001,1780004575.416,2026-05-29 00:42:55,1251,NORMAL,65.2,80.2445,81.2123,1.1988,19.0837,7.6782,66.4013,68.2645,7.8473,19.8568,4.1297,23.3071,5.1251,5.4837,0.0026,0.0000,0.0000,0.0000
5,hasta_001,1780004575.469,2026-05-29 00:42:55,1252,NORMAL,65.7,80.2382,81.1995,1.1909,18.8183,6.4368,66.8540,68.7543,7.7368,19.9088,4.0768,23.3071,5.1251,5.4947,0.0025,0.0000,0.0000,0.0000
5,hasta_001,1780004575.517,2026-05-29 00:42:55,1253,NORMAL,72.5,80.1206,80.9546,1.0356,18.5127,5.4923,67.3022,69.2212,7.6996,19.9561,4.0269,23.3071,5.1251,5.4933,0.0025,0.0000,0.0000,0.0000
5,hasta_001,1780004575.556,2026-05-29 00:42:55,1254,NORMAL,72.5,79.8498,80.5573,0.8821,18.2418,4.8251,67.7450,69.6586,7.6655,20.0012,3.9770,23.3071,5.1251,5.4830,0.0026,0.0000,0.0000,0.0000
5,hasta_001,1780004575.620,2026-05-29 00:42:55,1255,NORMAL,73.1,79.3929,79.6225,0.2888,17.8771,4.0863,68.1744,70.0398,7.5058,20.0437,3.9265,23.3071,5.1251,5.4641,0.0026,0.0000,0.0000,0.0000
5,hasta_001,1780004575.672,2026-05-29 00:42:55,1256,NORMAL,73.1,78.9600,78.7194,0.3053,17.5303,3.8078,68.5878,70.3684,7.2672,20.0844,3.8746,23.3071,5.1251,5.4428,0.0025,0.0000,0.0000,0.0000
5,hasta_001,1780004575.713,2026-05-29 00:42:55,1257,NORMAL,73.1,78.4654,77.8942,0.7307,17.2453,3.6679,68.9837,70.6527,6.9873,20.1201,3.8282,23.3071,5.1251,5.4219,0.0026,0.0000,0.0000,0.0000
5,hasta_001,1780004575.770,2026-05-29 00:42:55,1258,NORMAL,73.1,77.8797,76.9450,1.2075,16.9429,3.5630,69.3518,70.8837,6.6853,20.1545,3.7807,23.3071,5.1251,5.4035,0.0028,0.0000,0.0000,0.0000
5,hasta_001,1780004575.809,2026-05-29 00:42:55,1259,NORMAL,73.1,77.5581,76.3965,1.5090,16.7296,3.5570,69.6988,71.0770,6.3747,20.1887,3.7307,23.3071,5.1251,5.3890,0.0028,0.0000,0.0000,0.0000
5,hasta_001,1780004575.855,2026-05-29 00:42:55,1260,NORMAL,73.1,77.2325,75.8882,1.7559,16.4965,3.5416,70.0310,71.2463,6.0629,20.2228,3.6776,23.3071,5.1251,5.3780,0.0029,0.0000,0.0000,0.0000
5,hasta_001,1780004575.908,2026-05-29 00:42:55,1261,NORMAL,73.1,77.0858,75.4446,2.1519,16.3017,3.4713,70.3553,71.4040,5.7579,20.2548,3.6262,23.3071,5.1251,5.3678,0.0031,0.0000,0.0000,0.0000
5,hasta_001,1780004575.951,2026-05-29 00:42:55,1262,NORMAL,73.1,76.9223,75.1070,2.3881,16.2703,3.4995,70.6691,71.5531,5.4678,20.2872,3.5727,23.3071,5.1251,5.3576,0.0033,0.0000,0.0000,0.0000
5,hasta_001,1780004576.005,2026-05-29 00:42:56,1263,NORMAL,73.1,76.7740,74.8250,2.5712,16.2166,3.5069,70.9685,71.6959,5.2043,20.3209,3.5148,23.3071,5.1251,5.3460,0.0035,0.0000,0.0000,0.0000
5,hasta_001,1780004576.041,2026-05-29 00:42:56,1264,NORMAL,73.1,76.6568,74.6685,2.6279,16.2400,3.4950,71.2544,71.8380,4.9716,20.3557,3.4529,23.3071,5.1251,5.3316,0.0037,0.0000,0.0000,0.0000
5,hasta_001,1780004576.095,2026-05-29 00:42:56,1265,NORMAL,73.1,76.5162,74.5152,2.6497,16.2352,3.4893,71.5282,71.9823,4.7701,20.3902,3.3904,23.3071,5.1251,5.3152,0.0040,0.0000,0.0000,0.0000
5,hasta_001,1780004576.139,2026-05-29 00:42:56,1266,NORMAL,73.1,76.4612,74.4098,2.7195,16.2546,3.4866,71.7914,72.1272,4.5939,20.4234,3.3297,23.3071,5.1251,5.2970,0.0041,0.0000,0.0000,0.0000
5,hasta_001,1780004576.184,2026-05-29 00:42:56,1267,NORMAL,73.1,76.4977,74.3570,2.8381,16.3515,3.5020,72.0437,72.2670,4.4353,20.4555,3.2711,23.3071,5.1251,5.2775,0.0039,0.0000,0.0000,0.0000
5,hasta_001,1780004576.228,2026-05-29 00:42:56,1268,NORMAL,73.1,76.4821,74.3628,2.8099,16.4435,3.5383,72.2788,72.3932,4.2890,20.4825,3.2242,23.3071,5.1251,5.2565,0.0036,0.0000,0.0000,0.0000
5,hasta_001,1780004576.281,2026-05-29 00:42:56,1269,NORMAL,73.1,76.4344,74.4085,2.6862,16.5730,3.5152,72.4902,72.5050,4.1637,20.4989,3.1992,23.3071,5.1251,5.2337,0.0032,0.0000,0.0000,0.0000
5,hasta_001,1780004576.328,2026-05-29 00:42:56,1270,NORMAL,73.1,76.4025,74.4087,2.6442,16.6666,3.5262,72.6780,72.6061,4.0651,20.5049,3.1913,23.3071,5.1251,5.2093,0.0030,0.0000,0.0000,0.0000
5,hasta_001,1780004576.371,2026-05-29 00:42:56,1271,NORMAL,73.1,76.3318,74.4064,2.5547,16.7780,3.5146,72.8487,72.7032,3.9893,20.5005,3.1960,23.3071,5.1251,5.1826,0.0029,0.0000,0.0000,0.0000
5,hasta_001,1780004576.422,2026-05-29 00:42:56,1272,NORMAL,73.1,76.2050,74.2732,2.5675,16.9620,3.4793,73.0131,72.7982,3.9213,20.4848,3.2087,23.3071,5.1251,5.1532,0.0027,0.0000,0.0000,0.0000
5,hasta_001,1780004576.463,2026-05-29 00:42:56,1273,NORMAL,73.1,76.0497,74.1782,2.4915,17.0806,3.3678,73.1734,72.8952,3.8621,20.4550,3.2236,23.3071,5.1251,5.1202,0.0024,0.0000,0.0000,0.0000
5,hasta_001,1780004576.515,2026-05-29 00:42:56,1274,NORMAL,73.1,75.8955,74.1200,2.3671,17.1549,3.1722,73.3311,72.9943,3.8085,20.4050,3.2278,23.3071,5.1251,5.0835,0.0022,0.0000,0.0000,0.0000
5,hasta_001,1780004576.557,2026-05-29 00:42:56,1275,NORMAL,73.1,75.7765,74.1590,2.1575,17.2249,2.9035,73.4872,73.0962,3.7580,20.3399,3.2125,23.3071,5.1251,5.0432,0.0021,0.0000,0.0000,0.0000
5,hasta_001,1780004576.611,2026-05-29 00:42:56,1276,NORMAL,73.1,75.7666,74.2204,2.0617,17.3024,2.4932,73.6412,73.2035,3.7180,20.2693,3.1853,23.3071,5.1251,4.9996,0.0018,0.0000,0.0000,0.0000
5,hasta_001,1780004576.674,2026-05-29 00:42:56,1277,NORMAL,72.6,75.7353,74.3576,1.8358,17.5825,1.9880,73.7935,73.3183,3.6892,20.1959,3.1445,23.3071,5.1251,4.9527,0.0016,0.0000,0.0000,0.0000
5,hasta_001,1780004576.712,2026-05-29 00:42:56,1278,NORMAL,72.6,75.7113,74.4795,1.6403,17.8493,1.6195,73.9411,73.4352,3.6684,20.1239,3.0983,23.3071,5.1251,4.9036,0.0013,0.0000,0.0000,0.0000
5,hasta_001,1780004576.766,2026-05-29 00:42:56,1279,NORMAL,73.1,75.6265,74.6292,1.3275,18.2203,1.2424,74.0775,73.5493,3.6563,20.0565,3.0506,23.3071,5.1251,4.8526,0.0012,0.0000,0.0000,0.0000
5,hasta_001,1780004576.826,2026-05-29 00:42:56,1280,NORMAL,73.6,75.5829,74.8724,0.9445,18.6567,1.0572,74.1973,73.6557,3.6521,19.9958,3.0050,23.3071,5.1251,4.8017,0.0011,0.0000,0.0000,0.0000
5,hasta_001,1780004576.883,2026-05-29 00:42:56,1281,NORMAL,73.6,75.6321,75.1670,0.6169,18.9614,0.9849,74.2984,73.7509,3.6540,19.9410,2.9632,23.3071,5.1251,4.7508,0.0010,0.0000,0.0000,0.0000
5,hasta_001,1780004576.928,2026-05-29 00:42:56,1282,NORMAL,73.6,75.6635,75.3856,0.3679,19.2248,0.9718,74.3729,73.8263,3.6522,19.8921,2.9259,23.3071,5.1251,4.7000,0.0010,0.0000,0.0000,0.0000
5,hasta_001,1780004576.984,2026-05-29 00:42:56,1283,NORMAL,69.1,75.8411,75.7252,0.1529,19.5252,0.9543,74.4229,73.8811,3.6452,19.8484,2.8916,23.3071,5.1251,4.6489,0.0009,0.5000,0.0000,0.0000
5,hasta_001,1780004577.043,2026-05-29 00:42:57,1284,NORMAL,69.1,76.0978,76.2131,0.1515,19.8816,0.9939,74.4587,73.9216,3.6413,19.8087,2.8581,23.3071,5.1251,4.5979,0.0008,0.5000,0.0000,0.0000
5,hasta_001,1780004577.086,2026-05-29 00:42:57,1285,NORMAL,67.6,76.3544,76.6925,0.4418,20.1272,1.0374,74.4775,73.9422,3.6436,19.7727,2.8264,23.3071,5.1251,4.5468,0.0007,1.0000,0.0000,0.0000
5,hasta_001,1780004577.142,2026-05-29 00:42:57,1286,NORMAL,67.6,76.6907,77.3192,0.8161,20.4217,1.0458,74.4794,73.9461,3.6462,19.7411,2.7976,23.3071,5.1251,4.4953,0.0006,1.0000,0.0000,0.0000
5,hasta_001,1780004577.178,2026-05-29 00:42:57,1287,NORMAL,69.1,76.9008,77.6954,1.0280,20.6232,1.0470,74.4669,73.9393,3.6536,19.7134,2.7723,23.3071,5.1251,4.4433,0.0006,0.5000,0.0000,0.0000
5,hasta_001,1780004577.236,2026-05-29 00:42:57,1288,NORMAL,69.1,77.1426,78.1911,1.3499,20.8642,0.9882,74.4501,73.9307,3.6642,19.6897,2.7500,23.3071,5.1251,4.3906,0.0006,0.5000,0.0000,0.0000
5,hasta_001,1780004577.293,2026-05-29 00:42:57,1289,NORMAL,69.1,77.3290,78.5109,1.5168,21.0597,0.9395,74.4329,73.9221,3.6752,19.6693,2.7307,23.3071,5.1251,4.3378,0.0005,0.5000,0.0000,0.0000
5,hasta_001,1780004577.338,2026-05-29 00:42:57,1290,NORMAL,73.6,77.4448,78.7815,1.7113,21.1793,0.8961,74.4202,73.9125,3.6794,19.6524,2.7150,23.3071,5.1251,4.2859,0.0005,0.0000,0.0000,0.0000
5,hasta_001,1780004577.385,2026-05-29 00:42:57,1291,NORMAL,73.6,77.4562,78.9938,1.9657,21.3136,0.8307,74.4123,73.9065,3.6820,19.6395,2.7033,23.3071,5.1251,4.2351,0.0005,0.0000,0.0000,0.0000
5,hasta_001,1780004577.437,2026-05-29 00:42:57,1292,NORMAL,73.6,77.4806,79.1991,2.1936,21.4818,0.7064,74.4122,73.9107,3.6875,19.6320,2.6969,23.3071,5.1251,4.1859,0.0005,0.0000,0.0000,0.0000
5,hasta_001,1780004577.495,2026-05-29 00:42:57,1293,NORMAL,73.6,77.5081,79.4065,2.4197,21.6546,0.6032,74.4245,73.9252,3.6898,19.6303,2.6955,23.3071,5.1251,4.1394,0.0005,0.0000,0.0000,0.0000
5,hasta_001,1780004577.539,2026-05-29 00:42:57,1294,NORMAL,73.6,77.5342,79.5377,2.5511,21.7522,0.5307,74.4524,73.9531,3.6889,19.6332,2.6977,23.3071,5.1251,4.0968,0.0005,0.0000,0.0000,0.0000
5,hasta_001,1780004577.585,2026-05-29 00:42:57,1295,NORMAL,73.6,77.5948,79.5936,2.5432,21.8747,0.4583,74.4984,73.9946,3.6813,19.6404,2.7025,23.3071,5.1251,4.0590,0.0005,0.0000,0.0000,0.0000
5,hasta_001,1780004577.624,2026-05-29 00:42:57,1296,NORMAL,73.6,77.7477,79.5823,2.3322,21.9712,0.3760,74.5603,74.0475,3.6668,19.6511,2.7091,23.3071,5.1251,4.0255,0.0005,0.0000,0.0000,0.0000
5,hasta_001,1780004577.676,2026-05-29 00:42:57,1297,NORMAL,73.6,77.9507,79.4753,1.9369,22.1462,0.3098,74.6367,74.1124,3.6484,19.6653,2.7177,23.3071,5.1251,3.9962,0.0005,0.0000,0.0000,0.0000
5,hasta_001,1780004577.724,2026-05-29 00:42:57,1298,NORMAL,73.6,78.1435,79.3279,1.5042,22.3118,0.2917,74.7276,74.1850,3.6202,19.6824,2.7278,23.3071,5.1251,3.9729,0.0004,0.0000,0.0000,0.0000
5,hasta_001,1780004577.764,2026-05-29 00:42:57,1299,NORMAL,73.6,78.3207,79.1316,1.0301,22.4184,0.2668,74.8310,74.2635,3.5821,19.7015,2.7389,23.3071,5.1251,3.9560,0.0004,0.0000,0.0000,0.0000
5,hasta_001,1780004577.811,2026-05-29 00:42:57,1300,NORMAL,73.6,78.5071,78.9301,0.5374,22.4979,0.3162,74.9410,74.3432,3.5364,19.7218,2.7505,23.3071,5.1251,3.9438,0.0004,0.0000,0.0000,0.0000
5,hasta_001,1780004577.858,2026-05-29 00:42:57,1301,NORMAL,73.6,78.6077,78.7737,0.2110,22.5765,0.4097,75.0542,74.4255,3.4899,19.7430,2.7626,23.3071,5.1251,3.9354,0.0004,0.0000,0.0000,0.0000
5,hasta_001,1780004577.909,2026-05-29 00:42:57,1302,NORMAL,73.6,78.6341,78.5776,0.0719,22.6581,0.5433,75.1675,74.5085,3.4459,19.7638,2.7750,23.3071,5.1251,3.9298,0.0003,0.0000,0.0000,0.0000
5,hasta_001,1780004577.949,2026-05-29 00:42:57,1303,NORMAL,73.6,78.6223,78.4531,0.2155,22.7109,0.6540,75.2810,74.5915,3.4041,19.7828,2.7873,23.3071,5.1251,3.9260,0.0003,0.0000,0.0000,0.0000
5,hasta_001,1780004578.001,2026-05-29 00:42:58,1304,NORMAL,73.6,78.6275,78.2117,0.5302,22.7721,0.7248,75.3939,74.6698,3.3620,19.7991,2.7990,23.3071,5.1251,3.9233,0.0003,0.0000,0.0000,0.0000
5,hasta_001,1780004578.084,2026-05-29 00:42:58,1305,NORMAL,73.6,78.8293,77.8825,1.2084,22.7512,0.7259,75.5034,74.7431,3.3300,19.8111,2.8085,23.3071,5.1251,3.9215,0.0003,0.0000,0.0000,0.0000
5,hasta_001,1780004578.124,2026-05-29 00:42:58,1306,NORMAL,73.6,78.9701,77.7051,1.6147,22.7147,0.7263,75.6031,74.8083,3.3085,19.8169,2.8138,23.3071,5.1251,3.9212,0.0003,0.0000,0.0000,0.0000
5,hasta_001,1780004578.167,2026-05-29 00:42:58,1307,NORMAL,73.6,79.1998,77.4875,2.1856,22.6537,0.8033,75.6962,74.8669,3.2975,19.8201,2.8168,23.3071,5.1251,3.9228,0.0003,0.0000,0.0000,0.0000
5,hasta_001,1780004578.223,2026-05-29 00:42:58,1308,NORMAL,73.6,79.3518,77.2562,2.6762,22.5818,1.1361,75.7785,74.9183,3.3006,19.8208,2.8175,23.3071,5.1251,3.9281,0.0003,0.0000,0.0000,0.0000
5,hasta_001,1780004578.277,2026-05-29 00:42:58,1309,NORMAL,72.6,79.5301,77.2147,2.9543,22.5631,1.5472,75.8527,74.9649,3.3136,19.8200,2.8166,23.3071,5.1251,3.9368,0.0003,0.0000,0.0000,0.0000
5,hasta_001,1780004578.322,2026-05-29 00:42:58,1310,NORMAL,72.6,79.5018,77.1323,3.0255,22.6057,2.0343,75.9187,75.0041,3.3290,19.8187,2.8153,23.3071,5.1251,3.9488,0.0003,0.0000,0.0000,0.0000
5,hasta_001,1780004578.373,2026-05-29 00:42:58,1311,NORMAL,73.1,79.3992,77.5620,2.3409,22.6190,2.6307,75.9741,75.0414,3.3446,19.8174,2.8140,23.3071,5.1251,3.9650,0.0002,0.0000,0.0000,0.0000
5,hasta_001,1780004578.432,2026-05-29 00:42:58,1312,NORMAL,73.1,78.0134,77.9687,0.0574,22.4984,3.1017,76.0080,75.0780,3.3409,19.8157,2.8123,22.4304,5.1093,3.9844,0.0002,0.0000,0.0000,0.0000
5,hasta_001,1780004578.481,2026-05-29 00:42:58,1313,NORMAL,73.1,77.9623,78.6823,0.9193,22.3567,3.4578,76.0284,75.1157,3.3335,19.8139,2.8107,22.4304,5.1093,4.0059,0.0001,0.0000,0.0000,0.0000
5,hasta_001,1780004578.547,2026-05-29 00:42:58,1314,NORMAL,73.1,78.7637,79.5773,1.0276,22.0932,3.9100,76.0374,75.1532,3.3136,19.8120,2.8090,22.4304,5.1093,4.0306,0.0001,0.0000,0.0000,0.0000
5,hasta_001,1780004578.589,2026-05-29 00:42:58,1315,NORMAL,73.1,80.5481,80.2298,0.3959,21.9616,4.3023,76.0498,75.1890,3.2833,19.8107,2.8080,22.4304,5.1093,4.0578,0.0001,0.0000,0.0000,0.0000
5,hasta_001,1780004578.637,2026-05-29 00:42:58,1316,NORMAL,72.5,82.4257,80.5244,2.3336,21.7259,4.6559,76.0729,75.2236,3.2677,19.8091,2.8068,22.4304,5.1093,4.0877,0.0001,0.0000,0.0000,0.0000
5,hasta_001,1780004578.684,2026-05-29 00:42:58,1317,NORMAL,72.5,82.9564,80.0974,3.5068,21.6277,4.8361,76.0989,75.2537,3.2612,19.8080,2.8061,22.4304,5.1093,4.1188,0.0001,0.0000,0.0000,0.0000
5,hasta_001,1780004578.727,2026-05-29 00:42:58,1318,NORMAL,72.0,83.1097,79.9562,3.8678,21.5042,4.9547,76.1248,75.2864,3.2511,19.8081,2.8062,22.4304,5.1093,4.1505,0.0001,0.0000,0.0000,0.0000
5,hasta_001,1780004578.778,2026-05-29 00:42:58,1319,NORMAL,72.0,82.8798,79.3820,4.3113,21.3482,5.0082,76.1482,75.3140,3.2442,19.8084,2.8063,22.4304,5.1093,4.1820,0.0001,0.0000,0.0000,0.0000
5,hasta_001,1780004578.824,2026-05-29 00:42:58,1320,NORMAL,72.0,82.6454,78.6176,4.9953,21.1599,5.0937,76.1717,75.3356,3.2452,19.8077,2.8059,22.4304,5.1093,4.2139,0.0001,0.0000,0.0000,0.0000
5,hasta_001,1780004578.866,2026-05-29 00:42:58,1321,NORMAL,72.0,82.3936,78.0519,5.4120,21.1383,5.2038,76.1944,75.3518,3.2522,19.8073,2.8057,22.4304,5.1093,4.2467,0.0001,0.0000,0.0000,0.0000
5,hasta_001,1780004578.914,2026-05-29 00:42:58,1322,NORMAL,72.0,82.9235,77.6596,6.5561,20.9800,5.5425,76.2237,75.3633,3.2734,19.8062,2.8053,22.4304,5.1093,4.2826,0.0001,0.0000,0.0000,0.0000
5,hasta_001,1780004578.960,2026-05-29 00:42:58,1323,NORMAL,72.0,83.8155,77.3053,8.0812,20.6347,5.9768,76.2642,75.3726,3.3109,19.8025,2.8039,22.4304,5.1093,4.3230,0.0000,0.0000,0.0000,0.0000
5,hasta_001,1780004579.006,2026-05-29 00:42:59,1324,NORMAL,70.5,83.9066,76.9695,8.6240,20.4055,6.3090,76.3076,75.3809,3.3534,19.7972,2.8022,22.4304,5.1093,4.3671,0.0000,0.0000,0.0000,0.0000
5,hasta_001,1780004579.055,2026-05-29 00:42:59,1325,NORMAL,65.7,83.9480,76.6704,9.0619,20.2381,6.6901,76.3560,75.3878,3.4040,19.7907,2.8002,22.4304,5.1093,4.4151,0.0000,0.0000,0.0000,0.0000
5,hasta_001,1780004579.095,2026-05-29 00:42:59,1326,NORMAL,65.7,83.6236,76.4049,9.0218,20.0502,6.9259,76.4048,75.3927,3.4580,19.7830,2.7982,22.4304,5.1093,4.4657,0.0001,0.0000,0.0000,0.0000
5,hasta_001,1780004579.150,2026-05-29 00:42:59,1327,NORMAL,65.2,83.3764,76.3897,8.7462,19.7696,7.1528,76.4557,75.3978,3.5147,19.7728,2.7960,22.4304,5.1093,4.5189,0.0000,0.0000,0.0000,0.0000
5,hasta_001,1780004579.224,2026-05-29 00:42:59,1328,NORMAL,65.2,82.7661,76.2051,8.2544,19.6286,7.2838,76.5062,75.4040,3.5699,19.7612,2.7937,22.4304,5.1093,4.5737,0.0001,0.0000,0.0000,0.0000
5,hasta_001,1780004579.273,2026-05-29 00:42:59,1329,NORMAL,65.2,83.3409,76.2560,8.8785,19.5727,7.3959,76.5648,75.4122,3.6326,19.7496,2.7916,22.4304,5.1093,4.6303,0.0001,0.0000,0.0000,0.0000
5,hasta_001,1780004579.314,2026-05-29 00:42:59,1330,NORMAL,65.2,83.3415,76.1120,9.0678,19.4776,7.5561,76.6243,75.4198,3.6970,19.7376,2.7896,22.4304,5.1093,4.6892,0.0000,0.0000,0.0000,0.0000
5,hasta_001,1780004579.363,2026-05-29 00:42:59,1331,NORMAL,64.7,83.1659,76.0500,8.9387,19.4252,7.7279,76.6819,75.4262,3.7609,19.7255,2.7878,22.4304,5.1093,4.7502,0.0001,0.0000,0.0000,0.0000
5,hasta_001,1780004579.406,2026-05-29 00:42:59,1332,NORMAL,64.7,82.8965,75.8507,8.8768,19.3444,7.8123,76.7366,75.4306,3.8237,19.7133,2.7862,22.4304,5.1093,4.8127,0.0001,0.0000,0.0000,0.0000
5,hasta_001,1780004579.437,2026-05-29 00:42:59,1333,NORMAL,64.7,82.8595,75.7028,9.0270,19.2566,7.9065,76.7899,75.4315,3.8894,19.7006,2.7848,22.4304,5.1093,4.8763,0.0001,0.0000,0.0000,0.0000
5,hasta_001,1780004579.494,2026-05-29 00:42:59,1334,NORMAL,64.5,83.3671,75.6035,9.7673,19.1991,8.0495,76.8467,75.4288,3.9641,19.6873,2.7834,22.4304,5.1093,4.9411,0.0001,0.0000,0.0000,0.0000
5,hasta_001,1780004579.563,2026-05-29 00:42:59,1335,NORMAL,64.7,83.1579,75.5034,9.6488,19.2755,8.0868,76.9007,75.4234,4.0387,19.6746,2.7817,22.4304,5.1093,5.0059,0.0001,0.0000,0.0000,0.0000
5,hasta_001,1780004579.610,2026-05-29 00:42:59,1336,NORMAL,64.7,83.2268,75.5540,9.6647,19.3081,8.1527,76.9547,75.4176,4.1139,19.6613,2.7797,22.4304,5.1093,5.0705,0.0001,0.0000,0.0000,0.0000
5,hasta_001,1780004579.663,2026-05-29 00:42:59,1337,NORMAL,64.2,83.2185,75.6435,9.5367,19.3205,8.3791,77.0076,75.4104,4.1893,19.6470,2.7769,22.4304,5.1093,5.1359,0.0002,0.0000,0.0000,0.0000
5,hasta_001,1780004579.702,2026-05-29 00:42:59,1338,NORMAL,62.7,82.9673,75.7197,9.1344,19.2172,8.5160,77.0573,75.4016,4.2630,19.6309,2.7738,22.4304,5.1093,5.2012,0.0002,0.0000,0.0000,0.0000
5,hasta_001,1780004579.756,2026-05-29 00:42:59,1339,NORMAL,62.7,83.0209,76.0894,8.7129,18.9298,8.6354,77.1068,75.3954,4.3329,19.6116,2.7705,22.4304,5.1093,5.2664,0.0002,0.0000,0.0000,0.0000
5,hasta_001,1780004579.793,2026-05-29 00:42:59,1340,NORMAL,61.2,83.3446,76.1246,9.0551,18.7341,8.7229,77.1577,75.3884,4.4053,19.5900,2.7672,22.4304,5.1093,5.3312,0.0001,0.0000,0.0000,0.0000
5,hasta_001,1780004579.842,2026-05-29 00:42:59,1341,NORMAL,61.0,84.0736,76.0830,9.9785,18.3918,8.9450,77.2137,75.3809,4.4846,19.5649,2.7643,22.4304,5.1093,5.3971,0.0001,0.0000,0.0000,0.0000
5,hasta_001,1780004579.888,2026-05-29 00:42:59,1342,NORMAL,60.5,84.7966,76.0384,10.8909,18.1579,9.1522,77.2750,75.3715,4.5724,19.5375,2.7618,22.4304,5.1093,5.4637,0.0001,0.0000,0.0000,0.0000
5,hasta_001,1780004579.933,2026-05-29 00:42:59,1343,NORMAL,59.0,85.4302,76.0710,11.5902,17.8834,9.3039,77.3413,75.3616,4.6666,19.5076,2.7601,22.4304,5.1093,5.5306,0.0000,0.0000,0.0000,0.0000
5,hasta_001,1780004579.975,2026-05-29 00:42:59,1344,NORMAL,58.3,86.0613,75.7458,12.7504,17.7965,9.4103,77.4124,75.3480,4.7713,19.4768,2.7584,22.4304,5.1093,5.5973,0.0001,0.0000,0.0000,0.0000
5,hasta_001,1780004580.011,2026-05-29 00:43:00,1345,NORMAL,58.3,86.6414,75.5412,13.6885,17.6291,9.5129,77.4888,75.3311,4.8843,19.4439,2.7567,22.4304,5.1093,5.6639,0.0001,0.0000,0.0000,0.0000
5,hasta_001,1780004580.080,2026-05-29 00:43:00,1346,NORMAL,56.8,87.3692,75.2340,14.9261,16.9095,9.7929,77.5719,75.3119,5.0072,19.4041,2.7585,22.4304,5.1093,5.7317,0.0001,0.0000,0.0000,0.0000
5,hasta_001,1780004582.102,2026-05-29 00:43:02,1347,NORMAL,53.5,84.9981,76.8239,10.1028,14.0614,11.3540,77.6349,75.3072,5.0909,19.3392,2.7917,22.4304,5.1093,5.8109,0.0003,0.5000,0.0000,0.0000
5,hasta_001,1780004582.154,2026-05-29 00:43:02,1348,NORMAL,53.7,84.3833,77.1873,8.9075,14.1406,11.4005,77.6933,75.3084,5.1615,19.2734,2.8202,22.4304,5.1093,5.8847,0.0002,0.5000,0.0000,0.0000
5,hasta_001,1780004582.186,2026-05-29 00:43:02,1349,NORMAL,53.7,83.0606,76.8023,7.8295,14.4141,11.5048,77.7408,75.3062,5.2236,19.2059,2.8388,22.4304,5.1093,5.9507,0.0002,0.5000,0.0000,0.0000
5,hasta_001,1780004582.245,2026-05-29 00:43:02,1350,NORMAL,53.7,80.1658,76.6082,4.5385,14.8489,11.8208,77.7669,75.3008,5.2590,19.1375,2.8440,22.4304,5.1093,6.0074,0.0001,0.5000,0.0000,0.0000
5,hasta_001,1780004582.305,2026-05-29 00:43:02,1351,NORMAL,54.2,77.8164,75.8536,2.5546,15.3781,12.2419,77.7767,75.2819,5.2644,19.0681,2.8333,22.4304,5.1093,6.0499,0.0001,0.5000,0.0000,0.0000
5,hasta_001,1780004582.360,2026-05-29 00:43:02,1352,NORMAL,56.2,77.0945,74.4705,3.4625,16.1352,12.4779,77.7841,75.2493,5.2697,19.0053,2.8140,22.4304,5.1093,6.0804,0.0001,0.0000,0.0000,0.0000
5,hasta_001,1780004582.402,2026-05-29 00:43:02,1353,NORMAL,56.2,76.6475,73.0176,4.8508,16.6756,12.6942,77.7748,75.2021,5.3003,18.9510,2.7955,22.4304,5.1093,6.0964,0.0000,0.0000,0.0000,0.0000
5,hasta_001,1780004582.450,2026-05-29 00:43:02,1354,NORMAL,56.2,76.5674,71.7063,6.5569,16.9532,12.7653,77.7645,75.1499,5.3532,18.9052,2.7828,22.4304,5.1093,6.1038,0.0001,0.0000,0.0000,0.0000
5,hasta_001,1780004582.511,2026-05-29 00:43:02,1355,NORMAL,56.2,76.7699,69.6655,9.7031,17.2650,12.7092,77.7580,75.0828,5.4323,18.8721,2.7785,22.4304,5.1093,6.1026,0.0001,0.0000,0.0000,0.0000
5,hasta_001,1780004582.565,2026-05-29 00:43:02,1356,NORMAL,56.0,76.4199,67.9640,11.7131,17.3198,12.6419,77.7615,75.0299,5.5111,18.8452,2.7777,22.4304,5.1093,6.0930,0.0000,0.0000,0.0000,0.0000
5,hasta_001,1780004582.606,2026-05-29 00:43:02,1357,NORMAL,56.0,76.3226,67.6878,11.9920,17.2194,12.4977,77.7697,75.0061,5.5563,18.8437,2.7785,22.4304,5.1093,6.0711,0.0001,0.0000,0.0000,0.0000
5,hasta_001,1780004582.648,2026-05-29 00:43:02,1358,NORMAL,56.5,76.2087,68.3674,10.8473,16.9435,12.2433,77.7847,75.0025,5.5814,18.8589,2.7631,22.4304,5.1093,6.0433,0.0001,0.0000,0.0000,0.0000
5,hasta_001,1780004582.698,2026-05-29 00:43:02,1359,NORMAL,56.7,75.8775,69.4024,8.9140,16.5132,11.7693,77.8171,75.0200,5.5995,18.8810,2.7335,22.4304,5.1093,6.0095,0.0001,0.0000,0.0000,0.0000
5,hasta_001,1780004582.744,2026-05-29 00:43:02,1360,NORMAL,56.7,75.7607,70.7022,6.9076,15.9631,11.2278,77.8646,75.0615,5.6038,18.8945,2.7150,22.4304,5.1093,5.9685,0.0000,0.0000,0.0000,0.0000
5,hasta_001,1780004582.796,2026-05-29 00:43:02,1361,NORMAL,57.2,75.7109,72.2404,4.6914,15.4051,10.6345,77.9233,75.1232,5.5951,18.8976,2.7107,22.4304,5.1093,5.9203,0.0000,0.0000,0.0000,0.0000
5,hasta_001,1780004582.834,2026-05-29 00:43:02,1362,NORMAL,57.7,75.7985,73.5115,3.0634,15.0734,10.1839,77.9952,75.2028,5.5798,18.8938,2.7158,22.4304,5.1093,5.8665,0.0000,0.0000,0.0000,0.0000
5,hasta_001,1780004582.885,2026-05-29 00:43:02,1363,NORMAL,58.2,76.0734,75.0196,1.3948,14.7590,9.7234,78.0714,75.2928,5.5570,18.8895,2.7219,22.4304,5.1093,5.8066,0.0034,0.0000,0.0000,0.0000
5,hasta_001,1780004582.927,2026-05-29 00:43:02,1364,NORMAL,59.7,76.5426,76.8038,0.3407,14.5031,9.3742,78.6419,75.9038,4.8987,18.9414,2.5744,22.4304,5.1093,5.6329,0.0033,0.0000,0.0000,0.0000
5,hasta_001,1780004582.974,2026-05-29 00:43:02,1365,NORMAL,60.2,77.0837,78.8189,2.2260,14.3206,9.2024,79.2217,76.5375,4.1492,18.9887,2.4331,22.4304,5.1093,5.4558,0.0012,0.0000,0.0000,0.0000
5,hasta_001,1780004583.024,2026-05-29 00:43:03,1366,NORMAL,59.7,77.4765,81.1224,4.5976,14.2374,9.2070,79.2392,76.5752,4.1741,18.9479,2.4711,22.4304,5.1093,5.4117,0.0012,0.0000,0.0000,0.0000
5,hasta_001,1780004583.080,2026-05-29 00:43:03,1367,NORMAL,59.2,77.4208,82.8829,6.8148,14.3068,9.3709,79.2370,76.6073,4.2166,18.9043,2.5062,22.4304,5.1093,5.3782,0.0011,0.0000,0.0000,0.0000
5,hasta_001,1780004583.131,2026-05-29 00:43:03,1368,NORMAL,57.7,76.5935,83.9374,9.1495,14.4610,9.6083,79.2179,76.6384,4.2790,18.8604,2.5373,22.4304,5.1093,5.3579,0.0011,0.0000,0.0000,0.0000
5,hasta_001,1780004583.179,2026-05-29 00:43:03,1369,NORMAL,57.5,75.6959,85.2775,11.9045,14.6073,9.8635,79.1858,76.6764,4.3660,18.8185,2.5656,22.4304,5.1093,5.3513,0.0011,0.0000,0.0000,0.0000
5,hasta_001,1780004583.235,2026-05-29 00:43:03,1370,NORMAL,55.8,74.7053,87.1832,15.4154,14.7353,10.1598,79.1417,76.7282,4.4844,18.7794,2.5916,22.4304,5.1093,5.3596,0.0011,0.0000,0.0000,0.0000
5,hasta_001,1780004583.291,2026-05-29 00:43:03,1371,NORMAL,54.2,73.9790,89.5041,18.9928,14.8839,10.3634,79.0895,76.7973,4.6327,18.7444,2.6155,22.4304,5.1093,5.3819,0.0010,0.0000,0.0000,0.0000
5,hasta_001,1780004583.331,2026-05-29 00:43:03,1372,NORMAL,53.8,73.5924,91.1358,21.2999,15.0394,10.4858,79.0341,76.8801,4.8002,18.7129,2.6371,22.4304,5.1093,5.4157,0.0011,0.0000,0.0000,0.0000
5,hasta_001,1780004583.392,2026-05-29 00:43:03,1373,NORMAL,51.9,73.2577,92.5921,23.3155,15.1952,10.6000,78.9769,76.9770,4.9859,18.6853,2.6564,22.4304,5.1093,5.4583,0.0011,0.0000,0.0000,0.0000
5,hasta_001,1780004583.455,2026-05-29 00:43:03,1374,NORMAL,51.9,73.3125,93.4324,24.1326,15.3762,10.5272,78.9224,77.0843,5.1797,18.6614,2.6731,22.4304,5.1093,5.5058,0.0012,0.0000,0.0000,0.0000
5,hasta_001,1780004583.513,2026-05-29 00:43:03,1375,NORMAL,51.9,73.5402,93.7675,24.1798,15.4589,10.2878,78.8736,77.2022,5.3787,18.6413,2.6880,22.4304,5.1093,5.5574,0.0012,0.0000,0.0000,0.0000
5,hasta_001,1780004583.575,2026-05-29 00:43:03,1376,NORMAL,52.4,73.7779,93.7982,23.8940,15.4261,9.7867,78.8305,77.3279,5.5753,18.6237,2.7020,22.4304,5.1093,5.6073,0.0012,0.0000,0.0000,0.0000
5,hasta_001,1780004583.622,2026-05-29 00:43:03,1377,NORMAL,53.4,73.9567,93.6907,23.5423,15.4240,9.2930,78.7929,77.4595,5.7654,18.6085,2.7148,22.4304,5.1093,5.6541,0.0012,0.0000,0.0000,0.0000
5,hasta_001,1780004583.699,2026-05-29 00:43:03,1378,NORMAL,54.4,74.1633,93.4798,23.0447,15.5069,8.5316,78.7619,77.5973,5.9474,18.5966,2.7252,22.4304,5.1093,5.6956,0.0012,0.0000,0.0000,0.0000
5,hasta_001,1780004583.756,2026-05-29 00:43:03,1379,NORMAL,54.4,74.1478,93.3907,22.9714,15.7398,7.9046,78.7335,77.7389,6.1262,18.5883,2.7324,22.4304,5.1093,5.7318,0.0012,0.0000,0.0000,0.0000
5,hasta_001,1780004583.810,2026-05-29 00:43:03,1380,NORMAL,54.4,74.0588,93.2532,22.9444,15.7812,7.3517,78.7070,77.8836,6.3028,18.5824,2.7377,22.4304,5.1093,5.7635,0.0012,0.0000,0.0000,0.0000
5,hasta_001,1780004583.868,2026-05-29 00:43:03,1381,NORMAL,54.9,73.9904,93.1415,22.9173,15.7274,6.7582,78.6813,78.0311,6.4759,18.5776,2.7422,22.4304,5.1093,5.7909,0.0012,0.0000,0.0000,0.0000
5,hasta_001,1780004583.909,2026-05-29 00:43:03,1382,NORMAL,58.4,73.5609,92.9441,23.2824,15.6894,6.2931,78.6532,78.1797,6.6500,18.5727,2.7468,22.4304,5.1093,5.8142,0.0012,0.0000,0.0000,0.0000
5,hasta_001,1780004583.960,2026-05-29 00:43:03,1383,NORMAL,58.9,72.7233,92.6745,24.1251,15.6100,5.7523,78.6195,78.3285,6.8296,18.5677,2.7516,22.4304,5.1093,5.8329,0.0012,0.0000,0.0000,0.0000
5,hasta_001,1780004584.003,2026-05-29 00:43:04,1384,NORMAL,57.9,71.8515,92.3336,24.9501,15.6697,5.3102,78.5794,78.4757,7.0156,18.5629,2.7561,22.4304,5.1093,5.8480,0.0012,0.0000,0.0000,0.0000
5,hasta_001,1780004584.054,2026-05-29 00:43:04,1385,NORMAL,58.5,70.6943,91.8853,26.0684,15.8160,4.8359,78.5309,78.6204,7.2108,18.5594,2.7594,22.4304,5.1093,5.8593,0.0012,0.0000,0.0000,0.0000
5,hasta_001,1780004584.102,2026-05-29 00:43:04,1386,NORMAL,58.5,69.4680,91.3303,27.1921,16.2272,4.4424,78.4726,78.7614,7.4147,18.5592,2.7595,22.4304,5.1093,5.8672,0.0012,0.0000,0.0000,0.0000
5,hasta_001,1780004584.151,2026-05-29 00:43:04,1387,NORMAL,58.6,67.9832,90.4872,28.4015,17.1119,4.0419,78.4017,78.8959,7.6277,18.5655,2.7553,22.4304,5.1093,5.8717,0.0012,0.0000,0.0000,0.0000
5,hasta_001,1780004584.211,2026-05-29 00:43:04,1388,NORMAL,58.1,66.7145,89.7657,29.4621,18.0365,3.6092,78.3203,79.0242,7.8498,18.5788,2.7489,22.4304,5.1093,5.8723,0.0012,0.0000,0.0000,0.0000
5,hasta_001,1780004584.253,2026-05-29 00:43:04,1389,NORMAL,58.1,65.9655,89.2400,29.9918,18.7438,3.2693,78.2331,79.1478,8.0774,18.5969,2.7428,22.4304,5.1093,5.8703,0.0012,0.0000,0.0000,0.0000
5,hasta_001,1780004584.309,2026-05-29 00:43:04,1390,NORMAL,58.1,65.2644,88.6134,30.3475,19.7994,2.7455,78.1402,79.2662,8.3082,18.6230,2.7392,22.4304,5.1093,5.8638,0.0012,0.0000,0.0000,0.0000
5,hasta_001,1780004584.383,2026-05-29 00:43:04,1391,NORMAL,58.8,64.8952,88.2877,30.5420,20.8689,1.9484,78.0449,79.3819,8.5415,18.6571,2.7415,22.4304,5.1093,5.8507,0.0011,0.0000,0.0000,0.0000
5,hasta_001,1780004584.423,2026-05-29 00:43:04,1392,NORMAL,58.8,64.9737,88.2753,30.4101,21.1433,1.6519,77.9513,79.4986,8.7735,18.6919,2.7463,22.4304,5.1093,5.8355,0.0011,0.0000,0.0000,0.0000
5,hasta_001,1780004584.467,2026-05-29 00:43:04,1393,NORMAL,58.8,65.2221,88.3344,30.1026,21.1225,1.6310,77.8611,79.6165,9.0036,18.7256,2.7511,22.4304,5.1093,5.8210,0.0010,0.0000,0.0000,0.0000
5,hasta_001,1780004584.524,2026-05-29 00:43:04,1394,NORMAL,58.8,65.5642,88.4990,29.7732,20.9885,1.8508,77.7750,79.7363,9.2320,18.7576,2.7549,22.4304,5.1093,5.8100,0.0010,0.0000,0.0000,0.0000
5,hasta_001,1780004584.587,2026-05-29 00:43:04,1395,NORMAL,58.6,66.0088,88.6869,29.3196,20.8667,2.1472,77.6936,79.8574,9.4583,18.7879,2.7579,22.4304,5.1093,5.8037,0.0010,0.0000,0.0000,0.0000
5,hasta_001,1780004584.641,2026-05-29 00:43:04,1396,NORMAL,58.6,66.7133,88.9178,28.5347,20.7029,2.4259,77.6182,79.9799,9.6789,18.8163,2.7600,22.4304,5.1093,5.8031,0.0010,0.0000,0.0000,0.0000
5,hasta_001,1780004584.689,2026-05-29 00:43:04,1397,NORMAL,58.6,67.6359,89.3371,27.6497,20.5724,2.6929,77.5507,80.1047,9.8940,18.8412,2.7622,22.4304,5.1093,5.8090,0.0010,0.0000,0.0000,0.0000
5,hasta_001,1780004584.735,2026-05-29 00:43:04,1398,NORMAL,58.6,69.2289,90.1967,26.3041,20.3064,2.8608,77.4967,80.2357,10.0996,18.8617,2.7639,22.4304,5.1093,5.8194,0.0009,0.0000,0.0000,0.0000
5,hasta_001,1780004584.779,2026-05-29 00:43:04,1399,NORMAL,59.6,70.9776,90.9646,24.6841,19.9802,2.9244,77.4579,80.3718,10.2942,18.8763,2.7651,22.4304,5.1093,5.8334,0.0010,0.0000,0.0000,0.0000
5,hasta_001,1780004584.824,2026-05-29 00:43:04,1400,NORMAL,60.6,72.8559,91.5773,22.7707,19.5907,2.8896,77.4352,80.5110,10.4761,18.8841,2.7658,22.4304,5.1093,5.8486,0.0010,0.0000,0.0000,0.0000
5,hasta_001,1780004584.876,2026-05-29 00:43:04,1401,NORMAL,63.9,74.4599,91.5012,20.5366,19.2010,2.7094,77.4254,80.6472,10.6421,18.8861,2.7660,22.4304,5.1093,5.8630,0.0009,0.0000,0.0000,0.0000
5,hasta_001,1780004584.924,2026-05-29 00:43:04,1402,NORMAL,65.4,75.2574,90.6183,18.5210,19.0911,2.4456,77.4220,80.7741,10.7934,18.8850,2.7659,22.4304,5.1093,5.8753,0.0009,0.0000,0.0000,0.0000
5,hasta_001,1780004584.969,2026-05-29 00:43:04,1403,NORMAL,68.2,75.6457,89.2427,16.4924,19.2341,2.1594,77.4204,80.8867,10.9295,18.8826,2.7654,22.4304,5.1093,5.8853,0.0009,0.0000,0.0000,0.0000
5,hasta_001,1780004585.019,2026-05-29 00:43:05,1404,NORMAL,71.4,75.9164,87.5060,14.1835,19.5035,1.8459,77.4189,80.9808,11.0465,18.8794,2.7645,22.4304,5.1093,5.8924,0.0009,0.0000,0.0000,0.0000
5,hasta_001,1780004585.075,2026-05-29 00:43:05,1405,NORMAL,72.1,75.8649,85.6058,12.0652,19.9698,1.4971,77.4148,81.0551,11.1433,18.8781,2.7639,22.4304,5.1093,5.8963,0.0009,0.0000,0.0000,0.0000
5,hasta_001,1780004585.129,2026-05-29 00:43:05,1406,NORMAL,73.1,75.7247,84.1113,10.4940,20.5345,1.1833,77.4068,81.1117,11.2240,18.8790,2.7645,22.4304,5.1093,5.8974,0.0009,0.0000,0.0000,0.0000
5,hasta_001,1780004585.167,2026-05-29 00:43:05,1407,NORMAL,73.1,75.6212,83.0947,9.4175,20.8544,0.9675,77.3961,81.1567,11.2939,18.8810,2.7658,22.4304,5.1093,5.8967,0.0009,0.0000,0.0000,0.0000
5,hasta_001,1780004585.214,2026-05-29 00:43:05,1408,NORMAL,73.1,75.3821,82.0872,8.5160,21.0411,0.8010,77.3814,81.1892,11.3536,18.8824,2.7669,22.4304,5.1093,5.8952,0.0008,0.0000,0.0000,0.0000
5,hasta_001,1780004585.258,2026-05-29 00:43:05,1409,NORMAL,73.1,75.0612,81.2319,7.8964,21.0152,0.7728,77.3625,81.2119,11.4068,18.8821,2.7666,22.4304,5.1093,5.8938,0.0008,0.0000,0.0000,0.0000
5,hasta_001,1780004585.305,2026-05-29 00:43:05,1410,NORMAL,73.1,74.6800,80.3562,7.3225,20.8539,0.8059,77.3395,81.2250,11.4535,18.8794,2.7645,22.4304,5.1093,5.8930,0.0008,0.0000,0.0000,0.0000
5,hasta_001,1780004585.357,2026-05-29 00:43:05,1411,NORMAL,73.1,74.3923,79.6245,6.7944,20.5984,0.8307,77.3140,81.2302,11.4938,18.8734,2.7600,22.4304,5.1093,5.8930,0.0008,0.0000,0.0000,0.0000
5,hasta_001,1780004585.402,2026-05-29 00:43:05,1412,NORMAL,73.1,74.2676,79.1632,6.3814,20.3648,0.8263,77.2872,81.2299,11.5287,18.8641,2.7531,22.4304,5.1093,5.8940,0.0008,0.0000,0.0000,0.0000
5,hasta_001,1780004585.433,2026-05-29 00:43:05,1413,NORMAL,73.1,74.1236,78.7733,6.0821,20.2126,0.7945,77.2590,81.2247,11.5592,18.8521,2.7440,22.4304,5.1093,5.8956,0.0007,0.0000,0.0000,0.0000
5,hasta_001,1780004585.478,2026-05-29 00:43:05,1414,NORMAL,73.1,73.9310,78.3426,5.7943,20.0403,0.6587,77.2290,81.2147,11.5862,18.8378,2.7333,22.4304,5.1093,5.8967,0.0007,0.0000,0.0000,0.0000
5,hasta_001,1780004585.528,2026-05-29 00:43:05,1415,NORMAL,73.1,73.9586,77.8389,5.1125,19.9451,0.5579,77.1987,81.2001,11.6076,18.8217,2.7211,22.4304,5.1093,5.8975,0.0007,0.0000,0.0000,0.0000
5,hasta_001,1780004585.569,2026-05-29 00:43:05,1416,NORMAL,73.1,74.2206,77.3879,4.1783,19.8751,0.6284,77.1693,81.1818,11.6230,18.8043,2.7075,22.4304,5.1093,5.8996,0.0007,0.0000,0.0000,0.0000
5,hasta_001,1780004585.633,2026-05-29 00:43:05,1417,NORMAL,73.6,74.9240,76.8997,2.6027,19.7653,0.9830,77.1440,81.1603,11.6286,18.7844,2.6916,22.4304,5.1093,5.9053,0.0007,0.0000,0.0000,0.0000
5,hasta_001,1780004585.679,2026-05-29 00:43:05,1418,NORMAL,72.6,75.2760,76.6192,1.7687,19.6837,1.4059,77.1202,81.1378,11.6308,18.7625,2.6734,22.4304,5.1093,5.9145,0.0006,0.0000,0.0000,0.0000
5,hasta_001,1780004585.721,2026-05-29 00:43:05,1419,NORMAL,72.6,75.2431,76.3090,1.4066,19.6165,1.8980,77.0945,81.1142,11.6339,18.7392,2.6536,22.4304,5.1093,5.9281,0.0006,0.0000,0.0000,0.0000
5,hasta_001,1780004585.751,2026-05-29 00:43:05,1420,NORMAL,73.1,75.1334,76.0742,1.2444,19.5255,2.3283,77.0664,81.0904,11.6398,18.7144,2.6321,22.4304,5.1093,5.9449,0.0006,0.0000,0.0000,0.0000
5,hasta_001,1780004585.789,2026-05-29 00:43:05,1421,NORMAL,73.1,74.8684,75.7297,1.1438,19.3950,2.8396,77.0352,81.0651,11.6476,18.6879,2.6090,22.4304,5.1093,5.9651,0.0006,0.0000,0.0000,0.0000
5,hasta_001,1780004585.831,2026-05-29 00:43:05,1422,NORMAL,73.1,74.5045,75.3317,1.1041,19.3097,3.3037,77.0008,81.0380,11.6562,18.6600,2.5842,22.4304,5.1093,5.9882,0.0005,0.0000,0.0000,0.0000
5,hasta_001,1780004585.877,2026-05-29 00:43:05,1423,NORMAL,73.1,74.3166,74.9247,0.8149,19.2703,3.5275,76.9649,81.0086,11.6612,18.6313,2.5581,22.4304,5.1093,6.0121,0.0006,0.0000,0.0000,0.0000
5,hasta_001,1780004585.908,2026-05-29 00:43:05,1424,NORMAL,73.1,74.1149,74.5273,0.5548,19.2422,3.5629,76.9273,80.9779,11.6614,18.6019,2.5304,22.4304,5.1093,6.0357,0.0005,0.0000,0.0000,0.0000
5,hasta_001,1780004585.965,2026-05-29 00:43:05,1425,NORMAL,73.1,73.8766,73.8530,0.0320,19.1923,3.4269,76.8861,80.9443,11.6516,18.5722,2.5023,22.4304,5.1093,6.0583,0.0006,0.0000,0.0000,0.0000
5,hasta_001,1780004586.037,2026-05-29 00:43:06,1426,NORMAL,73.1,73.7666,73.1866,0.7894,19.0694,3.0504,76.8427,80.9067,11.6447,18.5419,2.4738,22.4304,5.1093,6.0776,0.0006,0.0000,0.0000,0.0000
5,hasta_001,1780004586.100,2026-05-29 00:43:06,1427,NORMAL,73.1,73.7709,72.5742,1.6354,18.9797,2.5902,76.7975,80.8657,11.6401,18.5112,2.4453,22.4304,5.1093,6.0925,0.0006,0.0000,0.0000,0.0000
5,hasta_001,1780004586.148,2026-05-29 00:43:06,1428,NORMAL,72.6,73.7249,71.9858,2.3870,18.9652,2.1520,76.7506,80.8218,11.6377,18.4811,2.4171,22.4304,5.1093,6.1010,0.0005,0.0000,0.0000,0.0000
5,hasta_001,1780004586.190,2026-05-29 00:43:06,1429,NORMAL,72.6,73.7430,71.5139,3.0692,19.0120,1.7314,76.7023,80.7743,11.6387,18.4515,2.3885,22.4304,5.1093,6.1025,0.0005,0.0000,0.0000,0.0000
5,hasta_001,1780004586.243,2026-05-29 00:43:06,1430,NORMAL,72.6,73.6785,70.9986,3.7046,19.2005,1.3514,76.6538,80.7232,11.6443,18.4231,2.3590,22.4304,5.1093,6.0968,0.0005,0.0000,0.0000,0.0000
5,hasta_001,1780004586.304,2026-05-29 00:43:06,1431,NORMAL,73.1,73.6589,70.5518,4.3091,19.4182,1.1791,76.6060,80.6648,11.6607,18.3965,2.3293,22.4304,5.1093,6.0847,0.0005,0.0000,0.0000,0.0000
5,hasta_001,1780004586.360,2026-05-29 00:43:06,1432,NORMAL,73.1,73.4871,70.1943,4.5835,19.7168,1.1469,76.5683,80.6000,11.6984,18.3733,2.3021,22.4304,5.1093,6.0684,0.0004,0.0000,0.0000,0.0000
5,hasta_001,1780004586.415,2026-05-29 00:43:06,1433,NORMAL,68.6,73.3608,69.9737,4.7262,19.9796,1.1514,76.5299,80.5274,11.7302,18.3535,2.2778,22.4304,5.1093,6.0492,0.0004,0.5000,0.0000,0.0000
5,hasta_001,1780004586.454,2026-05-29 00:43:06,1434,NORMAL,68.6,73.2069,69.7690,4.8090,20.1953,1.1664,76.4836,80.4457,11.7617,18.3377,2.2583,22.4304,5.1093,6.0264,0.0004,0.5000,0.0000,0.0000
5,hasta_001,1780004586.485,2026-05-29 00:43:06,1435,NORMAL,68.6,73.1401,69.6500,4.8884,20.3561,1.1756,76.4219,80.3575,11.7991,18.3243,2.2415,22.4304,5.1093,6.0003,0.0004,0.5000,0.0000,0.0000
5,hasta_001,1780004586.543,2026-05-29 00:43:06,1436,NORMAL,68.6,73.0683,69.3468,5.2262,20.6355,1.2146,76.3439,80.2644,11.8232,18.3152,2.2298,22.4304,5.1093,5.9716,0.0004,0.5000,0.0000,0.0000
5,hasta_001,1780004586.592,2026-05-29 00:43:06,1437,NORMAL,68.1,73.1089,69.1238,5.6036,20.8167,1.2855,76.2618,80.1729,11.8407,18.3084,2.2210,22.4304,5.1093,5.9420,0.0004,0.5000,0.0000,0.0000
5,hasta_001,1780004586.640,2026-05-29 00:43:06,1438,NORMAL,67.6,73.0765,68.9867,5.7578,20.9437,1.3655,76.1782,80.0815,11.8564,18.3038,2.2149,22.4304,5.1093,5.9121,0.0004,0.5000,0.0000,0.0000
5,hasta_001,1780004586.695,2026-05-29 00:43:06,1439,NORMAL,67.6,72.9267,68.8561,5.7421,20.9723,1.4303,76.0953,79.9938,11.8684,18.3006,2.2108,22.4304,5.1093,5.8823,0.0003,0.5000,0.0000,0.0000
5,hasta_001,1780004586.734,2026-05-29 00:43:06,1440,NORMAL,67.6,72.8070,68.7856,5.6802,20.9976,1.4644,76.0133,79.9119,11.8741,18.2993,2.2091,22.4304,5.1093,5.8521,0.0004,0.5000,0.0000,0.0000
5,hasta_001,1780004586.788,2026-05-29 00:43:06,1441,NORMAL,67.6,72.7563,68.7004,5.7345,20.9879,1.4701,75.9330,79.8339,11.8767,18.2980,2.2075,22.4304,5.1093,5.8210,0.0004,0.5000,0.0000,0.0000
5,hasta_001,1780004586.841,2026-05-29 00:43:06,1442,NORMAL,67.6,72.8039,68.6570,5.8630,20.9436,1.4052,75.8486,79.7589,11.8710,18.2977,2.2072,22.4304,5.1093,5.7865,0.0003,0.5000,0.0000,0.0000
5,hasta_001,1780004586.887,2026-05-29 00:43:06,1443,NORMAL,68.1,72.9764,68.6801,6.0658,20.8835,1.2819,75.7583,79.6870,11.8542,18.2998,2.2095,22.4304,5.1093,5.7473,0.0003,0.5000,0.0000,0.0000
5,hasta_001,1780004586.940,2026-05-29 00:43:06,1444,NORMAL,68.6,73.1032,68.7311,6.1650,20.7693,1.0814,75.6683,79.6184,11.8337,18.3028,2.2126,22.4304,5.1093,5.7038,0.0003,0.5000,0.0000,0.0000
5,hasta_001,1780004586.979,2026-05-29 00:43:06,1445,NORMAL,67.1,73.1650,68.8100,6.1349,20.6677,0.8734,75.5784,79.5529,11.8093,18.3064,2.2161,22.4304,5.1093,5.6553,0.0003,1.0000,0.0000,0.0000
5,hasta_001,1780004587.010,2026-05-29 00:43:07,1446,NORMAL,67.1,73.2152,68.8577,6.1343,20.5818,0.7515,75.4917,79.4900,11.7852,18.3108,2.2201,22.4304,5.1093,5.6039,0.0003,1.0000,0.0000,0.0000
5,hasta_001,1780004587.068,2026-05-29 00:43:07,1447,NORMAL,67.1,73.2853,68.8791,6.1987,20.4475,0.6756,75.4076,79.4274,11.7640,18.3165,2.2247,22.4304,5.1093,5.5499,0.0003,1.0000,0.0000,0.0000
5,hasta_001,1780004587.106,2026-05-29 00:43:07,1448,NORMAL,67.1,73.3760,68.9158,6.2692,20.3736,0.6734,75.3294,79.3667,11.7475,18.3227,2.2294,22.4304,5.1093,5.4948,0.0003,1.0000,0.0000,0.0000
5,hasta_001,1780004587.155,2026-05-29 00:43:07,1449,NORMAL,67.1,73.4011,68.9713,6.2228,20.2732,0.6716,75.2465,79.3059,11.7253,18.3285,2.2335,22.4304,5.1093,5.4388,0.0001,1.0000,0.0000,0.0000
5,hasta_001,1780004587.221,2026-05-29 00:43:07,1450,NORMAL,67.1,73.3796,68.9751,6.1881,20.1583,0.6551,75.1635,79.2465,11.7013,18.3342,2.2373,22.4304,5.1093,5.3813,0.0001,1.0000,0.0000,0.0000
5,hasta_001,1780004587.262,2026-05-29 00:43:07,1451,NORMAL,67.1,73.3778,68.9854,6.1707,20.0939,0.6321,75.0819,79.1876,11.6783,18.3398,2.2408,22.4304,5.1093,5.3221,0.0001,1.0000,0.0000,0.0000
5,hasta_001,1780004587.316,2026-05-29 00:43:07,1452,NORMAL,67.1,73.3597,68.9877,6.1428,20.0130,0.5948,75.0025,79.1304,11.6555,18.3453,2.2442,22.4304,5.1093,5.2620,0.0001,1.0000,0.0000,0.0000
5,hasta_001,1780004587.381,2026-05-29 00:43:07,1453,NORMAL,67.1,73.3872,69.0537,6.0846,19.9426,0.5403,74.9235,79.0750,11.6310,18.3511,2.2474,22.4304,5.1093,5.2006,0.0000,1.0000,0.0000,0.0000
5,hasta_001,1780004587.437,2026-05-29 00:43:07,1454,NORMAL,67.1,73.5142,69.1299,6.1471,19.8955,0.4853,74.8414,79.0211,11.6008,18.3569,2.2504,22.4304,5.1093,5.1376,0.0000,1.0000,0.0000,0.0000
5,hasta_001,1780004587.481,2026-05-29 00:43:07,1455,NORMAL,67.1,73.6555,69.1583,6.2979,19.8538,0.4281,74.7622,78.9682,11.5729,18.3617,2.2530,22.4304,5.1093,5.0737,0.0000,1.0000,0.0000,0.0000
5,hasta_001,1780004587.532,2026-05-29 00:43:07,1456,NORMAL,67.1,73.7519,69.1593,6.4273,19.7989,0.3521,74.6833,78.9149,11.5459,18.3658,2.2552,22.4304,5.1093,5.0087,0.0000,1.0000,0.0000,0.0000
5,hasta_001,1780004587.571,2026-05-29 00:43:07,1457,NORMAL,67.1,73.8247,69.1452,6.5461,19.7644,0.2825,74.6050,78.8607,11.5210,18.3695,2.2571,22.4304,5.1093,4.9413,0.0000,1.0000,0.0000,0.0000
5,hasta_001,1780004587.625,2026-05-29 00:43:07,1458,NORMAL,67.1,73.9484,69.1247,6.7429,19.7536,0.2456,74.5298,78.8058,11.5010,18.3739,2.2593,22.4304,5.1093,4.8723,0.0000,1.0000,0.0000,0.0000
5,hasta_001,1780004587.689,2026-05-29 00:43:07,1459,NORMAL,67.1,74.1502,69.1136,7.0312,19.7635,0.2566,74.4559,78.7476,11.4870,18.3809,2.2623,22.4304,5.1093,4.8025,0.0000,1.0000,0.0000,0.0000
5,hasta_001,1780004587.728,2026-05-29 00:43:07,1460,NORMAL,67.1,74.3174,69.1031,7.2714,19.8129,0.2881,74.3807,78.6891,11.4722,18.3899,2.2658,22.4304,5.1093,4.7322,0.0001,1.0000,0.0000,0.0000
5,hasta_001,1780004587.779,2026-05-29 00:43:07,1461,NORMAL,67.1,74.4714,69.1709,7.3801,19.8746,0.3428,74.3007,78.6315,11.4505,18.4022,2.2698,22.4304,5.1093,4.6605,0.0001,1.0000,0.0000,0.0000
5,hasta_001,1780004587.821,2026-05-29 00:43:07,1462,NORMAL,67.1,74.6484,69.2237,7.5411,19.9297,0.3953,74.2161,78.5747,11.4226,18.4170,2.2739,22.4304,5.1093,4.5876,0.0001,1.0000,0.0000,0.0000
5,hasta_001,1780004587.867,2026-05-29 00:43:07,1463,NORMAL,67.1,74.9619,69.3329,7.8021,20.0087,0.4478,74.1289,78.5186,11.3910,18.4347,2.2780,22.4304,5.1093,4.5138,0.0001,1.0000,0.0000,0.0000
5,hasta_001,1780004587.913,2026-05-29 00:43:07,1464,NORMAL,67.1,75.2398,69.5198,7.9027,20.1106,0.5006,74.0387,78.4667,11.3506,18.4540,2.2823,22.4304,5.1093,4.4395,0.0000,1.0000,0.0000,0.0000
5,hasta_001,1780004587.962,2026-05-29 00:43:07,1465,NORMAL,67.1,75.4487,69.7903,7.7919,20.1980,0.5331,73.9454,78.4188,11.3015,18.4754,2.2865,22.4304,5.1093,4.3647,0.0001,1.0000,0.0000,0.0000
5,hasta_001,1780004588.003,2026-05-29 00:43:08,1466,NORMAL,67.1,75.6667,70.1032,7.6332,20.2654,0.5534,73.8479,78.3760,11.2407,18.5034,2.2877,22.4304,5.1093,4.2877,0.0004,1.0000,0.0000,0.0000
5,hasta_001,1780004588.035,2026-05-29 00:43:08,1467,NORMAL,67.1,75.8346,70.4252,7.3970,20.3057,0.5555,73.7715,78.3227,11.2182,18.5554,2.2569,22.4304,5.1093,4.1977,0.0003,1.0000,0.0000,0.0000
5,hasta_001,1780004588.065,2026-05-29 00:43:08,1468,NORMAL,67.1,75.9915,70.7650,7.1227,20.3386,0.5494,73.7016,78.2692,11.2033,18.6071,2.2260,22.4304,5.1093,4.1073,0.0005,1.0000,0.0000,0.0000
5,hasta_001,1780004588.100,2026-05-29 00:43:08,1469,NORMAL,67.1,76.1027,71.1760,6.6904,20.3627,0.5266,73.6436,78.2223,11.1938,18.6566,2.1981,22.4304,5.1093,4.0158,0.0005,1.0000,0.0000,0.0000
5,hasta_001,1780004588.145,2026-05-29 00:43:08,1470,NORMAL,67.1,76.2438,71.5417,6.3634,20.3844,0.4934,73.6109,78.1801,11.2090,18.7028,2.1757,22.4304,5.1093,3.9214,0.0005,1.0000,0.0000,0.0000
5,hasta_001,1780004588.189,2026-05-29 00:43:08,1471,NORMAL,67.1,76.3902,71.9210,6.0268,20.3915,0.4632,73.5991,78.1473,11.2379,18.7445,2.1595,22.4304,5.1093,3.8232,0.0005,1.0000,0.0000,0.0000
5,hasta_001,1780004588.220,2026-05-29 00:43:08,1472,NORMAL,67.1,76.4377,72.0872,5.8583,20.3986,0.4424,73.5936,78.1274,11.2579,18.7801,2.1513,22.4304,5.1093,3.7229,0.0005,1.0000,0.0000,0.0000
5,hasta_001,1780004588.252,2026-05-29 00:43:08,1473,NORMAL,67.1,76.5110,72.2200,5.7701,20.3997,0.4202,73.5924,78.1208,11.2656,18.8111,2.1476,22.4304,5.1093,3.6207,0.0006,1.0000,0.0000,0.0000
5,hasta_001,1780004588.284,2026-05-29 00:43:08,1474,NORMAL,67.1,76.5164,72.3836,5.5512,20.4031,0.3904,73.5920,78.1264,11.2572,18.8399,2.1457,22.4304,5.1093,3.5175,0.0006,1.0000,0.0000,0.0000
5,hasta_001,1780004588.314,2026-05-29 00:43:08,1475,NORMAL,67.1,76.5318,72.6053,5.2656,20.4067,0.3625,73.5900,78.1509,11.2202,18.8660,2.1454,22.4304,5.1093,3.4146,0.0007,1.0000,0.0000,0.0000
5,hasta_001,1780004588.348,2026-05-29 00:43:08,1476,NORMAL,67.1,76.5386,72.8670,4.9150,20.4127,0.3362,73.5910,78.1918,11.1636,18.8918,2.1453,22.4304,5.1093,3.3121,0.0008,1.0000,0.0000,0.0000
5,hasta_001,1780004588.394,2026-05-29 00:43:08,1477,NORMAL,67.1,76.5637,73.2967,4.3600,20.4168,0.3023,73.5930,78.2385,11.1000,18.9185,2.1442,22.4304,5.1093,3.2105,0.0008,1.0000,0.0000,0.0000
5,hasta_001,1780004588.440,2026-05-29 00:43:08,1478,NORMAL,67.1,76.5866,73.7424,3.7840,20.4148,0.2573,73.5962,78.2833,11.0411,18.9474,2.1408,22.4304,5.1093,3.1106,0.0009,1.0000,0.0000,0.0000
5,hasta_001,1780004588.471,2026-05-29 00:43:08,1479,NORMAL,67.6,76.6355,74.1024,3.3609,20.4125,0.2224,73.6025,78.3225,10.9948,18.9799,2.1332,22.4304,5.1093,3.0144,0.0011,1.0000,0.0000,0.0000
5,hasta_001,1780004588.503,2026-05-29 00:43:08,1480,NORMAL,67.6,76.8124,74.5763,2.9541,20.4049,0.1934,73.6113,78.3548,10.9619,19.0169,2.1190,22.4304,5.1093,2.9224,0.0011,1.0000,0.0000,0.0000
5,hasta_001,1780004588.536,2026-05-29 00:43:08,1481,NORMAL,67.6,77.2724,75.0082,2.9737,20.3786,0.1755,73.6243,78.3779,10.9476,19.0583,2.0965,22.4304,5.1093,2.8353,0.0011,1.0000,0.0000,0.0000
5,hasta_001,1780004588.588,2026-05-29 00:43:08,1482,NORMAL,67.1,78.4759,74.9356,4.6154,20.3218,0.1482,73.6466,78.3897,10.9605,19.1021,2.0674,22.4304,5.1093,2.7516,0.0011,1.0000,0.0000,0.0000
5,hasta_001,1780004588.628,2026-05-29 00:43:08,1483,NORMAL,73.1,79.0500,74.3939,6.0689,20.2831,0.1302,73.6714,78.3845,10.9994,19.1481,2.0314,19.8991,5.2678,2.6717,0.0012,0.0000,0.0000,0.0000
5,hasta_001,1780004588.682,2026-05-29 00:43:08,1484,NORMAL,73.1,79.5482,73.4093,8.0269,20.2143,0.1165,73.6964,78.3562,11.0635,19.1957,1.9885,19.8991,5.2678,2.5945,0.0013,0.0000,0.0000,0.0000
5,hasta_001,1780004588.765,2026-05-29 00:43:08,1485,NORMAL,73.1,79.3422,72.5285,8.9731,20.1469,0.1109,73.7153,78.3038,11.1197,19.2443,1.9393,19.8991,5.2678,2.5188,0.0014,0.0000,0.0000,0.0000
5,hasta_001,1780004588.815,2026-05-29 00:43:08,1486,NORMAL,73.1,78.9808,71.9465,9.3214,20.1045,0.1247,73.7278,78.2273,11.1591,19.2931,1.8857,19.8991,5.2678,2.4431,0.0014,0.0000,0.0000,0.0000
5,hasta_001,1780004588.862,2026-05-29 00:43:08,1487,NORMAL,73.1,78.4256,71.2244,9.6240,20.0727,0.1618,73.7362,78.1302,11.1825,19.3412,1.8307,19.8991,5.2678,2.3663,0.0014,0.0000,0.0000,0.0000
5,hasta_001,1780004588.915,2026-05-29 00:43:08,1488,NORMAL,73.1,77.5993,70.5634,9.4975,20.0596,0.2222,73.7445,78.0187,11.1854,19.3878,1.7763,19.8991,5.2678,2.2881,0.0014,0.0000,0.0000,0.0000
5,hasta_001,1780004588.981,2026-05-29 00:43:08,1489,NORMAL,73.1,76.6158,70.3587,8.5146,20.0404,0.2770,73.7522,77.8944,11.1571,19.4331,1.7223,19.8991,5.2678,2.2082,0.0015,0.0000,0.0000,0.0000
5,hasta_001,1780004589.021,2026-05-29 00:43:09,1490,NORMAL,73.1,75.8856,70.3899,7.5142,20.0351,0.3167,73.7620,77.7545,11.0913,19.4773,1.6683,19.8991,5.2678,2.1262,0.0015,0.0000,0.0000,0.0000
5,hasta_001,1780004589.076,2026-05-29 00:43:09,1491,NORMAL,73.1,74.6840,70.4948,5.7711,20.0265,0.3928,73.7679,77.5960,10.9811,19.5201,1.6150,19.8991,5.2678,2.0431,0.0016,0.0000,0.0000,0.0000
5,hasta_001,1780004589.122,2026-05-29 00:43:09,1492,NORMAL,73.1,73.6751,70.4718,4.4445,20.0301,0.4595,73.7686,77.4238,10.8407,19.5617,1.5625,19.8991,5.2678,1.9596,0.0016,0.0000,0.0000,0.0000
5,hasta_001,1780004589.171,2026-05-29 00:43:09,1493,NORMAL,73.6,72.6243,70.4684,3.0133,20.0293,0.5031,73.7633,77.2395,10.6715,19.6020,1.5108,19.8991,5.2678,1.8754,0.0017,0.0000,0.0000,0.0000
5,hasta_001,1780004589.211,2026-05-29 00:43:09,1494,NORMAL,73.6,71.7674,70.4654,1.8309,20.0255,0.5289,73.7505,77.0481,10.4856,19.6408,1.4608,19.8991,5.2678,1.7921,0.0017,0.0000,0.0000,0.0000
5,hasta_001,1780004589.290,2026-05-29 00:43:09,1495,NORMAL,73.6,70.4973,70.5877,0.1280,20.0131,0.5447,73.7251,76.8549,10.2852,19.6787,1.4099,19.8991,5.2678,1.7109,0.0017,0.0000,0.0000,0.0000
5,hasta_001,1780004589.351,2026-05-29 00:43:09,1496,NORMAL,73.6,69.5926,70.7421,1.6382,20.0001,0.5668,73.6902,76.6628,10.0997,19.7168,1.3552,19.8991,5.2678,1.6341,0.0018,0.0000,0.0000,0.0000
5,hasta_001,1780004589.392,2026-05-29 00:43:09,1497,NORMAL,73.6,69.0619,70.8807,2.5994,19.9926,0.5772,73.6494,76.4727,9.9252,19.7549,1.2970,19.8991,5.2678,1.5614,0.0017,0.0000,0.0000,0.0000
5,hasta_001,1780004589.443,2026-05-29 00:43:09,1498,NORMAL,73.6,68.5469,71.1430,3.7169,19.9802,0.5738,73.6026,76.2866,9.7641,19.7922,1.2372,19.8991,5.2678,1.4951,0.0017,0.0000,0.0000,0.0000
5,hasta_001,1780004589.487,2026-05-29 00:43:09,1499,NORMAL,73.1,68.1843,71.3614,4.5534,19.9666,0.5568,73.5529,76.1030,9.6107,19.8274,1.1802,19.8991,5.2678,1.4339,0.0017,0.0000,0.0000,0.0000
5,hasta_001,1780004589.535,2026-05-29 00:43:09,1500,NORMAL,73.1,67.7716,71.5142,5.3740,19.9535,0.5332,73.5005,75.9218,9.4642,19.8622,1.1205,19.8991,5.2678,1.3771,0.0017,0.0000,0.0000,0.0000
5,hasta_001,1780004589.580,2026-05-29 00:43:09,1501,NORMAL,73.1,67.4328,71.5335,5.9016,19.9438,0.4738,73.4459,75.7418,9.3224,19.8973,1.0544,19.8991,5.2678,1.3247,0.0016,0.0000,0.0000,0.0000
5,hasta_001,1780004589.625,2026-05-29 00:43:09,1502,NORMAL,73.1,67.2981,71.5811,6.1678,19.9306,0.4127,73.3937,75.5637,9.1798,19.9327,0.9813,19.8991,5.2678,1.2757,0.0016,0.0000,0.0000,0.0000
5,hasta_001,1780004589.668,2026-05-29 00:43:09,1503,NORMAL,73.1,67.2932,71.6313,6.2451,19.9166,0.3621,73.3485,75.3884,9.0308,19.9685,0.8978,19.8991,5.2678,1.2308,0.0016,0.0000,0.0000,0.0000
5,hasta_001,1780004589.719,2026-05-29 00:43:09,1504,NORMAL,73.1,67.3239,71.5744,6.1203,19.9045,0.3000,73.3107,75.2154,8.8739,20.0038,0.8067,19.8991,5.2678,1.1890,0.0017,0.0000,0.0000,0.0000
5,hasta_001,1780004589.805,2026-05-29 00:43:09,1505,NORMAL,73.1,67.4053,71.5217,5.9260,19.8874,0.2135,73.2833,75.0457,8.7061,20.0378,0.7096,19.8991,5.2678,1.1505,0.0017,0.0000,0.0000,0.0000
5,hasta_001,1780004589.844,2026-05-29 00:43:09,1506,NORMAL,73.1,67.4325,71.5042,5.8612,19.8915,0.1815,73.2664,74.8805,8.5283,20.0683,0.6179,19.8991,5.2678,1.1150,0.0016,0.0000,0.0000,0.0000
5,hasta_001,1780004589.897,2026-05-29 00:43:09,1507,NORMAL,73.1,67.4862,71.5057,5.7837,19.8940,0.1453,73.2622,74.7223,8.3398,20.0915,0.5556,19.8991,5.2678,1.0825,0.0016,0.0000,0.0000,0.0000
5,hasta_001,1780004589.959,2026-05-29 00:43:09,1508,NORMAL,73.1,67.5185,71.4665,5.6812,19.9002,0.1079,73.2689,74.5698,8.1416,20.1070,0.5231,19.8991,5.2678,1.0534,0.0016,0.0000,0.0000,0.0000
5,hasta_001,1780004590.014,2026-05-29 00:43:10,1509,NORMAL,73.1,67.6137,71.4047,5.4541,19.9014,0.0879,73.2826,74.4212,7.9372,20.1167,0.5083,19.8991,5.2678,1.0269,0.0016,0.0000,0.0000,0.0000
5,hasta_001,1780004590.059,2026-05-29 00:43:10,1510,NORMAL,73.1,67.6889,71.3099,5.2101,19.9167,0.0688,73.3029,74.2770,7.7277,20.1176,0.5078,19.8991,5.2678,1.0045,0.0015,0.0000,0.0000,0.0000
5,hasta_001,1780004590.110,2026-05-29 00:43:10,1511,NORMAL,73.1,67.8375,71.2285,4.8768,19.9286,0.0582,73.3274,74.1348,7.5138,20.1098,0.5034,19.8991,5.2678,0.9888,0.0015,0.0000,0.0000,0.0000
5,hasta_001,1780004590.176,2026-05-29 00:43:10,1512,NORMAL,73.1,68.0607,71.1261,4.4048,19.9446,0.0433,73.3531,73.9919,7.2971,20.0998,0.4946,19.8991,5.2678,0.9754,0.0014,0.0000,0.0000,0.0000
5,hasta_001,1780004590.239,2026-05-29 00:43:10,1513,NORMAL,73.1,68.2369,71.1005,4.1103,19.9506,0.0375,73.3782,73.8483,7.0805,20.0900,0.4858,19.8991,5.2678,0.9621,0.0014,0.0000,0.0000,0.0000
5,hasta_001,1780004590.275,2026-05-29 00:43:10,1514,NORMAL,73.1,68.3853,71.1138,3.9118,19.9519,0.0307,73.4017,73.7034,6.8650,20.0814,0.4789,19.8991,5.2678,0.9469,0.0013,0.0000,0.0000,0.0000
5,hasta_001,1780004590.328,2026-05-29 00:43:10,1515,NORMAL,69.1,68.5483,71.0268,3.5515,19.9536,0.0296,73.4229,73.5562,6.6502,20.0738,0.4736,19.8991,5.2678,0.9293,0.0012,0.5000,0.0000,0.0000
5,hasta_001,1780004590.391,2026-05-29 00:43:10,1516,NORMAL,67.6,68.7004,70.9120,3.1683,19.9510,0.0399,73.4394,73.4062,6.4389,20.0675,0.4702,19.8991,5.2678,0.9094,0.0013,1.0000,0.0000,0.0000
5,hasta_001,1780004590.449,2026-05-29 00:43:10,1517,NORMAL,67.6,68.9067,70.8278,2.7496,19.9537,0.0569,73.4500,73.2520,6.2314,20.0624,0.4680,19.8991,5.2678,0.8874,0.0012,1.0000,0.0000,0.0000
5,hasta_001,1780004590.496,2026-05-29 00:43:10,1518,NORMAL,67.6,69.1198,70.7641,2.3510,19.9514,0.0714,73.4491,73.0900,6.0318,20.0594,0.4676,19.8991,5.2678,0.8642,0.0012,1.0000,0.0000,0.0000
5,hasta_001,1780004590.538,2026-05-29 00:43:10,1519,NORMAL,67.6,69.2945,70.7310,2.0518,19.9488,0.0945,73.4351,72.9214,5.8431,20.0592,0.4676,19.8991,5.2678,0.8406,0.0012,1.0000,0.0000,0.0000
5,hasta_001,1780004590.596,2026-05-29 00:43:10,1520,NORMAL,67.6,69.5240,70.8244,1.8532,19.9457,0.1045,73.4073,72.7485,5.6688,20.0621,0.4658,19.8991,5.2678,0.8174,0.0012,1.0000,0.0000,0.0000
5,hasta_001,1780004590.653,2026-05-29 00:43:10,1521,NORMAL,67.6,69.7331,70.9429,1.7199,19.9390,0.1067,73.3679,72.5771,5.5120,20.0683,0.4592,19.8991,5.2678,0.7957,0.0012,1.0000,0.0000,0.0000
5,hasta_001,1780004590.700,2026-05-29 00:43:10,1522,NORMAL,67.6,69.9032,71.0076,1.5676,19.9307,0.1010,73.3233,72.4137,5.3708,20.0753,0.4506,19.8991,5.2678,0.7762,0.0012,1.0000,0.0000,0.0000
5,hasta_001,1780004590.746,2026-05-29 00:43:10,1523,NORMAL,67.6,70.0743,71.0690,1.4094,19.9251,0.0945,73.2769,72.2623,5.2451,20.0810,0.4441,19.8991,5.2678,0.7590,0.0011,1.0000,0.0000,0.0000
5,hasta_001,1780004590.791,2026-05-29 00:43:10,1524,NORMAL,67.6,70.2017,71.1707,1.3709,19.9226,0.0971,73.2293,72.1261,5.1383,20.0845,0.4412,19.8991,5.2678,0.7444,0.0011,1.0000,0.0000,0.0000
5,hasta_001,1780004590.836,2026-05-29 00:43:10,1525,NORMAL,67.6,70.3292,71.2380,1.2840,19.9199,0.1006,73.1831,72.0064,5.0484,20.0841,0.4414,19.8991,5.2678,0.7328,0.0011,1.0000,0.0000,0.0000
5,hasta_001,1780004590.895,2026-05-29 00:43:10,1526,NORMAL,67.6,70.4950,71.2801,1.1075,19.9348,0.0978,73.1396,71.8995,4.9702,20.0791,0.4396,19.8991,5.2678,0.7237,0.0011,1.0000,0.0000,0.0000
5,hasta_001,1780004590.954,2026-05-29 00:43:10,1527,NORMAL,67.6,70.6817,71.3373,0.9233,19.9432,0.1045,73.0984,71.8015,4.8994,20.0715,0.4340,19.8991,5.2678,0.7165,0.0011,1.0000,0.0000,0.0000
5,hasta_001,1780004591.014,2026-05-29 00:43:11,1528,NORMAL,67.6,70.8773,71.4344,0.7830,19.9421,0.1226,73.0609,71.7127,4.8350,20.0623,0.4249,19.8991,5.2678,0.7109,0.0010,1.0000,0.0000,0.0000
5,hasta_001,1780004591.053,2026-05-29 00:43:11,1529,NORMAL,67.6,71.0075,71.5028,0.6952,19.9433,0.1365,73.0271,71.6317,4.7750,20.0534,0.4160,19.8991,5.2678,0.7056,0.0010,1.0000,0.0000,0.0000
5,hasta_001,1780004591.104,2026-05-29 00:43:11,1530,NORMAL,67.6,71.1053,71.5226,0.5852,19.9478,0.1551,72.9973,71.5580,4.7188,20.0459,0.4096,19.8991,5.2678,0.7001,0.0010,1.0000,0.0000,0.0000
5,hasta_001,1780004591.157,2026-05-29 00:43:11,1531,NORMAL,67.6,71.1965,71.5372,0.4774,19.9527,0.1703,72.9707,71.4907,4.6662,20.0405,0.4065,19.8991,5.2678,0.6946,0.0010,1.0000,0.0000,0.0000
5,hasta_001,1780004591.211,2026-05-29 00:43:11,1532,NORMAL,67.6,71.2504,71.5406,0.4064,19.9506,0.2001,72.9455,71.4271,4.6164,20.0370,0.4055,19.8991,5.2678,0.6894,0.0009,1.0000,0.0000,0.0000
5,hasta_001,1780004591.268,2026-05-29 00:43:11,1533,NORMAL,67.6,71.3997,71.5771,0.2482,19.9454,0.2137,72.9228,71.3672,4.5678,20.0348,0.4052,19.8991,5.2678,0.6846,0.0009,1.0000,0.0000,0.0000
5,hasta_001,1780004591.332,2026-05-29 00:43:11,1534,NORMAL,67.6,71.5799,71.6511,0.0994,19.9433,0.2135,72.9032,71.3114,4.5203,20.0340,0.4053,19.8991,5.2678,0.6809,0.0008,1.0000,0.0000,0.0000
5,hasta_001,1780004591.429,2026-05-29 00:43:11,1535,NORMAL,67.6,71.7227,71.6649,0.0806,19.9336,0.2294,72.8846,71.2599,4.4784,20.0339,0.4054,19.8991,5.2678,0.6781,0.0008,1.0000,0.0000,0.0000
5,hasta_001,1780004591.495,2026-05-29 00:43:11,1536,NORMAL,67.6,71.8304,71.6764,0.2145,19.9352,0.2228,72.8647,71.2124,4.4454,20.0344,0.4052,19.8991,5.2678,0.6748,0.0007,1.0000,0.0000,0.0000
5,hasta_001,1780004591.538,2026-05-29 00:43:11,1537,NORMAL,67.6,71.9229,71.6841,0.3326,19.9327,0.2292,72.8397,71.1689,4.4265,20.0358,0.4046,19.8991,5.2678,0.6685,0.0007,1.0000,0.0000,0.0000
5,hasta_001,1780004591.590,2026-05-29 00:43:11,1538,NORMAL,67.6,72.0309,71.6941,0.4686,19.9315,0.2175,72.8126,71.1278,4.4156,20.0379,0.4034,19.8991,5.2678,0.6586,0.0007,1.0000,0.0000,0.0000
5,hasta_001,1780004591.657,2026-05-29 00:43:11,1539,NORMAL,67.6,72.1733,71.7091,0.6453,19.9313,0.2077,72.7870,71.0895,4.4093,20.0405,0.4017,19.8991,5.2678,0.6445,0.0006,1.0000,0.0000,0.0000
5,hasta_001,1780004591.705,2026-05-29 00:43:11,1540,NORMAL,67.6,72.2189,71.7106,0.7063,19.9315,0.1983,72.7628,71.0532,4.4048,20.0439,0.3990,19.8991,5.2678,0.6267,0.0006,1.0000,0.0000,0.0000
5,hasta_001,1780004591.758,2026-05-29 00:43:11,1541,NORMAL,67.6,72.2790,71.7441,0.7429,19.9287,0.1938,72.7412,71.0199,4.4015,20.0483,0.3947,19.8991,5.2678,0.6047,0.0006,1.0000,0.0000,0.0000
5,hasta_001,1780004591.796,2026-05-29 00:43:11,1542,NORMAL,67.6,72.3572,71.7967,0.7776,19.9297,0.1793,72.7233,70.9905,4.3987,20.0535,0.3890,19.8991,5.2678,0.5786,0.0005,1.0000,0.0000,0.0000
5,hasta_001,1780004591.829,2026-05-29 00:43:11,1543,NORMAL,67.6,72.4113,71.8507,0.7772,19.9332,0.1697,72.7074,70.9649,4.3984,20.0590,0.3825,19.8991,5.2678,0.5507,0.0005,1.0000,0.0000,0.0000
5,hasta_001,1780004591.877,2026-05-29 00:43:11,1544,NORMAL,67.6,72.4983,71.9766,0.7222,19.9351,0.1476,72.6939,70.9436,4.3998,20.0648,0.3753,19.8991,5.2678,0.5222,0.0005,1.0000,0.0000,0.0000
5,hasta_001,1780004591.928,2026-05-29 00:43:11,1545,NORMAL,67.6,72.5624,72.0694,0.6817,19.9369,0.1297,72.6830,70.9287,4.4052,20.0710,0.3669,19.8991,5.2678,0.4947,0.0004,1.0000,0.0000,0.0000
5,hasta_001,1780004591.973,2026-05-29 00:43:11,1546,NORMAL,67.6,72.5833,72.1177,0.6435,19.9400,0.1079,72.6731,70.9198,4.4040,20.0782,0.3554,19.8991,5.2678,0.4702,0.0004,1.0000,0.0000,0.0000
5,hasta_001,1780004592.027,2026-05-29 00:43:12,1547,NORMAL,67.6,72.5969,72.1962,0.5535,19.9423,0.1012,72.6633,70.9167,4.3950,20.0863,0.3411,19.8991,5.2678,0.4495,0.0004,1.0000,0.0000,0.0000
5,hasta_001,1780004592.084,2026-05-29 00:43:12,1548,NORMAL,67.6,72.6195,72.1629,0.6307,19.9415,0.1026,72.6541,70.9182,4.3804,20.0944,0.3256,19.8991,5.2678,0.4324,0.0004,1.0000,0.0000,0.0000
5,hasta_001,1780004592.124,2026-05-29 00:43:12,1549,NORMAL,67.6,72.6459,72.1763,0.6485,19.9477,0.1039,72.6450,70.9237,4.3602,20.1022,0.3104,19.8991,5.2678,0.4188,0.0004,1.0000,0.0000,0.0000
5,hasta_001,1780004592.189,2026-05-29 00:43:12,1550,NORMAL,67.6,72.6875,72.1738,0.7092,19.9591,0.1156,72.6367,70.9335,4.3352,20.1085,0.2995,19.8991,5.2678,0.4085,0.0004,1.0000,0.0000,0.0000
5,hasta_001,1780004592.238,2026-05-29 00:43:12,1551,NORMAL,67.6,72.6982,72.1558,0.7489,19.9652,0.1156,72.6287,70.9468,4.3056,20.1131,0.2931,19.8991,5.2678,0.3997,0.0004,1.0000,0.0000,0.0000
5,hasta_001,1780004592.291,2026-05-29 00:43:12,1552,NORMAL,67.6,72.7475,72.1437,0.8335,19.9692,0.1218,72.6226,70.9631,4.2743,20.1152,0.2911,19.8991,5.2678,0.3911,0.0004,1.0000,0.0000,0.0000
5,hasta_001,1780004592.351,2026-05-29 00:43:12,1553,NORMAL,67.6,72.7711,72.1478,0.8603,19.9851,0.1286,72.6176,70.9812,4.2421,20.1152,0.2911,19.8991,5.2678,0.3826,0.0004,1.0000,0.0000,0.0000
5,hasta_001,1780004592.399,2026-05-29 00:43:12,1554,NORMAL,67.6,72.8175,72.1728,0.8893,19.9991,0.1443,72.6144,71.0012,4.2094,20.1136,0.2912,19.8991,5.2678,0.3741,0.0004,1.0000,0.0000,0.0000
5,hasta_001,1780004592.437,2026-05-29 00:43:12,1555,NORMAL,67.6,72.8512,72.2139,0.8786,20.0063,0.1492,72.6120,71.0226,4.1760,20.1107,0.2905,19.8991,5.2678,0.3655,0.0003,1.0000,0.0000,0.0000
5,hasta_001,1780004592.498,2026-05-29 00:43:12,1556,NORMAL,67.6,72.9502,72.3187,0.8694,20.0135,0.1536,72.6110,71.0474,4.1397,20.1055,0.2866,19.8991,5.2678,0.3567,0.0003,1.0000,0.0000,0.0000
5,hasta_001,1780004592.553,2026-05-29 00:43:12,1557,NORMAL,67.6,73.0490,72.4047,0.8859,20.0186,0.1438,72.6105,71.0747,4.1004,20.0988,0.2792,19.8991,5.2678,0.3472,0.0003,1.0000,0.0000,0.0000
5,hasta_001,1780004592.596,2026-05-29 00:43:12,1558,NORMAL,67.6,73.1048,72.4227,0.9374,20.0239,0.1327,72.6107,71.1033,4.0602,20.0912,0.2683,19.8991,5.2678,0.3369,0.0003,1.0000,0.0000,0.0000
5,hasta_001,1780004592.651,2026-05-29 00:43:12,1559,NORMAL,67.6,73.1948,72.4927,0.9639,20.0276,0.1177,72.6130,71.1336,4.0204,20.0833,0.2559,19.8991,5.2678,0.3260,0.0003,1.0000,0.0000,0.0000
5,hasta_001,1780004592.714,2026-05-29 00:43:12,1560,NORMAL,67.6,73.2423,72.5494,0.9505,20.0326,0.1056,72.6166,71.1650,3.9810,20.0753,0.2418,19.8991,5.2678,0.3146,0.0003,1.0000,0.0000,0.0000
5,hasta_001,1780004592.752,2026-05-29 00:43:12,1561,NORMAL,67.6,73.2794,72.6073,0.9214,20.0341,0.1013,72.6210,71.1976,3.9409,20.0673,0.2269,19.8991,5.2678,0.3032,0.0002,1.0000,0.0000,0.0000
5,hasta_001,1780004592.806,2026-05-29 00:43:12,1562,NORMAL,67.6,73.3185,72.6835,0.8699,20.0347,0.0954,72.6253,71.2311,3.8993,20.0597,0.2122,19.8991,5.2678,0.2923,0.0002,1.0000,0.0000,0.0000
5,hasta_001,1780004592.846,2026-05-29 00:43:12,1563,NORMAL,67.6,73.3786,72.7608,0.8454,20.0385,0.0907,72.6286,71.2651,3.8558,20.0527,0.1983,19.8991,5.2678,0.2824,0.0002,1.0000,0.0000,0.0000
5,hasta_001,1780004592.890,2026-05-29 00:43:12,1564,NORMAL,67.6,73.4501,72.8389,0.8356,20.0410,0.0867,72.6315,71.2994,3.8114,20.0466,0.1872,19.8991,5.2678,0.2741,0.0002,1.0000,0.0000,0.0000
5,hasta_001,1780004592.940,2026-05-29 00:43:12,1565,NORMAL,67.6,73.5448,72.9065,0.8718,20.0411,0.0853,72.6347,71.3335,3.7675,20.0414,0.1783,19.8991,5.2678,0.2675,0.0002,1.0000,0.0000,0.0000
5,hasta_001,1780004592.996,2026-05-29 00:43:12,1566,NORMAL,67.6,73.6116,72.9016,0.9692,20.0450,0.0845,72.6380,71.3672,3.7245,20.0369,0.1713,19.8991,5.2678,0.2620,0.0002,1.0000,0.0000,0.0000
5,hasta_001,1780004593.028,2026-05-29 00:43:13,1567,NORMAL,67.6,73.6579,72.9186,1.0087,20.0455,0.0822,72.6411,71.4009,3.6812,20.0336,0.1671,19.8991,5.2678,0.2570,0.0002,1.0000,0.0000,0.0000
5,hasta_001,1780004593.059,2026-05-29 00:43:13,1568,NORMAL,67.6,73.6924,72.9781,0.9739,20.0442,0.0798,72.6437,71.4347,3.6371,20.0308,0.1641,19.8991,5.2678,0.2521,0.0002,1.0000,0.0000,0.0000
5,hasta_001,1780004593.112,2026-05-29 00:43:13,1569,NORMAL,67.6,73.6969,73.0095,0.9371,20.0446,0.0683,72.6462,71.4684,3.5930,20.0289,0.1626,19.8991,5.2678,0.2471,0.0002,1.0000,0.0000,0.0000
5,hasta_001,1780004593.176,2026-05-29 00:43:13,1570,NORMAL,67.6,73.6887,73.0639,0.8515,20.0451,0.0585,72.6487,71.5024,3.5486,20.0280,0.1622,19.8991,5.2678,0.2421,0.0002,1.0000,0.0000,0.0000
5,hasta_001,1780004593.253,2026-05-29 00:43:13,1571,NORMAL,67.6,73.6632,73.0695,0.8092,20.0452,0.0661,72.6511,71.5365,3.5039,20.0276,0.1621,19.8991,5.2678,0.2374,0.0002,1.0000,0.0000,0.0000
5,hasta_001,1780004593.298,2026-05-29 00:43:13,1572,NORMAL,67.6,73.6630,73.0896,0.7814,20.0477,0.0753,72.6537,71.5707,3.4592,20.0279,0.1621,19.8991,5.2678,0.2330,0.0002,1.0000,0.0000,0.0000
5,hasta_001,1780004593.347,2026-05-29 00:43:13,1573,NORMAL,67.6,73.6546,73.1008,0.7548,20.0476,0.0719,72.6559,71.6044,3.4148,20.0287,0.1619,19.8991,5.2678,0.2291,0.0002,1.0000,0.0000,0.0000
5,hasta_001,1780004593.389,2026-05-29 00:43:13,1574,NORMAL,67.6,73.6167,73.0641,0.7535,20.0466,0.0778,72.6567,71.6372,3.3698,20.0300,0.1615,19.8991,5.2678,0.2257,0.0002,1.0000,0.0000,0.0000
5,hasta_001,1780004593.440,2026-05-29 00:43:13,1575,NORMAL,67.6,73.6415,73.0832,0.7609,20.0461,0.0933,72.6566,71.6699,3.3237,20.0316,0.1607,19.8991,5.2678,0.2229,0.0002,1.0000,0.0000,0.0000
5,hasta_001,1780004593.479,2026-05-29 00:43:13,1576,NORMAL,67.6,73.6923,73.1742,0.7056,20.0454,0.1112,72.6561,71.7033,3.2760,20.0337,0.1593,19.8991,5.2678,0.2209,0.0002,1.0000,0.0000,0.0000
5,hasta_001,1780004593.525,2026-05-29 00:43:13,1577,NORMAL,67.6,73.8147,73.3226,0.6689,20.0381,0.1462,72.6560,71.7381,3.2270,20.0359,0.1573,19.8991,5.2678,0.2198,0.0001,1.0000,0.0000,0.0000
5,hasta_001,1780004593.578,2026-05-29 00:43:13,1578,NORMAL,67.6,74.0203,73.5188,0.6798,20.0313,0.1870,72.6566,71.7748,3.1765,20.0383,0.1552,19.8991,5.2678,0.2193,0.0001,1.0000,0.0000,0.0000
5,hasta_001,1780004593.622,2026-05-29 00:43:13,1579,NORMAL,67.6,74.2036,73.6705,0.7211,20.0266,0.2226,72.6571,71.8127,3.1239,20.0404,0.1531,19.8991,5.2678,0.2190,0.0001,1.0000,0.0000,0.0000
5,hasta_001,1780004593.663,2026-05-29 00:43:13,1580,NORMAL,67.6,74.4125,73.8831,0.7140,20.0231,0.2466,72.6579,71.8526,3.0693,20.0422,0.1517,19.8991,5.2678,0.2187,0.0001,1.0000,0.0000,0.0000
5,hasta_001,1780004593.716,2026-05-29 00:43:13,1581,NORMAL,67.6,74.6707,74.1380,0.7159,20.0210,0.2808,72.6595,71.8940,3.0137,20.0434,0.1510,19.8991,5.2678,0.2182,0.0001,1.0000,0.0000,0.0000
5,hasta_001,1780004593.774,2026-05-29 00:43:13,1582,NORMAL,67.6,74.8615,74.3673,0.6622,20.0211,0.2952,72.6613,71.9368,2.9564,20.0442,0.1506,19.8991,5.2678,0.2173,0.0001,1.0000,0.0000,0.0000
5,hasta_001,1780004593.826,2026-05-29 00:43:13,1583,NORMAL,67.6,75.0261,74.5265,0.6682,20.0286,0.3198,72.6618,71.9801,2.8970,20.0443,0.1506,19.8991,5.2678,0.2163,0.0001,1.0000,0.0000,0.0000
5,hasta_001,1780004593.900,2026-05-29 00:43:13,1584,NORMAL,67.6,75.1881,74.7485,0.5864,20.0382,0.3333,72.6614,72.0237,2.8360,20.0437,0.1505,19.8991,5.2678,0.2149,0.0001,1.0000,0.0000,0.0000
5,hasta_001,1780004593.959,2026-05-29 00:43:13,1585,NORMAL,73.6,75.2973,74.9803,0.4218,20.0413,0.3311,72.6602,72.0669,2.7746,20.0424,0.1498,19.8991,5.2678,0.2132,0.0000,0.0000,0.0000,0.0000
5,hasta_001,1780004594.009,2026-05-29 00:43:14,1586,NORMAL,73.6,75.3770,75.1433,0.3105,20.0528,0.3240,72.6577,72.1089,2.7136,20.0407,0.1484,19.8991,5.2678,0.2113,0.0000,0.0000,0.0000,0.0000
5,hasta_001,1780004594.054,2026-05-29 00:43:14,1587,NORMAL,73.6,75.5314,75.3233,0.2758,20.0606,0.3176,72.6552,72.1497,2.6542,20.0386,0.1464,19.8991,5.2678,0.2093,0.0000,0.0000,0.0000,0.0000
5,hasta_001,1780004594.100,2026-05-29 00:43:14,1588,NORMAL,73.6,75.7253,75.5487,0.2335,20.0686,0.3012,72.6530,72.1896,2.5968,20.0364,0.1438,19.8991,5.2678,0.2072,0.0000,0.0000,0.0000,0.0000
5,hasta_001,1780004594.150,2026-05-29 00:43:14,1589,NORMAL,73.6,75.8552,75.7829,0.0954,20.0742,0.2874,72.6509,72.2280,2.5419,20.0340,0.1407,19.8991,5.2678,0.2052,0.0000,0.0000,0.0000,0.0000
5,hasta_001,1780004594.199,2026-05-29 00:43:14,1590,NORMAL,73.6,76.0590,76.0489,0.0132,20.0936,0.2651,72.6494,72.2656,2.4889,20.0315,0.1371,19.8991,5.2678,0.2033,0.0000,0.0000,0.0000,0.0000
5,hasta_001,1780004594.240,2026-05-29 00:43:14,1591,NORMAL,73.6,76.2450,76.2334,0.0151,20.1038,0.2442,72.6482,72.3015,2.4388,20.0291,0.1333,19.8991,5.2678,0.2015,0.0000,0.0000,0.0000,0.0000
5,hasta_001,1780004594.285,2026-05-29 00:43:14,1592,NORMAL,73.6,76.5253,76.4149,0.1443,20.1162,0.2176,72.6489,72.3376,2.3912,20.0268,0.1292,19.8991,5.2678,0.1996,0.0000,0.0000,0.0000,0.0000
5,hasta_001,1780004594.335,2026-05-29 00:43:14,1593,NORMAL,73.6,76.8488,76.5803,0.3501,20.1283,0.1791,72.6517,72.3739,2.3461,20.0245,0.1249,19.8991,5.2678,0.1976,0.0000,0.0000,0.0000,0.0000
5,hasta_001,1780004594.380,2026-05-29 00:43:14,1594,NORMAL,73.6,77.0420,76.7388,0.3943,20.1355,0.1498,72.6561,72.4102,2.3031,20.0223,0.1205,19.8991,5.2678,0.1956,0.0000,0.0000,0.0000,0.0000
5,hasta_001,1780004594.457,2026-05-29 00:43:14,1595,NORMAL,73.6,77.2954,76.9042,0.5074,20.1566,0.1034,72.6625,72.4460,2.2634,20.0202,0.1159,19.8991,5.2678,0.1935,0.0000,0.0000,0.0000,0.0000
5,hasta_001,1780004594.503,2026-05-29 00:43:14,1596,NORMAL,73.6,77.4279,77.0212,0.5266,20.1699,0.0938,72.6699,72.4806,2.2269,20.0182,0.1110,19.8991,5.2678,0.1914,0.0000,0.0000,0.0000,0.0000
5,hasta_001,1780004594.562,2026-05-29 00:43:14,1597,NORMAL,73.6,77.6326,77.2509,0.4928,20.1977,0.0835,72.6788,72.5136,2.1946,20.0164,0.1062,19.8991,5.2678,0.1896,0.0000,0.0000,0.0000,0.0000
5,hasta_001,1780004594.624,2026-05-29 00:43:14,1598,NORMAL,73.6,77.7407,77.3366,0.5211,20.2284,0.0737,72.6884,72.5435,2.1674,20.0148,0.1016,19.8991,5.2678,0.1881,0.0000,0.0000,0.0000,0.0000
5,hasta_001,1780004594.677,2026-05-29 00:43:14,1599,NORMAL,73.6,77.8439,77.3689,0.6121,20.2557,0.0581,72.6985,72.5708,2.1445,20.0135,0.0974,19.8991,5.2678,0.1867,0.0000,0.0000,0.0000,0.0000
5,hasta_001,1780004594.722,2026-05-29 00:43:14,1600,NORMAL,73.6,77.9237,77.4232,0.6443,20.2718,0.0457,72.7077,72.5945,2.1253,20.0124,0.0936,19.8991,5.2678,0.1855,0.0000,0.0000,0.0000,0.0000
5,hasta_001,1780004594.765,2026-05-29 00:43:14,1601,NORMAL,73.6,77.9962,77.4685,0.6790,20.2857,0.0478,72.7138,72.6150,2.1062,20.0116,0.0909,19.8991,5.2678,0.1844,0.0000,0.0000,0.0000,0.0000
5,hasta_001,1780004594.820,2026-05-29 00:43:14,1602,NORMAL,73.6,78.0930,77.4867,0.7794,20.2885,0.0647,72.7106,72.6362,2.0742,20.0114,0.0900,19.8991,5.2678,0.1837,0.0000,0.0000,0.0000,0.0000
5,hasta_001,1780004594.870,2026-05-29 00:43:14,1603,NORMAL,73.6,78.1831,77.5189,0.8531,20.2837,0.0805,72.7034,72.6623,2.0307,20.0114,0.0900,19.8991,5.2678,0.1833,0.0000,0.0000,0.0000,0.0000
5,hasta_001,1780004594.910,2026-05-29 00:43:14,1604,NORMAL,67.6,78.2375,77.5557,0.8753,20.2746,0.0969,72.6924,72.6968,1.9711,20.0119,0.0913,19.8991,5.2678,0.1832,0.0000,1.0000,0.0000,0.0000
5,hasta_001,1780004594.962,2026-05-29 00:43:14,1605,NORMAL,67.6,78.3201,77.6253,0.8912,20.2740,0.1159,72.6839,72.7393,1.9038,20.0129,0.0936,19.8991,5.2678,0.1832,0.0000,1.0000,0.0000,0.0000
5,hasta_001,1780004595.025,2026-05-29 00:43:15,1606,NORMAL,67.6,78.3435,77.6485,0.8911,20.2937,0.1486,72.6786,72.7868,1.8335,20.0145,0.0967,19.8991,5.2678,0.1834,0.0000,1.0000,0.0000,0.0000
5,hasta_001,1780004595.061,2026-05-29 00:43:15,1607,NORMAL,67.6,78.3636,77.6335,0.9361,20.3039,0.1769,72.6781,72.8402,1.7611,20.0164,0.1000,19.8991,5.2678,0.1835,0.0000,1.0000,0.0000,0.0000
5,hasta_001,1780004595.113,2026-05-29 00:43:15,1608,NORMAL,67.6,78.3010,77.5695,0.9385,20.3096,0.2268,72.6839,72.8986,1.6898,20.0185,0.1035,19.8991,5.2678,0.1836,0.0000,1.0000,0.0000,0.0000
5,hasta_001,1780004595.157,2026-05-29 00:43:15,1609,NORMAL,67.6,78.2343,77.4771,0.9725,20.3161,0.2748,72.6974,72.9579,1.6270,20.0208,0.1069,19.8991,5.2678,0.1835,0.0000,1.0000,0.0000,0.0000
5,hasta_001,1780004595.198,2026-05-29 00:43:15,1610,NORMAL,67.6,78.1731,77.4191,0.9692,20.3219,0.3258,72.7165,73.0165,1.5724,20.0232,0.1104,19.8991,5.2678,0.1836,0.0000,1.0000,0.0000,0.0000
5,hasta_001,1780004595.255,2026-05-29 00:43:15,1611,NORMAL,67.6,78.0826,77.3722,0.9140,20.3308,0.3965,72.7448,73.0738,1.5319,20.0257,0.1138,19.8991,5.2678,0.1836,0.0000,1.0000,0.0000,0.0000
5,hasta_001,1780004595.303,2026-05-29 00:43:15,1612,NORMAL,67.6,78.0691,77.2975,0.9933,20.3392,0.4597,72.7814,73.1307,1.5032,20.0283,0.1174,19.8991,5.2678,0.1836,0.0000,1.0000,0.0000,0.0000
5,hasta_001,1780004595.349,2026-05-29 00:43:15,1613,NORMAL,67.6,78.0607,77.1824,1.1314,20.3421,0.5140,72.8267,73.1867,1.4875,20.0309,0.1208,19.8991,5.2678,0.1837,0.0000,1.0000,0.0000,0.0000
5,hasta_001,1780004595.383,2026-05-29 00:43:15,1614,NORMAL,67.6,78.0438,76.9702,1.3853,20.3411,0.5520,72.8790,73.2409,1.4838,20.0335,0.1240,19.8991,5.2678,0.1839,0.0001,1.0000,0.0000,0.0000
5,hasta_001,1780004595.429,2026-05-29 00:43:15,1615,NORMAL,67.6,78.0352,76.7441,1.6684,20.3449,0.5933,72.9418,73.2922,1.4966,20.0363,0.1272,19.8991,5.2678,0.1843,0.0000,1.0000,0.0000,0.0000
5,hasta_001,1780004595.480,2026-05-29 00:43:15,1616,NORMAL,67.6,78.0927,76.5764,1.9607,20.3528,0.6276,73.0127,73.3408,1.4993,20.0392,0.1304,19.8991,5.2678,0.1848,0.0000,1.0000,0.0000,0.0000
5,hasta_001,1780004595.519,2026-05-29 00:43:15,1617,NORMAL,67.6,78.1504,76.4897,2.1477,20.3623,0.6524,73.0884,73.3875,1.4955,20.0423,0.1336,19.8991,5.2678,0.1855,0.0000,1.0000,0.0000,0.0000
5,hasta_001,1780004595.551,2026-05-29 00:43:15,1618,NORMAL,67.6,78.2124,76.4383,2.2943,20.3771,0.6909,73.1690,73.4317,1.4837,20.0456,0.1368,19.8991,5.2678,0.1864,0.0001,1.0000,0.0000,0.0000
5,hasta_001,1780004595.581,2026-05-29 00:43:15,1619,NORMAL,67.6,78.2626,76.4292,2.3703,20.3952,0.7330,73.2529,73.4739,1.4655,20.0492,0.1403,19.8991,5.2678,0.1879,0.0001,1.0000,0.0000,0.0000
5,hasta_001,1780004595.638,2026-05-29 00:43:15,1620,NORMAL,67.6,78.3766,76.2866,2.7027,20.4179,0.8249,73.3413,73.5137,1.4432,20.0531,0.1440,19.8991,5.2678,0.1903,0.0001,1.0000,0.0000,0.0000
5,hasta_001,1780004595.703,2026-05-29 00:43:15,1621,NORMAL,67.6,78.4803,76.0827,3.1024,20.4382,1.0069,73.4334,73.5516,1.4199,20.0572,0.1478,19.8991,5.2678,0.1948,0.0001,1.0000,0.0000,0.0000
5,hasta_001,1780004595.737,2026-05-29 00:43:15,1622,NORMAL,67.6,78.5291,76.0320,3.2313,20.4558,1.1426,73.5270,73.5887,1.3954,20.0616,0.1517,19.8991,5.2678,0.2009,0.0001,1.0000,0.0000,0.0000
5,hasta_001,1780004595.768,2026-05-29 00:43:15,1623,NORMAL,67.1,78.5935,75.9651,3.4011,20.4608,1.2727,73.6211,73.6248,1.3717,20.0661,0.1554,19.8991,5.2678,0.2085,0.0001,1.0000,0.0000,0.0000
5,hasta_001,1780004595.800,2026-05-29 00:43:15,1624,NORMAL,66.6,78.6626,75.8953,3.5809,20.4464,1.4503,73.7156,73.6608,1.3506,20.0706,0.1585,19.8991,5.2678,0.2180,0.0001,1.0000,0.0000,0.0000
5,hasta_001,1780004595.857,2026-05-29 00:43:15,1625,NORMAL,66.1,78.7805,75.5595,4.1739,20.3977,1.8327,73.8104,73.6944,1.3360,20.0749,0.1603,19.8991,5.2678,0.2315,0.0001,1.0000,0.0000,0.0000
5,hasta_001,1780004595.912,2026-05-29 00:43:15,1626,NORMAL,66.6,78.6587,74.9006,4.8946,20.2084,2.2754,73.9040,73.7227,1.3279,20.0775,0.1599,19.8991,5.2678,0.2490,0.0001,1.0000,0.0000,0.0000
5,hasta_001,1780004595.956,2026-05-29 00:43:15,1627,NORMAL,72.6,79.3847,75.0194,5.6544,19.8752,2.8546,74.0031,73.7520,1.3268,20.0774,0.1601,18.4345,5.3004,0.2716,0.0001,0.0000,0.0000,0.0000
5,hasta_001,1780004596.004,2026-05-29 00:43:16,1628,NORMAL,72.6,77.9822,73.3544,6.1158,19.6441,3.7213,74.0903,73.7678,1.3305,20.0752,0.1641,18.4345,5.3004,0.3017,0.0000,0.0000,0.0000,0.0000
5,hasta_001,1780004596.056,2026-05-29 00:43:16,1629,NORMAL,72.6,54.2955,49.4897,9.2611,19.5394,4.3030,73.9793,73.5851,1.3622,20.0722,0.1705,18.4345,5.3004,0.3368,0.0000,0.0000,0.0000,0.0000
5,hasta_001,1780004596.095,2026-05-29 00:43:16,1630,NORMAL,72.0,44.9012,47.1147,4.8112,19.3806,4.7279,73.7894,73.3835,1.3589,20.0677,0.1812,18.4345,5.3004,0.3756,0.0000,0.0000,0.0000,0.0000
5,hasta_001,1780004596.139,2026-05-29 00:43:16,1631,NORMAL,62.7,37.2408,45.3422,19.6199,19.2609,5.7668,73.5345,73.1678,1.4817,20.0622,0.1951,18.4345,5.3004,0.4232,0.0000,0.0000,0.0000,0.0000
5,hasta_001,1780004596.169,2026-05-29 00:43:16,1632,NORMAL,64.3,38.3476,44.7772,15.4699,19.1515,6.5677,73.2869,72.9482,1.5739,20.0556,0.2117,18.4345,5.3004,0.4776,0.0001,0.0000,0.0000,0.0000
5,hasta_001,1780004596.224,2026-05-29 00:43:16,1633,NORMAL,63.8,40.1455,46.2643,14.1623,18.9540,7.8137,73.0528,72.7412,1.6577,20.0473,0.2340,18.4345,5.3004,0.5424,0.0002,0.0000,0.0000,0.0000
5,hasta_001,1780004596.285,2026-05-29 00:43:16,1634,NORMAL,54.4,38.9152,49.1679,23.2795,18.9288,8.1471,72.8072,72.5584,1.8191,20.0387,0.2550,18.5247,5.3084,0.6100,0.0002,0.0000,0.0000,0.0000
5,hasta_001,1780004596.329,2026-05-29 00:43:16,1635,NORMAL,54.4,40.7872,51.3851,22.9960,19.2002,7.3140,72.5758,72.3947,1.9811,20.0325,0.2661,18.5247,5.3084,0.6707,0.0003,0.0000,0.0000,0.0000
5,hasta_001,1780004596.376,2026-05-29 00:43:16,1636,NORMAL,60.4,43.9557,54.9232,22.1836,19.8995,5.8706,72.3696,72.2614,2.1396,20.0320,0.2662,18.5247,5.3084,0.7193,0.0003,0.0000,0.0000,0.0000
5,hasta_001,1780004596.425,2026-05-29 00:43:16,1637,NORMAL,61.5,43.9383,55.1298,22.5936,20.7001,4.6732,72.1616,72.1306,2.3050,20.0382,0.2730,18.5247,5.3084,0.7578,0.0004,0.0000,0.0000,0.0000
